{
  "as_of": "2026-06-30",
  "n_records": 2243,
  "logit": {
    "n": 2169,
    "ll": -112.63556421950182,
    "mcfadden": 0.20040399033715606,
    "n_support": 26,
    "n_oppose": 2143,
    "by_var": {
      "const": {
        "coef": -8.661861079927906,
        "se": 0.9603283869472701,
        "p": 1.8862815605589368e-19,
        "separated": false
      },
      "ent_Accountant_CPA": {
        "coef": 0.6246913186153151,
        "se": 1.1457108077059128,
        "p": 0.5855860885525286,
        "separated": false
      },
      "ent_Issuer_Corporate_\u2014_current": {
        "coef": 2.1623327346519106,
        "se": 0.9597298185010786,
        "p": 0.024255111904720728,
        "separated": false
      },
      "ent_Issuer_Corporate_\u2014_former": {
        "coef": -19.504724907236962,
        "se": 50951.050170939845,
        "p": 0.9996945594166582,
        "separated": true
      },
      "ent_Investment_professional": {
        "coef": -0.1343267921368813,
        "se": 1.1278443017229824,
        "p": 0.9051957543743837,
        "separated": false
      },
      "ent_Academic_researcher": {
        "coef": 0.08850745715818706,
        "se": 1.166329535815144,
        "p": 0.9395102221342091,
        "separated": false
      },
      "ent_Industry_practitioner_technologist": {
        "coef": 0.3635109796267383,
        "se": 1.0942885014096275,
        "p": 0.7397462894630458,
        "separated": false
      },
      "ent_Legal_practitioner": {
        "coef": 1.1943769632019314,
        "se": 1.3459002524364403,
        "p": 0.37485355494945805,
        "separated": false
      },
      "ent_Trade_association_advocacy_organization": {
        "coef": 1.3313756078483392,
        "se": 1.1181604655836181,
        "p": 0.23377772039671363,
        "separated": false
      },
      "ent_Student": {
        "coef": 2.3634473985265836,
        "se": 1.130916218505008,
        "p": 0.03663110626939834,
        "separated": false
      },
      "log_words": {
        "coef": 0.9021983719771224,
        "se": 0.2044134701907701,
        "p": 1.016678393818511e-05,
        "separated": false
      }
    }
  },
  "lpm": {
    "n": 2169,
    "r2": 0.06943536827076668,
    "adj_r2": 0.06512320593652565,
    "cov_type": "HC1",
    "by_var": {
      "const": {
        "coef": -0.05133142746016086,
        "se": 0.017871048939024182,
        "p": 0.00407466078934798,
        "separated": false
      },
      "ent_Accountant_CPA": {
        "coef": 0.017362009743710754,
        "se": 0.03412929938162024,
        "p": 0.610953584081368,
        "separated": false
      },
      "ent_Issuer_Corporate_\u2014_current": {
        "coef": 0.12255207208534367,
        "se": 0.09113875444134373,
        "p": 0.17872997229526788,
        "separated": false
      },
      "ent_Issuer_Corporate_\u2014_former": {
        "coef": -0.013813137097886544,
        "se": 0.004080387301422696,
        "p": 0.0007111307454044715,
        "separated": true
      },
      "ent_Investment_professional": {
        "coef": 0.0003048642570880871,
        "se": 0.022672967746319876,
        "p": 0.9892718431481765,
        "separated": false
      },
      "ent_Academic_researcher": {
        "coef": 0.1222869131002885,
        "se": 0.11097888607528632,
        "p": 0.27050797518118397,
        "separated": false
      },
      "ent_Industry_practitioner_technologist": {
        "coef": 0.007295772907574282,
        "se": 0.027501867365091612,
        "p": 0.7907915988102563,
        "separated": false
      },
      "ent_Legal_practitioner": {
        "coef": 0.0828066818921695,
        "se": 0.09696172943555387,
        "p": 0.39309718953550044,
        "separated": false
      },
      "ent_Trade_association_advocacy_organization": {
        "coef": 0.27523009671425763,
        "se": 0.19112832021813314,
        "p": 0.14985953074695496,
        "separated": false
      },
      "ent_Student": {
        "coef": 0.10628893303463821,
        "se": 0.12016373459494106,
        "p": 0.3764079081999353,
        "separated": false
      },
      "log_words": {
        "coef": 0.015177761480605234,
        "se": 0.004779571228235364,
        "p": 0.0014955338604733723,
        "separated": false
      }
    }
  },
  "ordinal": {
    "n": 2213,
    "ll": -287.8009067488537,
    "mcfadden": 0.19341361438301918,
    "n_oppose": 2143,
    "n_conditional": 44,
    "n_support": 26,
    "cutpoints": [
      7.587651968863886,
      8.76727264089464
    ],
    "by_var": {
      "ent_Accountant_CPA": {
        "coef": 1.2759561790739053,
        "se": 0.5742804888033831,
        "p": 0.026294495038570898,
        "separated": false
      },
      "ent_Issuer_Corporate_\u2014_current": {
        "coef": 2.3561295558659405,
        "se": 0.5217538829862537,
        "p": 6.308195913921362e-06,
        "separated": false
      },
      "ent_Issuer_Corporate_\u2014_former": {
        "coef": 2.127845246710211,
        "se": 0.6709963438806376,
        "p": 0.0015182488368742316,
        "separated": false
      },
      "ent_Investment_professional": {
        "coef": -0.18253227223273058,
        "se": 0.786386455585911,
        "p": 0.8164485168236378,
        "separated": false
      },
      "ent_Academic_researcher": {
        "coef": 0.5261979012847978,
        "se": 0.7138729545875386,
        "p": 0.4610597108102581,
        "separated": false
      },
      "ent_Industry_practitioner_technologist": {
        "coef": 0.3090032413294099,
        "se": 0.6994564210845666,
        "p": 0.6586511196099274,
        "separated": false
      },
      "ent_Legal_practitioner": {
        "coef": 0.6916533121359788,
        "se": 1.161167885747313,
        "p": 0.5514069602584476,
        "separated": false
      },
      "ent_Trade_association_advocacy_organization": {
        "coef": 0.8765438047208,
        "se": 1.0001164189482468,
        "p": 0.3807899189707953,
        "separated": false
      },
      "ent_Student": {
        "coef": 1.473457492826464,
        "se": 1.1115390796778073,
        "p": 0.1849718419716575,
        "separated": false
      },
      "log_words": {
        "coef": 0.8736401481268697,
        "se": 0.12413282939364079,
        "p": 1.9509428362895316e-12,
        "separated": false
      },
      "0/1": {
        "coef": 7.587651968863886,
        "se": 0.5831128275063948,
        "p": 1.0412898460466098e-38,
        "separated": false
      },
      "1/2": {
        "coef": 0.16519292241610686,
        "se": 0.15140043145586,
        "p": 0.2752291395816313,
        "separated": false
      }
    }
  },
  "po_lr_test": {
    "lr": 14.527666013481621,
    "df": 10,
    "p": 0.1502545305718549,
    "ordinal_ll": -287.8009067488537,
    "multinomial_ll": -280.5370737421129
  },
  "var_order": [
    "const",
    "ent_Accountant_CPA",
    "ent_Issuer_Corporate_\u2014_current",
    "ent_Issuer_Corporate_\u2014_former",
    "ent_Investment_professional",
    "ent_Academic_researcher",
    "ent_Industry_practitioner_technologist",
    "ent_Legal_practitioner",
    "ent_Trade_association_advocacy_organization",
    "ent_Student",
    "log_words"
  ],
  "labels": {
    "const": "Constant",
    "log_words": "log(words+1)",
    "ent_Accountant_CPA": "Accountant CPA",
    "ent_Issuer_Corporate_\u2014_current": "Issuer-current",
    "ent_Issuer_Corporate_\u2014_former": "Issuer-former",
    "ent_Investment_professional": "Investment prof.",
    "ent_Academic_researcher": "Academic",
    "ent_Industry_practitioner_technologist": "Industry pract.",
    "ent_Legal_practitioner": "Legal pract.",
    "ent_Trade_association_advocacy_organization": "Trade assoc.",
    "ent_Student": "Student"
  }
}