{
  "as_of": "2026-06-10",
  "n_records": 883,
  "logit": {
    "n": 803,
    "ll": -47.89663892057471,
    "mcfadden": 0.23182568216420685,
    "n_support": 12,
    "n_oppose": 791,
    "by_var": {
      "const": {
        "coef": -7.2986225674930765,
        "se": NaN,
        "p": NaN,
        "separated": false
      },
      "ent_Accountant_CPA": {
        "coef": 1.6228451695175967,
        "se": NaN,
        "p": NaN,
        "separated": false
      },
      "ent_Issuer_Corporate_\u2014_current": {
        "coef": 2.4119599514526624,
        "se": NaN,
        "p": NaN,
        "separated": false
      },
      "ent_Issuer_Corporate_\u2014_former": {
        "coef": -5.994749011727815,
        "se": NaN,
        "p": NaN,
        "separated": true
      },
      "ent_Investment_professional": {
        "coef": -12.144238583281155,
        "se": NaN,
        "p": NaN,
        "separated": true
      },
      "ent_Academic_researcher": {
        "coef": 1.849653295370715,
        "se": NaN,
        "p": NaN,
        "separated": false
      },
      "ent_Industry_practitioner_technologist": {
        "coef": -14.273909237880785,
        "se": NaN,
        "p": NaN,
        "separated": true
      },
      "ent_Legal_practitioner": {
        "coef": 50.92938234678208,
        "se": NaN,
        "p": NaN,
        "separated": true
      },
      "ent_Trade_association_advocacy_organization": {
        "coef": 0.0,
        "se": NaN,
        "p": NaN,
        "separated": false
      },
      "ent_Student": {
        "coef": 3.485674696934696,
        "se": NaN,
        "p": NaN,
        "separated": false
      },
      "log_words": {
        "coef": 0.6388914880914642,
        "se": NaN,
        "p": NaN,
        "separated": false
      }
    }
  },
  "lpm": {
    "n": 803,
    "r2": 0.14902886345682154,
    "adj_r2": 0.13937093126402367,
    "cov_type": "HC1",
    "by_var": {
      "const": {
        "coef": -0.02543590648381913,
        "se": 0.020379338786442647,
        "p": 0.21198628574852696,
        "separated": false
      },
      "ent_Accountant_CPA": {
        "coef": 0.0483456793014573,
        "se": 0.060744430470032224,
        "p": 0.4260979402808237,
        "separated": false
      },
      "ent_Issuer_Corporate_\u2014_current": {
        "coef": 0.14757740603948047,
        "se": 0.1567411490821873,
        "p": 0.34643034282472096,
        "separated": false
      },
      "ent_Issuer_Corporate_\u2014_former": {
        "coef": -0.014168813103383538,
        "se": 0.005817821650496926,
        "p": 0.014874697782052597,
        "separated": true
      },
      "ent_Investment_professional": {
        "coef": -0.01500637116469515,
        "se": 0.0065793371435936545,
        "p": 0.02255831383016524,
        "separated": true
      },
      "ent_Academic_researcher": {
        "coef": 0.21610643281466008,
        "se": 0.20786039767603648,
        "p": 0.29849276638550903,
        "separated": false
      },
      "ent_Industry_practitioner_technologist": {
        "coef": -0.01583153071030581,
        "se": 0.007019484187656559,
        "p": 0.024110144027865193,
        "separated": true
      },
      "ent_Legal_practitioner": {
        "coef": 0.9922658920172935,
        "se": 0.0031009327157423797,
        "p": 0.0,
        "separated": true
      },
      "ent_Trade_association_advocacy_organization": {
        "coef": -2.07249744322187e-17,
        "se": 7.850629394607941e-17,
        "p": 0.7917866634987001,
        "separated": false
      },
      "ent_Student": {
        "coef": 0.31558334422892587,
        "se": 0.27949448437104984,
        "p": 0.25884641252527507,
        "separated": false
      },
      "log_words": {
        "coef": 0.009054034753738878,
        "se": 0.005741593121968361,
        "p": 0.11481386471700211,
        "separated": false
      }
    }
  },
  "ordinal": {
    "n": 828,
    "ll": -128.75839598496762,
    "mcfadden": 0.26201714220302896,
    "n_oppose": 791,
    "n_conditional": 25,
    "n_support": 12,
    "cutpoints": [
      7.06327975735973,
      8.548376033800938
    ],
    "by_var": {
      "ent_Accountant_CPA": {
        "coef": 1.797046677488258,
        "se": NaN,
        "p": NaN,
        "separated": false
      },
      "ent_Issuer_Corporate_\u2014_current": {
        "coef": 2.7258507106868812,
        "se": NaN,
        "p": NaN,
        "separated": false
      },
      "ent_Issuer_Corporate_\u2014_former": {
        "coef": 2.1616680607736525,
        "se": NaN,
        "p": NaN,
        "separated": false
      },
      "ent_Investment_professional": {
        "coef": -13.884830158180883,
        "se": NaN,
        "p": NaN,
        "separated": true
      },
      "ent_Academic_researcher": {
        "coef": 2.176728017122094,
        "se": NaN,
        "p": NaN,
        "separated": false
      },
      "ent_Industry_practitioner_technologist": {
        "coef": -0.37250227856892637,
        "se": NaN,
        "p": NaN,
        "separated": false
      },
      "ent_Legal_practitioner": {
        "coef": 48.33455623534933,
        "se": NaN,
        "p": NaN,
        "separated": true
      },
      "ent_Trade_association_advocacy_organization": {
        "coef": 0.0,
        "se": NaN,
        "p": NaN,
        "separated": false
      },
      "ent_Student": {
        "coef": 2.7091982080937056,
        "se": NaN,
        "p": NaN,
        "separated": false
      },
      "log_words": {
        "coef": 0.7894262800435131,
        "se": NaN,
        "p": NaN,
        "separated": false
      },
      "0/1": {
        "coef": 7.06327975735973,
        "se": NaN,
        "p": NaN,
        "separated": false
      },
      "1/2": {
        "coef": 0.3954796027734622,
        "se": NaN,
        "p": NaN,
        "separated": false
      }
    }
  },
  "po_lr_test": {
    "lr": 12.665168472141346,
    "df": 10,
    "p": 0.2429996865656494,
    "ordinal_ll": -128.75839598496762,
    "multinomial_ll": -122.42581174889695
  },
  "var_order": [
    "const",
    "ent_Accountant_CPA",
    "ent_Issuer_Corporate_\u2014_current",
    "ent_Issuer_Corporate_\u2014_former",
    "ent_Investment_professional",
    "ent_Academic_researcher",
    "ent_Industry_practitioner_technologist",
    "ent_Legal_practitioner",
    "ent_Trade_association_advocacy_organization",
    "ent_Student",
    "log_words"
  ],
  "labels": {
    "const": "Constant",
    "log_words": "log(words+1)",
    "ent_Accountant_CPA": "Accountant CPA",
    "ent_Issuer_Corporate_\u2014_current": "Issuer-current",
    "ent_Issuer_Corporate_\u2014_former": "Issuer-former",
    "ent_Investment_professional": "Investment prof.",
    "ent_Academic_researcher": "Academic",
    "ent_Industry_practitioner_technologist": "Industry pract.",
    "ent_Legal_practitioner": "Legal pract.",
    "ent_Trade_association_advocacy_organization": "Trade assoc.",
    "ent_Student": "Student"
  }
}