{
  "as_of": "2026-06-04",
  "n_records": 657,
  "logit": {
    "n": 618,
    "ll": -49.93026731462109,
    "mcfadden": 0.15632274237164212,
    "n_support": 12,
    "n_oppose": 606,
    "by_var": {
      "const": {
        "coef": -6.216479366890684,
        "se": 1.2908744486447927,
        "p": 1.4667606285597981e-06,
        "separated": false
      },
      "ent_Accountant_CPA": {
        "coef": 1.7580122005726462,
        "se": 1.1157300831145194,
        "p": 0.11510398668567688,
        "separated": false
      },
      "ent_Issuer_Corporate_\u2014_current": {
        "coef": 2.453243158119563,
        "se": 1.2356074554090797,
        "p": 0.047093857793348244,
        "separated": false
      },
      "ent_Issuer_Corporate_\u2014_former": {
        "coef": -9.375650168063677,
        "se": 366.33840761311626,
        "p": 0.9795820754630519,
        "separated": true
      },
      "ent_Investment_professional": {
        "coef": -13.512108651465589,
        "se": 1609.9756823027963,
        "p": 0.9933036402785409,
        "separated": true
      },
      "ent_Academic_researcher": {
        "coef": 2.3266513897351966,
        "se": 1.5630190954498502,
        "p": 0.13660265012816802,
        "separated": false
      },
      "ent_Industry_practitioner_technologist": {
        "coef": 1.1842365094468474,
        "se": 1.1405857393338301,
        "p": 0.2991441453692719,
        "separated": false
      },
      "ent_Student": {
        "coef": 3.3224285063984857,
        "se": 1.3175577053473695,
        "p": 0.01168035654794567,
        "separated": false
      },
      "log_words": {
        "coef": 0.4549136914347799,
        "se": 0.2854537094566373,
        "p": 0.11101414482029075,
        "separated": false
      }
    }
  },
  "lpm": {
    "n": 618,
    "r2": 0.07710812608552042,
    "adj_r2": 0.06498475171554374,
    "cov_type": "HC1",
    "by_var": {
      "const": {
        "coef": -0.021452532323037635,
        "se": 0.02390827431738111,
        "p": 0.3695669387769013,
        "separated": false
      },
      "ent_Accountant_CPA": {
        "coef": 0.061490359007990894,
        "se": 0.07406761467724186,
        "p": 0.4064301014369587,
        "separated": false
      },
      "ent_Issuer_Corporate_\u2014_current": {
        "coef": 0.17669273392454204,
        "se": 0.1851757232039615,
        "p": 0.33998771992353805,
        "separated": false
      },
      "ent_Issuer_Corporate_\u2014_former": {
        "coef": -0.01723890993805784,
        "se": 0.007432058779566385,
        "p": 0.020366122321159957,
        "separated": true
      },
      "ent_Investment_professional": {
        "coef": -0.017907918229062784,
        "se": 0.008137445344751682,
        "p": 0.027758642057305778,
        "separated": true
      },
      "ent_Academic_researcher": {
        "coef": 0.2937480425010365,
        "se": 0.26437657064524966,
        "p": 0.26652655350096754,
        "separated": false
      },
      "ent_Industry_practitioner_technologist": {
        "coef": 0.03907907563568788,
        "se": 0.05990138023250854,
        "p": 0.5141494609983286,
        "separated": false
      },
      "ent_Student": {
        "coef": 0.3125958286339804,
        "se": 0.2798758083529364,
        "p": 0.2640332064462332,
        "separated": false
      },
      "log_words": {
        "coef": 0.008845250428624222,
        "se": 0.006834626746282579,
        "p": 0.19560258713349066,
        "separated": false
      }
    }
  },
  "ordinal": {
    "n": 643,
    "ll": -127.36294622308841,
    "mcfadden": 0.2274994513805143,
    "n_oppose": 606,
    "n_conditional": 25,
    "n_support": 12,
    "cutpoints": [
      6.225103056000847,
      7.650028024889918
    ],
    "by_var": {
      "ent_Accountant_CPA": {
        "coef": 1.911705885386945,
        "se": 0.7026555736812774,
        "p": 0.006514641315114879,
        "separated": false
      },
      "ent_Issuer_Corporate_\u2014_current": {
        "coef": 2.662083001539231,
        "se": 0.6535483563679474,
        "p": 4.635638428991253e-05,
        "separated": false
      },
      "ent_Issuer_Corporate_\u2014_former": {
        "coef": 1.9107461822476286,
        "se": 0.8423554115498858,
        "p": 0.023308657417595982,
        "separated": false
      },
      "ent_Investment_professional": {
        "coef": -7.86180648565059,
        "se": 56.75647925724967,
        "p": 0.8898308708655613,
        "separated": true
      },
      "ent_Academic_researcher": {
        "coef": 2.3731419874574806,
        "se": 0.8578405816758542,
        "p": 0.005667657374121458,
        "separated": false
      },
      "ent_Industry_practitioner_technologist": {
        "coef": 0.5250546161563191,
        "se": 0.8551805849616378,
        "p": 0.5392356211830251,
        "separated": false
      },
      "ent_Student": {
        "coef": 2.508294959027473,
        "se": 1.3853266287716857,
        "p": 0.0702002690271021,
        "separated": false
      },
      "log_words": {
        "coef": 0.664923558408574,
        "se": 0.1693688344068959,
        "p": 8.64093325558124e-05,
        "separated": false
      },
      "0/1": {
        "coef": 6.225103056000847,
        "se": 0.814201218011833,
        "p": 2.0788150108661905e-14,
        "separated": false
      },
      "1/2": {
        "coef": 0.35411915892319623,
        "se": 0.2001269817892176,
        "p": 0.07681508261457898,
        "separated": false
      }
    }
  },
  "po_lr_test": {
    "lr": 14.139281651186934,
    "df": 8,
    "p": 0.07820655079979044,
    "ordinal_ll": -127.36294622308841,
    "multinomial_ll": -120.29330539749495
  },
  "var_order": [
    "const",
    "ent_Accountant_CPA",
    "ent_Issuer_Corporate_\u2014_current",
    "ent_Issuer_Corporate_\u2014_former",
    "ent_Investment_professional",
    "ent_Academic_researcher",
    "ent_Industry_practitioner_technologist",
    "ent_Student",
    "log_words"
  ],
  "labels": {
    "const": "Constant",
    "log_words": "log(words+1)",
    "ent_Accountant_CPA": "Accountant CPA",
    "ent_Issuer_Corporate_\u2014_current": "Issuer-current",
    "ent_Issuer_Corporate_\u2014_former": "Issuer-former",
    "ent_Investment_professional": "Investment prof.",
    "ent_Academic_researcher": "Academic",
    "ent_Industry_practitioner_technologist": "Industry pract.",
    "ent_Student": "Student"
  }
}