{
  "as_of": "2026-06-03",
  "n_records": 533,
  "logit": {
    "n": 497,
    "ll": -38.91581744959254,
    "mcfadden": 0.20513072244368358,
    "n_support": 10,
    "n_oppose": 487,
    "by_var": {
      "const": {
        "coef": -7.399881815110541,
        "se": 1.5601721429885194,
        "p": 2.105860406113775e-06,
        "separated": false
      },
      "ent_Accountant_CPA": {
        "coef": 1.6752061615014824,
        "se": 1.1386606009989753,
        "p": 0.14123497500707893,
        "separated": false
      },
      "ent_Issuer_Corporate_\u2014_current": {
        "coef": 2.1566693477188412,
        "se": 1.2572121915996661,
        "p": 0.08626498546803613,
        "separated": false
      },
      "ent_Issuer_Corporate_\u2014_former": {
        "coef": -24.391951246163977,
        "se": 741530.0014171897,
        "p": 0.9999737543170655,
        "separated": true
      },
      "ent_Investment_professional": {
        "coef": -24.29208929804795,
        "se": 348182.4082362686,
        "p": 0.9999443329630494,
        "separated": true
      },
      "ent_Academic_researcher": {
        "coef": 1.542277711770725,
        "se": 1.663324529010149,
        "p": 0.3538092180188166,
        "separated": false
      },
      "ent_Industry_practitioner_technologist": {
        "coef": -50.84241111368321,
        "se": 168116241200.21912,
        "p": 0.9999999997587005,
        "separated": true
      },
      "ent_Student": {
        "coef": 3.1404615898747394,
        "se": 1.355096465157491,
        "p": 0.020475485500818267,
        "separated": false
      },
      "log_words": {
        "coef": 0.7285184984486446,
        "se": 0.3216702901119882,
        "p": 0.023525026935693222,
        "separated": false
      }
    }
  },
  "lpm": {
    "n": 497,
    "r2": 0.09420729840782005,
    "adj_r2": 0.07935823772598105,
    "cov_type": "HC1",
    "by_var": {
      "const": {
        "coef": -0.03858482146793375,
        "se": 0.024779620454019307,
        "p": 0.11944219987470753,
        "separated": false
      },
      "ent_Accountant_CPA": {
        "coef": 0.05946447661224916,
        "se": 0.07410552839420012,
        "p": 0.4223044410576603,
        "separated": false
      },
      "ent_Issuer_Corporate_\u2014_current": {
        "coef": 0.17057681707091932,
        "se": 0.18732196928084865,
        "p": 0.3625021416005655,
        "separated": false
      },
      "ent_Issuer_Corporate_\u2014_former": {
        "coef": -0.019425649755965356,
        "se": 0.008214349501505064,
        "p": 0.018037698920782934,
        "separated": true
      },
      "ent_Investment_professional": {
        "coef": -0.02158284010589599,
        "se": 0.009960703137102194,
        "p": 0.03025019515805496,
        "separated": true
      },
      "ent_Academic_researcher": {
        "coef": 0.27917733169535386,
        "se": 0.26095550047580457,
        "p": 0.284697028821134,
        "separated": false
      },
      "ent_Industry_practitioner_technologist": {
        "coef": -0.02597585762747855,
        "se": 0.012433226219827594,
        "p": 0.0366871079884359,
        "separated": true
      },
      "ent_Student": {
        "coef": 0.3078146439278757,
        "se": 0.2830035750360959,
        "p": 0.27674058914462285,
        "separated": false
      },
      "log_words": {
        "coef": 0.013439466922682835,
        "se": 0.0073678967764491165,
        "p": 0.06814338906946724,
        "separated": false
      }
    }
  },
  "ordinal": {
    "n": 522,
    "ll": -112.67048178463634,
    "mcfadden": 0.24544333301977939,
    "n_oppose": 487,
    "n_conditional": 25,
    "n_support": 10,
    "cutpoints": [
      6.537529978098907,
      8.161641588007706
    ],
    "by_var": {
      "ent_Accountant_CPA": {
        "coef": 1.7976680611751379,
        "se": 0.7131981039117167,
        "p": 0.011716385028961041,
        "separated": false
      },
      "ent_Issuer_Corporate_\u2014_current": {
        "coef": 2.493354205142291,
        "se": 0.6657338460503299,
        "p": 0.00018019857316590982,
        "separated": false
      },
      "ent_Issuer_Corporate_\u2014_former": {
        "coef": 1.9493352109520452,
        "se": 0.8644010565602899,
        "p": 0.02412528215395404,
        "separated": false
      },
      "ent_Investment_professional": {
        "coef": -11.935999166090191,
        "se": 430.7853058608986,
        "p": 0.9778954135318898,
        "separated": true
      },
      "ent_Academic_researcher": {
        "coef": 2.1079783173603257,
        "se": 0.8761510574949234,
        "p": 0.01613033715692165,
        "separated": false
      },
      "ent_Industry_practitioner_technologist": {
        "coef": -0.5173138625575073,
        "se": 1.1413487679457743,
        "p": 0.6503702881855853,
        "separated": false
      },
      "ent_Student": {
        "coef": 2.329170455254341,
        "se": 1.407097273159885,
        "p": 0.09786332192719309,
        "separated": false
      },
      "log_words": {
        "coef": 0.7614869098840721,
        "se": 0.17996609694685192,
        "p": 2.3236540922048248e-05,
        "separated": false
      },
      "0/1": {
        "coef": 6.537529978098907,
        "se": 0.8906791319911352,
        "p": 2.1369215629103927e-13,
        "separated": false
      },
      "1/2": {
        "coef": 0.4849609646913098,
        "se": 0.20108881723474814,
        "p": 0.015879409460862356,
        "separated": false
      }
    }
  },
  "po_lr_test": {
    "lr": 11.899095258587977,
    "df": 8,
    "p": 0.15576310733643084,
    "ordinal_ll": -112.67048178463634,
    "multinomial_ll": -106.72093415534235
  },
  "var_order": [
    "const",
    "ent_Accountant_CPA",
    "ent_Issuer_Corporate_\u2014_current",
    "ent_Issuer_Corporate_\u2014_former",
    "ent_Investment_professional",
    "ent_Academic_researcher",
    "ent_Industry_practitioner_technologist",
    "ent_Student",
    "log_words"
  ],
  "labels": {
    "const": "Constant",
    "log_words": "log(words+1)",
    "ent_Accountant_CPA": "Accountant CPA",
    "ent_Issuer_Corporate_\u2014_current": "Issuer-current",
    "ent_Issuer_Corporate_\u2014_former": "Issuer-former",
    "ent_Investment_professional": "Investment prof.",
    "ent_Academic_researcher": "Academic",
    "ent_Industry_practitioner_technologist": "Industry pract.",
    "ent_Student": "Student"
  }
}