{
  "as_of": "2026-07-01",
  "n_records": 2246,
  "logit": {
    "n": 2169,
    "ll": -112.63765140797678,
    "mcfadden": 0.20038917345771345,
    "n_support": 26,
    "n_oppose": 2143,
    "by_var": {
      "const": {
        "coef": -8.661633545910451,
        "se": 0.9603550932100514,
        "p": 1.8946981669151948e-19,
        "separated": false
      },
      "ent_Accountant_CPA": {
        "coef": 0.6247650722562769,
        "se": 1.1457034653079592,
        "p": 0.5855394179188538,
        "separated": false
      },
      "ent_Issuer_Corporate_\u2014_current": {
        "coef": 2.162383648317805,
        "se": 0.9597183367210973,
        "p": 0.02425006857503852,
        "separated": false
      },
      "ent_Issuer_Corporate_\u2014_former": {
        "coef": -32.72198309471689,
        "se": 37778529.96177011,
        "p": 0.9999993089099778,
        "separated": true
      },
      "ent_Investment_professional": {
        "coef": -0.13423613545542842,
        "se": 1.1278454632381683,
        "p": 0.9052595328816585,
        "separated": false
      },
      "ent_Academic_researcher": {
        "coef": 0.08829274592449834,
        "se": 1.166316135765302,
        "p": 0.939655992552139,
        "separated": false
      },
      "ent_Industry_practitioner_technologist": {
        "coef": 0.3635731728528922,
        "se": 1.0942880313633683,
        "p": 0.739703269084334,
        "separated": false
      },
      "ent_Legal_practitioner": {
        "coef": 1.194481591618718,
        "se": 1.3458817799554161,
        "p": 0.37480516319153356,
        "separated": false
      },
      "ent_Trade_association_advocacy_organization": {
        "coef": 1.3306825411835628,
        "se": 1.1182236946595283,
        "p": 0.23404767689552652,
        "separated": false
      },
      "ent_Student": {
        "coef": 2.363472189715056,
        "se": 1.1309143163624567,
        "p": 0.03662882068287512,
        "separated": false
      },
      "log_words": {
        "coef": 0.9021480576917879,
        "se": 0.20442145318298352,
        "p": 1.0186464350571551e-05,
        "separated": false
      }
    }
  },
  "lpm": {
    "n": 2169,
    "r2": 0.06943160827923345,
    "adj_r2": 0.06511942852149133,
    "cov_type": "HC1",
    "by_var": {
      "const": {
        "coef": -0.05132329406238561,
        "se": 0.017870506912337467,
        "p": 0.004079408804595032,
        "separated": false
      },
      "ent_Accountant_CPA": {
        "coef": 0.017363341611822028,
        "se": 0.03412927087995703,
        "p": 0.6109259288691774,
        "separated": false
      },
      "ent_Issuer_Corporate_\u2014_current": {
        "coef": 0.12255384426748528,
        "se": 0.0911389969867598,
        "p": 0.17872484633484031,
        "separated": false
      },
      "ent_Issuer_Corporate_\u2014_former": {
        "coef": -0.013812262591782533,
        "se": 0.00408015766125512,
        "p": 0.0007111924164777098,
        "separated": true
      },
      "ent_Investment_professional": {
        "coef": 0.0003072434781041383,
        "se": 0.02267301314236963,
        "p": 0.9891881452394192,
        "separated": false
      },
      "ent_Academic_researcher": {
        "coef": 0.12228372652611244,
        "se": 0.11098197910737151,
        "p": 0.2705338125153761,
        "separated": false
      },
      "ent_Industry_practitioner_technologist": {
        "coef": 0.007297465744871201,
        "se": 0.027501805999479573,
        "p": 0.7907437286134935,
        "separated": false
      },
      "ent_Legal_practitioner": {
        "coef": 0.08280956019041376,
        "se": 0.09696249439822005,
        "p": 0.39308447531642554,
        "separated": false
      },
      "ent_Trade_association_advocacy_organization": {
        "coef": 0.275222993520461,
        "se": 0.19113398894701408,
        "p": 0.149882128621472,
        "separated": false
      },
      "ent_Student": {
        "coef": 0.10629048480494697,
        "se": 0.1201633952217184,
        "p": 0.37639959248163934,
        "separated": false
      },
      "log_words": {
        "coef": 0.015175662766500154,
        "se": 0.004779437603466892,
        "p": 0.001497340713340507,
        "separated": false
      }
    }
  },
  "ordinal": {
    "n": 2213,
    "ll": -287.7996001682243,
    "mcfadden": 0.193417276185754,
    "n_oppose": 2143,
    "n_conditional": 44,
    "n_support": 26,
    "cutpoints": [
      7.587328200243106,
      8.766965784714266
    ],
    "by_var": {
      "ent_Accountant_CPA": {
        "coef": 1.274375228762649,
        "se": 0.5744684105618539,
        "p": 0.026530594378507372,
        "separated": false
      },
      "ent_Issuer_Corporate_\u2014_current": {
        "coef": 2.356211586728221,
        "se": 0.5217439481350905,
        "p": 6.30095909286967e-06,
        "separated": false
      },
      "ent_Issuer_Corporate_\u2014_former": {
        "coef": 2.1278589521962545,
        "se": 0.6709937710087265,
        "p": 0.0015180785295881032,
        "separated": false
      },
      "ent_Investment_professional": {
        "coef": -0.18242024698909973,
        "se": 0.7863796779421288,
        "p": 0.8165576079158363,
        "separated": false
      },
      "ent_Academic_researcher": {
        "coef": 0.5260253477432183,
        "se": 0.713857380930094,
        "p": 0.4611969284519798,
        "separated": false
      },
      "ent_Industry_practitioner_technologist": {
        "coef": 0.30911897295511026,
        "se": 0.6994424542649458,
        "p": 0.6585249944358761,
        "separated": false
      },
      "ent_Legal_practitioner": {
        "coef": 0.6918210358020084,
        "se": 1.1611332563678214,
        "p": 0.5512985775548123,
        "separated": false
      },
      "ent_Trade_association_advocacy_organization": {
        "coef": 0.8757532156595393,
        "se": 1.0001639508671147,
        "p": 0.3812422727969378,
        "separated": false
      },
      "ent_Student": {
        "coef": 1.4734988200435353,
        "se": 1.1115346504178452,
        "p": 0.18495776986015167,
        "separated": false
      },
      "log_words": {
        "coef": 0.8735686360043888,
        "se": 0.12412047183008051,
        "p": 1.9492001349761527e-12,
        "separated": false
      },
      "0/1": {
        "coef": 7.587328200243106,
        "se": 0.5830524052069902,
        "p": 1.03053541923349e-38,
        "separated": false
      },
      "1/2": {
        "coef": 0.16520725949884013,
        "se": 0.15139966362452906,
        "p": 0.2751850432115006,
        "separated": false
      }
    }
  },
  "po_lr_test": {
    "lr": 14.532467555491507,
    "df": 10,
    "p": 0.15005957930810576,
    "ordinal_ll": -287.7996001682243,
    "multinomial_ll": -280.53336639047853
  },
  "var_order": [
    "const",
    "ent_Accountant_CPA",
    "ent_Issuer_Corporate_\u2014_current",
    "ent_Issuer_Corporate_\u2014_former",
    "ent_Investment_professional",
    "ent_Academic_researcher",
    "ent_Industry_practitioner_technologist",
    "ent_Legal_practitioner",
    "ent_Trade_association_advocacy_organization",
    "ent_Student",
    "log_words"
  ],
  "labels": {
    "const": "Constant",
    "log_words": "log(words+1)",
    "ent_Accountant_CPA": "Accountant CPA",
    "ent_Issuer_Corporate_\u2014_current": "Issuer-current",
    "ent_Issuer_Corporate_\u2014_former": "Issuer-former",
    "ent_Investment_professional": "Investment prof.",
    "ent_Academic_researcher": "Academic",
    "ent_Industry_practitioner_technologist": "Industry pract.",
    "ent_Legal_practitioner": "Legal pract.",
    "ent_Trade_association_advocacy_organization": "Trade assoc.",
    "ent_Student": "Student"
  }
}