{
  "as_of": "2026-06-05",
  "n_records": 751,
  "logit": {
    "n": 709,
    "ll": -46.96386957978888,
    "mcfadden": 0.22814247600680237,
    "n_support": 12,
    "n_oppose": 697,
    "by_var": {
      "const": {
        "coef": -6.99363856814096,
        "se": NaN,
        "p": NaN,
        "separated": false
      },
      "ent_Accountant_CPA": {
        "coef": 1.5856975216026927,
        "se": NaN,
        "p": NaN,
        "separated": false
      },
      "ent_Issuer_Corporate_\u2014_current": {
        "coef": 2.4835708140276855,
        "se": NaN,
        "p": NaN,
        "separated": false
      },
      "ent_Issuer_Corporate_\u2014_former": {
        "coef": -5.72196094239305,
        "se": NaN,
        "p": NaN,
        "separated": true
      },
      "ent_Investment_professional": {
        "coef": -11.160105232268647,
        "se": NaN,
        "p": NaN,
        "separated": true
      },
      "ent_Academic_researcher": {
        "coef": 1.8501008682429625,
        "se": NaN,
        "p": NaN,
        "separated": false
      },
      "ent_Industry_practitioner_technologist": {
        "coef": -12.362828107777244,
        "se": NaN,
        "p": NaN,
        "separated": true
      },
      "ent_Legal_practitioner": {
        "coef": 44.86093791827339,
        "se": NaN,
        "p": NaN,
        "separated": true
      },
      "ent_Trade_association_advocacy_organization": {
        "coef": 0.0,
        "se": NaN,
        "p": NaN,
        "separated": false
      },
      "ent_Student": {
        "coef": 3.3974686474337594,
        "se": NaN,
        "p": NaN,
        "separated": false
      },
      "log_words": {
        "coef": 0.5954615561232662,
        "se": NaN,
        "p": NaN,
        "separated": false
      }
    }
  },
  "lpm": {
    "n": 709,
    "r2": 0.15120020456691896,
    "adj_r2": 0.14027145183602086,
    "cov_type": "HC1",
    "by_var": {
      "const": {
        "coef": -0.025009923747931543,
        "se": 0.021548790121768056,
        "p": 0.24579709221852197,
        "separated": false
      },
      "ent_Accountant_CPA": {
        "coef": 0.051146257344042705,
        "se": 0.06473097038253185,
        "p": 0.4294484618646105,
        "separated": false
      },
      "ent_Issuer_Corporate_\u2014_current": {
        "coef": 0.17818417743752163,
        "se": 0.18494900519641544,
        "p": 0.33533514754127425,
        "separated": false
      },
      "ent_Issuer_Corporate_\u2014_former": {
        "coef": -0.015467373392056923,
        "se": 0.006339537125713796,
        "p": 0.014694299924180481,
        "separated": true
      },
      "ent_Investment_professional": {
        "coef": -0.01632338466730631,
        "se": 0.007109988494739164,
        "p": 0.0216851224695485,
        "separated": true
      },
      "ent_Academic_researcher": {
        "coef": 0.21437329357111354,
        "se": 0.20775177689721647,
        "p": 0.3021319670537219,
        "separated": false
      },
      "ent_Industry_practitioner_technologist": {
        "coef": -0.01850619962823866,
        "se": 0.008505524692141423,
        "p": 0.02957128289492249,
        "separated": true
      },
      "ent_Legal_practitioner": {
        "coef": 0.9911091021869464,
        "se": 0.003537210432175612,
        "p": 0.0,
        "separated": true
      },
      "ent_Trade_association_advocacy_organization": {
        "coef": -1.763314881754108e-16,
        "se": 8.982645602549152e-17,
        "p": 0.04964338647704557,
        "separated": false
      },
      "ent_Student": {
        "coef": 0.3142058828945237,
        "se": 0.2798825772390796,
        "p": 0.26159268727179086,
        "separated": false
      },
      "log_words": {
        "coef": 0.009253514703871228,
        "se": 0.006078391228193752,
        "p": 0.12791828229575863,
        "separated": false
      }
    }
  },
  "ordinal": {
    "n": 734,
    "ll": -126.37637577351323,
    "mcfadden": 0.25619573782628335,
    "n_oppose": 697,
    "n_conditional": 25,
    "n_support": 12,
    "cutpoints": [
      6.725324731776236,
      8.215296587210931
    ],
    "by_var": {
      "ent_Accountant_CPA": {
        "coef": 1.761042823805655,
        "se": NaN,
        "p": NaN,
        "separated": false
      },
      "ent_Issuer_Corporate_\u2014_current": {
        "coef": 2.766926147015521,
        "se": NaN,
        "p": NaN,
        "separated": false
      },
      "ent_Issuer_Corporate_\u2014_former": {
        "coef": 2.0654994768623247,
        "se": NaN,
        "p": NaN,
        "separated": false
      },
      "ent_Investment_professional": {
        "coef": -9.064206733402385,
        "se": NaN,
        "p": NaN,
        "separated": true
      },
      "ent_Academic_researcher": {
        "coef": 2.18581109268841,
        "se": NaN,
        "p": NaN,
        "separated": false
      },
      "ent_Industry_practitioner_technologist": {
        "coef": -0.26204407187282835,
        "se": NaN,
        "p": NaN,
        "separated": false
      },
      "ent_Legal_practitioner": {
        "coef": 29.609741874596157,
        "se": NaN,
        "p": NaN,
        "separated": true
      },
      "ent_Trade_association_advocacy_organization": {
        "coef": 0.0,
        "se": NaN,
        "p": NaN,
        "separated": false
      },
      "ent_Student": {
        "coef": 2.6220942127297597,
        "se": NaN,
        "p": NaN,
        "separated": false
      },
      "log_words": {
        "coef": 0.7391300789189333,
        "se": NaN,
        "p": NaN,
        "separated": false
      },
      "0/1": {
        "coef": 6.725324731776236,
        "se": NaN,
        "p": NaN,
        "separated": false
      },
      "1/2": {
        "coef": 0.3987572308089654,
        "se": NaN,
        "p": NaN,
        "separated": false
      }
    }
  },
  "po_lr_test": {
    "lr": 12.568500043621356,
    "df": 10,
    "p": 0.24880754060282095,
    "ordinal_ll": -126.37637577351323,
    "multinomial_ll": -120.09212575170255
  },
  "var_order": [
    "const",
    "ent_Accountant_CPA",
    "ent_Issuer_Corporate_\u2014_current",
    "ent_Issuer_Corporate_\u2014_former",
    "ent_Investment_professional",
    "ent_Academic_researcher",
    "ent_Industry_practitioner_technologist",
    "ent_Legal_practitioner",
    "ent_Trade_association_advocacy_organization",
    "ent_Student",
    "log_words"
  ],
  "labels": {
    "const": "Constant",
    "log_words": "log(words+1)",
    "ent_Accountant_CPA": "Accountant CPA",
    "ent_Issuer_Corporate_\u2014_current": "Issuer-current",
    "ent_Issuer_Corporate_\u2014_former": "Issuer-former",
    "ent_Investment_professional": "Investment prof.",
    "ent_Academic_researcher": "Academic",
    "ent_Industry_practitioner_technologist": "Industry pract.",
    "ent_Legal_practitioner": "Legal pract.",
    "ent_Trade_association_advocacy_organization": "Trade assoc.",
    "ent_Student": "Student"
  }
}