{
  "as_of": "2026-06-02",
  "n_records": 496,
  "logit": {
    "n": 455,
    "ll": -38.417694884222186,
    "mcfadden": 0.20073732181196502,
    "n_support": 10,
    "n_oppose": 445,
    "by_var": {
      "const": {
        "coef": -7.2433308284481654,
        "se": 1.5701530928198837,
        "p": 3.96637284728014e-06,
        "separated": false
      },
      "ent_Accountant_CPA": {
        "coef": 1.5914166042876754,
        "se": 1.1379275935582027,
        "p": 0.16195641567189745,
        "separated": false
      },
      "ent_Issuer_Corporate_\u2014_current": {
        "coef": 2.0852324834770424,
        "se": 1.2554105478916386,
        "p": 0.09671415647010276,
        "separated": false
      },
      "ent_Issuer_Corporate_\u2014_former": {
        "coef": -23.197298213593854,
        "se": 390159.71134735056,
        "p": 0.9999525610524415,
        "separated": true
      },
      "ent_Investment_professional": {
        "coef": -22.162410891074067,
        "se": 115544.15964292081,
        "p": 0.9998469585531076,
        "separated": true
      },
      "ent_Academic_researcher": {
        "coef": 1.497449892685655,
        "se": 1.657858104538979,
        "p": 0.3663965681238075,
        "separated": false
      },
      "ent_Industry_practitioner_technologist": {
        "coef": -21.326596745773205,
        "se": 63370.6208374393,
        "p": 0.9997314818486571,
        "separated": true
      },
      "ent_Student": {
        "coef": 3.0615051610376365,
        "se": 1.352740041587485,
        "p": 0.023624096635792954,
        "separated": false
      },
      "log_words": {
        "coef": 0.7130694172574863,
        "se": 0.3233745949193455,
        "p": 0.027447924648539696,
        "separated": false
      }
    }
  },
  "lpm": {
    "n": 455,
    "r2": 0.09360046663467347,
    "adj_r2": 0.07734217904067653,
    "cov_type": "HC1",
    "by_var": {
      "const": {
        "coef": -0.039297123470267134,
        "se": 0.0257841918319217,
        "p": 0.12748918937298734,
        "separated": false
      },
      "ent_Accountant_CPA": {
        "coef": 0.05811553040717426,
        "se": 0.07420728403195258,
        "p": 0.4335382735244375,
        "separated": false
      },
      "ent_Issuer_Corporate_\u2014_current": {
        "coef": 0.16878781967532802,
        "se": 0.1877678285467849,
        "p": 0.36869651321023034,
        "separated": false
      },
      "ent_Issuer_Corporate_\u2014_former": {
        "coef": -0.020846943027190378,
        "se": 0.008775262215568562,
        "p": 0.01751811738507552,
        "separated": true
      },
      "ent_Investment_professional": {
        "coef": -0.02308347372788301,
        "se": 0.010565585235240238,
        "p": 0.028905019916842172,
        "separated": true
      },
      "ent_Academic_researcher": {
        "coef": 0.27647867395765896,
        "se": 0.26072639230781597,
        "p": 0.28895497482550414,
        "separated": false
      },
      "ent_Industry_practitioner_technologist": {
        "coef": -0.027638064172818076,
        "se": 0.013125152178129679,
        "p": 0.035227564183622787,
        "separated": true
      },
      "ent_Student": {
        "coef": 0.3061692517944344,
        "se": 0.28356631741794386,
        "p": 0.2802715543019425,
        "separated": false
      },
      "log_words": {
        "coef": 0.013933763598789953,
        "se": 0.00768406976249767,
        "p": 0.06978075080119049,
        "separated": false
      }
    }
  },
  "ordinal": {
    "n": 480,
    "ll": -111.33372367366586,
    "mcfadden": 0.23888182621901055,
    "n_oppose": 445,
    "n_conditional": 25,
    "n_support": 10,
    "cutpoints": [
      6.380874380351473,
      8.005515426206673
    ],
    "by_var": {
      "ent_Accountant_CPA": {
        "coef": 1.7129874712759692,
        "se": 0.712634137791745,
        "p": 0.01622829270091118,
        "separated": false
      },
      "ent_Issuer_Corporate_\u2014_current": {
        "coef": 2.424642047434203,
        "se": 0.6646328672558437,
        "p": 0.0002641947290479318,
        "separated": false
      },
      "ent_Issuer_Corporate_\u2014_former": {
        "coef": 1.867446372752718,
        "se": 0.8640173201443625,
        "p": 0.030668086590794286,
        "separated": false
      },
      "ent_Investment_professional": {
        "coef": -11.77176851430112,
        "se": 382.0988065665142,
        "p": 0.9754225174395064,
        "separated": true
      },
      "ent_Academic_researcher": {
        "coef": 2.0591131011388377,
        "se": 0.8741288347345129,
        "p": 0.0184919522685455,
        "separated": false
      },
      "ent_Industry_practitioner_technologist": {
        "coef": -0.5725588423525229,
        "se": 1.1384238441020027,
        "p": 0.6150064854064761,
        "separated": false
      },
      "ent_Student": {
        "coef": 2.2549417233001106,
        "se": 1.405220858053782,
        "p": 0.1085623783305391,
        "separated": false
      },
      "log_words": {
        "coef": 0.7458604119620061,
        "se": 0.18053288574573992,
        "p": 3.605010382134959e-05,
        "separated": false
      },
      "0/1": {
        "coef": 6.380874380351473,
        "se": 0.8947985607200818,
        "p": 9.95890563766753e-13,
        "separated": false
      },
      "1/2": {
        "coef": 0.48528689652249896,
        "se": 0.20087834760046713,
        "p": 0.015699612848244004,
        "separated": false
      }
    }
  },
  "po_lr_test": {
    "lr": 11.788368698879395,
    "df": 8,
    "p": 0.16089906365925277,
    "ordinal_ll": -111.33372367366586,
    "multinomial_ll": -105.43953932422616
  },
  "var_order": [
    "const",
    "ent_Accountant_CPA",
    "ent_Issuer_Corporate_\u2014_current",
    "ent_Issuer_Corporate_\u2014_former",
    "ent_Investment_professional",
    "ent_Academic_researcher",
    "ent_Industry_practitioner_technologist",
    "ent_Student",
    "log_words"
  ],
  "labels": {
    "const": "Constant",
    "log_words": "log(words+1)",
    "ent_Accountant_CPA": "Accountant CPA",
    "ent_Issuer_Corporate_\u2014_current": "Issuer-current",
    "ent_Issuer_Corporate_\u2014_former": "Issuer-former",
    "ent_Investment_professional": "Investment prof.",
    "ent_Academic_researcher": "Academic",
    "ent_Industry_practitioner_technologist": "Industry pract.",
    "ent_Student": "Student"
  }
}