{
  "as_of": "2026-06-15",
  "n_records": 1354,
  "logit": {
    "n": 1296,
    "ll": -74.72794190985516,
    "mcfadden": 0.13320730941998093,
    "n_support": 16,
    "n_oppose": 1280,
    "by_var": {
      "const": {
        "coef": -6.939678745717619,
        "se": 1.203716482772593,
        "p": 8.155604833394585e-09,
        "separated": false
      },
      "ent_Accountant_CPA": {
        "coef": 1.4470530439810372,
        "se": 1.0807556687578839,
        "p": 0.1805944091907079,
        "separated": false
      },
      "ent_Issuer_Corporate_\u2014_current": {
        "coef": 2.205606705452516,
        "se": 1.127197632483023,
        "p": 0.05038075678419778,
        "separated": false
      },
      "ent_Issuer_Corporate_\u2014_former": {
        "coef": -19.364873253384868,
        "se": 50245.8058672418,
        "p": 0.9996924930799378,
        "separated": true
      },
      "ent_Investment_professional": {
        "coef": -26.96213698903975,
        "se": 1324648.250192099,
        "p": 0.9999837597091717,
        "separated": true
      },
      "ent_Academic_researcher": {
        "coef": 1.7298423756340005,
        "se": 1.4808136677528643,
        "p": 0.2427381245054938,
        "separated": false
      },
      "ent_Industry_practitioner_technologist": {
        "coef": 1.101490459988989,
        "se": 1.0917325923230186,
        "p": 0.31300438625529836,
        "separated": false
      },
      "ent_Legal_practitioner": {
        "coef": 3.56997947860689,
        "se": 1.2014816056917184,
        "p": 0.0029652813984843485,
        "separated": false
      },
      "ent_Trade_association_advocacy_organization": {
        "coef": -5.245740781806959,
        "se": 108.54515587419546,
        "p": 0.9614550565227207,
        "separated": true
      },
      "ent_Student": {
        "coef": 3.0382899739490647,
        "se": 1.1936603946386892,
        "p": 0.010916655569015705,
        "separated": false
      },
      "log_words": {
        "coef": 0.5347168218819233,
        "se": 0.2708499150036413,
        "p": 0.04835694150317221,
        "separated": false
      }
    }
  },
  "lpm": {
    "n": 1296,
    "r2": 0.04843463035552997,
    "adj_r2": 0.04102945238164313,
    "cov_type": "HC1",
    "by_var": {
      "const": {
        "coef": -0.01865166692176594,
        "se": 0.015318447178588403,
        "p": 0.22337786009580962,
        "separated": false
      },
      "ent_Accountant_CPA": {
        "coef": 0.03187149465081294,
        "se": 0.04257769008996816,
        "p": 0.45412897742057445,
        "separated": false
      },
      "ent_Issuer_Corporate_\u2014_current": {
        "coef": 0.0865763742339477,
        "se": 0.09662504582325826,
        "p": 0.3702509216339578,
        "separated": false
      },
      "ent_Issuer_Corporate_\u2014_former": {
        "coef": -0.010712541797818331,
        "se": 0.003696080714397401,
        "p": 0.003751296762956872,
        "separated": true
      },
      "ent_Investment_professional": {
        "coef": -0.012697753496966249,
        "se": 0.004739121887642885,
        "p": 0.007376583688613809,
        "separated": true
      },
      "ent_Academic_researcher": {
        "coef": 0.1704769634722801,
        "se": 0.17306740046419447,
        "p": 0.32460825104109525,
        "separated": false
      },
      "ent_Industry_practitioner_technologist": {
        "coef": 0.02289359175822558,
        "se": 0.035562149555254025,
        "p": 0.5197292089581871,
        "separated": false
      },
      "ent_Legal_practitioner": {
        "coef": 0.238888172841858,
        "se": 0.21875417282129225,
        "p": 0.2748157892332662,
        "separated": false
      },
      "ent_Trade_association_advocacy_organization": {
        "coef": -0.01830723439935729,
        "se": 0.007743043808715713,
        "p": 0.018061936554296106,
        "separated": true
      },
      "ent_Student": {
        "coef": 0.18664083208942894,
        "se": 0.18196037485274733,
        "p": 0.305022453534026,
        "separated": false
      },
      "log_words": {
        "coef": 0.007029754418379759,
        "se": 0.004289067590675238,
        "p": 0.10121458834725422,
        "separated": false
      }
    }
  },
  "ordinal": {
    "n": 1331,
    "ll": -205.6924403302005,
    "mcfadden": 0.17089443190443843,
    "n_oppose": 1280,
    "n_conditional": 35,
    "n_support": 16,
    "cutpoints": [
      6.668159452732856,
      8.007435138677458
    ],
    "by_var": {
      "ent_Accountant_CPA": {
        "coef": 1.4090002113063371,
        "se": 0.655185135290296,
        "p": 0.031512722030897874,
        "separated": false
      },
      "ent_Issuer_Corporate_\u2014_current": {
        "coef": 2.403592115781553,
        "se": 0.5722061003892829,
        "p": 2.6624314111778608e-05,
        "separated": false
      },
      "ent_Issuer_Corporate_\u2014_former": {
        "coef": 2.0775771997688177,
        "se": 0.67571098009825,
        "p": 0.002107471681768388,
        "separated": false
      },
      "ent_Investment_professional": {
        "coef": -15.961528130618753,
        "se": 3061.62543089616,
        "p": 0.9958403144150314,
        "separated": true
      },
      "ent_Academic_researcher": {
        "coef": 1.8519483722750738,
        "se": 0.7907884900259784,
        "p": 0.019185802233692505,
        "separated": false
      },
      "ent_Industry_practitioner_technologist": {
        "coef": 0.337463365928518,
        "se": 0.8099142373804493,
        "p": 0.6769230516159778,
        "separated": false
      },
      "ent_Legal_practitioner": {
        "coef": 2.678009905082199,
        "se": 1.2129287339420676,
        "p": 0.027252132803027934,
        "separated": false
      },
      "ent_Trade_association_advocacy_organization": {
        "coef": -4.8729733010248335,
        "se": 48.23767065166525,
        "p": 0.9195345209582142,
        "separated": true
      },
      "ent_Student": {
        "coef": 1.9688817973152022,
        "se": 1.1907557178551922,
        "p": 0.09823474459491541,
        "separated": false
      },
      "log_words": {
        "coef": 0.7208255360493717,
        "se": 0.14927789736917857,
        "p": 1.3739327961078108e-06,
        "separated": false
      },
      "0/1": {
        "coef": 6.668159452732856,
        "se": 0.6933219793893907,
        "p": 6.732272429771471e-22,
        "separated": false
      },
      "1/2": {
        "coef": 0.2921289349450968,
        "se": 0.1721059222117548,
        "p": 0.08962507760616703,
        "separated": false
      }
    }
  },
  "po_lr_test": {
    "lr": 14.041371617955065,
    "df": 10,
    "p": 0.17111287138384823,
    "ordinal_ll": -205.6924403302005,
    "multinomial_ll": -198.67175452122297
  },
  "var_order": [
    "const",
    "ent_Accountant_CPA",
    "ent_Issuer_Corporate_\u2014_current",
    "ent_Issuer_Corporate_\u2014_former",
    "ent_Investment_professional",
    "ent_Academic_researcher",
    "ent_Industry_practitioner_technologist",
    "ent_Legal_practitioner",
    "ent_Trade_association_advocacy_organization",
    "ent_Student",
    "log_words"
  ],
  "labels": {
    "const": "Constant",
    "log_words": "log(words+1)",
    "ent_Accountant_CPA": "Accountant CPA",
    "ent_Issuer_Corporate_\u2014_current": "Issuer-current",
    "ent_Issuer_Corporate_\u2014_former": "Issuer-former",
    "ent_Investment_professional": "Investment prof.",
    "ent_Academic_researcher": "Academic",
    "ent_Industry_practitioner_technologist": "Industry pract.",
    "ent_Legal_practitioner": "Legal pract.",
    "ent_Trade_association_advocacy_organization": "Trade assoc.",
    "ent_Student": "Student"
  }
}