{
  "as_of": "2026-06-08",
  "n_records": 819,
  "logit": {
    "n": 777,
    "ll": -47.64582643367862,
    "mcfadden": 0.2309391504651349,
    "n_support": 12,
    "n_oppose": 765,
    "by_var": {
      "const": {
        "coef": -7.248364063182582,
        "se": NaN,
        "p": NaN,
        "separated": false
      },
      "ent_Accountant_CPA": {
        "coef": 1.580481530870296,
        "se": NaN,
        "p": NaN,
        "separated": false
      },
      "ent_Issuer_Corporate_\u2014_current": {
        "coef": 2.381408307242662,
        "se": NaN,
        "p": NaN,
        "separated": false
      },
      "ent_Issuer_Corporate_\u2014_former": {
        "coef": -5.183516575220227,
        "se": NaN,
        "p": NaN,
        "separated": true
      },
      "ent_Investment_professional": {
        "coef": -10.52482944679783,
        "se": NaN,
        "p": NaN,
        "separated": true
      },
      "ent_Academic_researcher": {
        "coef": 1.830443904867999,
        "se": NaN,
        "p": NaN,
        "separated": false
      },
      "ent_Industry_practitioner_technologist": {
        "coef": -12.309574397034229,
        "se": NaN,
        "p": NaN,
        "separated": true
      },
      "ent_Legal_practitioner": {
        "coef": 43.49212273889052,
        "se": NaN,
        "p": NaN,
        "separated": true
      },
      "ent_Trade_association_advocacy_organization": {
        "coef": 0.0,
        "se": NaN,
        "p": NaN,
        "separated": false
      },
      "ent_Student": {
        "coef": 3.4562307861408876,
        "se": NaN,
        "p": NaN,
        "separated": false
      },
      "log_words": {
        "coef": 0.635692414317132,
        "se": NaN,
        "p": NaN,
        "separated": false
      }
    }
  },
  "lpm": {
    "n": 777,
    "r2": 0.1489609857305365,
    "adj_r2": 0.13897486952659233,
    "cov_type": "HC1",
    "by_var": {
      "const": {
        "coef": -0.025950989358661185,
        "se": 0.020773590041979834,
        "p": 0.2115810068297308,
        "separated": false
      },
      "ent_Accountant_CPA": {
        "coef": 0.047839035672716274,
        "se": 0.060765198253980635,
        "p": 0.4311198010575049,
        "separated": false
      },
      "ent_Issuer_Corporate_\u2014_current": {
        "coef": 0.14694340373468018,
        "se": 0.15687658538886542,
        "p": 0.3489223875927724,
        "separated": false
      },
      "ent_Issuer_Corporate_\u2014_former": {
        "coef": -0.01467583074549022,
        "se": 0.006019555539535172,
        "p": 0.014767726513175514,
        "separated": true
      },
      "ent_Investment_professional": {
        "coef": -0.015535004122763232,
        "se": 0.006796989350491406,
        "p": 0.022279347881769034,
        "separated": true
      },
      "ent_Academic_researcher": {
        "coef": 0.21509036772685097,
        "se": 0.2076853242831842,
        "p": 0.30036307095286185,
        "separated": false
      },
      "ent_Industry_practitioner_technologist": {
        "coef": -0.01653692282588617,
        "se": 0.007359174168967053,
        "p": 0.02463257292995515,
        "separated": true
      },
      "ent_Legal_practitioner": {
        "coef": 0.9919249383064177,
        "se": 0.003221638734836844,
        "p": 0.0,
        "separated": true
      },
      "ent_Trade_association_advocacy_organization": {
        "coef": 2.1049317293907288e-17,
        "se": 1.2363592808911656e-17,
        "p": 0.08865712564709154,
        "separated": false
      },
      "ent_Student": {
        "coef": 0.3149839052319954,
        "se": 0.27970315647736094,
        "p": 0.26010778954063707,
        "separated": false
      },
      "log_words": {
        "coef": 0.009287697147986967,
        "se": 0.005869047895717495,
        "p": 0.1135382375376582,
        "separated": false
      }
    }
  },
  "ordinal": {
    "n": 802,
    "ll": -128.12870202231318,
    "mcfadden": 0.26050576328457464,
    "n_oppose": 765,
    "n_conditional": 25,
    "n_support": 12,
    "cutpoints": [
      7.001655539925916,
      8.486988441309062
    ],
    "by_var": {
      "ent_Accountant_CPA": {
        "coef": 1.7644369492576848,
        "se": NaN,
        "p": NaN,
        "separated": false
      },
      "ent_Issuer_Corporate_\u2014_current": {
        "coef": 2.6971029684856846,
        "se": NaN,
        "p": NaN,
        "separated": false
      },
      "ent_Issuer_Corporate_\u2014_former": {
        "coef": 2.12857428724223,
        "se": NaN,
        "p": NaN,
        "separated": false
      },
      "ent_Investment_professional": {
        "coef": -9.930852369681954,
        "se": NaN,
        "p": NaN,
        "separated": true
      },
      "ent_Academic_researcher": {
        "coef": 2.156299135866787,
        "se": NaN,
        "p": NaN,
        "separated": false
      },
      "ent_Industry_practitioner_technologist": {
        "coef": -0.3687095296618429,
        "se": NaN,
        "p": NaN,
        "separated": false
      },
      "ent_Legal_practitioner": {
        "coef": 33.305886412603776,
        "se": NaN,
        "p": NaN,
        "separated": true
      },
      "ent_Trade_association_advocacy_organization": {
        "coef": 0.0,
        "se": NaN,
        "p": NaN,
        "separated": false
      },
      "ent_Student": {
        "coef": 2.6773639658832127,
        "se": NaN,
        "p": NaN,
        "separated": false
      },
      "log_words": {
        "coef": 0.7836099675107019,
        "se": NaN,
        "p": NaN,
        "separated": false
      },
      "0/1": {
        "coef": 7.001655539925916,
        "se": NaN,
        "p": NaN,
        "separated": false
      },
      "1/2": {
        "coef": 0.3956389231465611,
        "se": NaN,
        "p": NaN,
        "separated": false
      }
    }
  },
  "po_lr_test": {
    "lr": 12.62422974089904,
    "df": 10,
    "p": 0.2454467537717201,
    "ordinal_ll": -128.12870202231318,
    "multinomial_ll": -121.81658715186366
  },
  "var_order": [
    "const",
    "ent_Accountant_CPA",
    "ent_Issuer_Corporate_\u2014_current",
    "ent_Issuer_Corporate_\u2014_former",
    "ent_Investment_professional",
    "ent_Academic_researcher",
    "ent_Industry_practitioner_technologist",
    "ent_Legal_practitioner",
    "ent_Trade_association_advocacy_organization",
    "ent_Student",
    "log_words"
  ],
  "labels": {
    "const": "Constant",
    "log_words": "log(words+1)",
    "ent_Accountant_CPA": "Accountant CPA",
    "ent_Issuer_Corporate_\u2014_current": "Issuer-current",
    "ent_Issuer_Corporate_\u2014_former": "Issuer-former",
    "ent_Investment_professional": "Investment prof.",
    "ent_Academic_researcher": "Academic",
    "ent_Industry_practitioner_technologist": "Industry pract.",
    "ent_Legal_practitioner": "Legal pract.",
    "ent_Trade_association_advocacy_organization": "Trade assoc.",
    "ent_Student": "Student"
  }
}