{
  "as_of": "2026-06-08",
  "n_records": 820,
  "logit": {
    "n": 778,
    "ll": -47.65025391544919,
    "mcfadden": 0.23106074099446516,
    "n_support": 12,
    "n_oppose": 766,
    "by_var": {
      "const": {
        "coef": -7.25362373027826,
        "se": NaN,
        "p": NaN,
        "separated": false
      },
      "ent_Accountant_CPA": {
        "coef": 1.5839980493137633,
        "se": NaN,
        "p": NaN,
        "separated": false
      },
      "ent_Issuer_Corporate_\u2014_current": {
        "coef": 2.381799436276554,
        "se": NaN,
        "p": NaN,
        "separated": false
      },
      "ent_Issuer_Corporate_\u2014_former": {
        "coef": -5.598955445463829,
        "se": NaN,
        "p": NaN,
        "separated": true
      },
      "ent_Investment_professional": {
        "coef": -11.329564170808048,
        "se": NaN,
        "p": NaN,
        "separated": true
      },
      "ent_Academic_researcher": {
        "coef": 1.8234659147955807,
        "se": NaN,
        "p": NaN,
        "separated": false
      },
      "ent_Industry_practitioner_technologist": {
        "coef": -13.234951004172009,
        "se": NaN,
        "p": NaN,
        "separated": true
      },
      "ent_Legal_practitioner": {
        "coef": 46.81547854865937,
        "se": NaN,
        "p": NaN,
        "separated": true
      },
      "ent_Trade_association_advocacy_organization": {
        "coef": 0.0,
        "se": NaN,
        "p": NaN,
        "separated": false
      },
      "ent_Student": {
        "coef": 3.4548054936786836,
        "se": NaN,
        "p": NaN,
        "separated": false
      },
      "log_words": {
        "coef": 0.6367328603341309,
        "se": NaN,
        "p": NaN,
        "separated": false
      }
    }
  },
  "lpm": {
    "n": 778,
    "r2": 0.1489779797603592,
    "adj_r2": 0.13900506546067593,
    "cov_type": "HC1",
    "by_var": {
      "const": {
        "coef": -0.025959814314189644,
        "se": 0.020750150594712063,
        "p": 0.21091028618529628,
        "separated": false
      },
      "ent_Accountant_CPA": {
        "coef": 0.0478401323719851,
        "se": 0.0607643907372656,
        "p": 0.43110311495345066,
        "separated": false
      },
      "ent_Issuer_Corporate_\u2014_current": {
        "coef": 0.1469435371032788,
        "se": 0.15687581060143072,
        "p": 0.34891956981630357,
        "separated": false
      },
      "ent_Issuer_Corporate_\u2014_former": {
        "coef": -0.01467473687522782,
        "se": 0.006020464816539884,
        "p": 0.014790207013088339,
        "separated": true
      },
      "ent_Investment_professional": {
        "coef": -0.015534073748994699,
        "se": 0.006797943872429422,
        "p": 0.022306169678531097,
        "separated": true
      },
      "ent_Academic_researcher": {
        "coef": 0.21508761120359238,
        "se": 0.20768528573988002,
        "p": 0.3003691755325152,
        "separated": false
      },
      "ent_Industry_practitioner_technologist": {
        "coef": -0.01653618311234823,
        "se": 0.007360033775477557,
        "p": 0.02465577228347689,
        "separated": true
      },
      "ent_Legal_practitioner": {
        "coef": 0.9919272882707636,
        "se": 0.0032183088218191696,
        "p": 0.0,
        "separated": true
      },
      "ent_Trade_association_advocacy_organization": {
        "coef": -6.837440219015867e-17,
        "se": 1.1873390353702195e-16,
        "p": 0.5647081262945204,
        "separated": false
      },
      "ent_Student": {
        "coef": 0.3149843000346399,
        "se": 0.2797019726847506,
        "p": 0.2601051750757517,
        "separated": false
      },
      "log_words": {
        "coef": 0.009289464551352298,
        "se": 0.005864869213337968,
        "p": 0.1132126663832301,
        "separated": false
      }
    }
  },
  "ordinal": {
    "n": 803,
    "ll": -128.13781193301267,
    "mcfadden": 0.2606546052408548,
    "n_oppose": 766,
    "n_conditional": 25,
    "n_support": 12,
    "cutpoints": [
      7.004692522960954,
      8.490055958292935
    ],
    "by_var": {
      "ent_Accountant_CPA": {
        "coef": 1.7648895157795204,
        "se": NaN,
        "p": NaN,
        "separated": false
      },
      "ent_Issuer_Corporate_\u2014_current": {
        "coef": 2.697048263352789,
        "se": NaN,
        "p": NaN,
        "separated": false
      },
      "ent_Issuer_Corporate_\u2014_former": {
        "coef": 2.1290152176049824,
        "se": NaN,
        "p": NaN,
        "separated": false
      },
      "ent_Investment_professional": {
        "coef": -9.875447260185485,
        "se": NaN,
        "p": NaN,
        "separated": true
      },
      "ent_Academic_researcher": {
        "coef": 2.155524478703335,
        "se": NaN,
        "p": NaN,
        "separated": false
      },
      "ent_Industry_practitioner_technologist": {
        "coef": -0.36918801899233267,
        "se": NaN,
        "p": NaN,
        "separated": false
      },
      "ent_Legal_practitioner": {
        "coef": 33.11071982423268,
        "se": NaN,
        "p": NaN,
        "separated": true
      },
      "ent_Trade_association_advocacy_organization": {
        "coef": 0.0,
        "se": NaN,
        "p": NaN,
        "separated": false
      },
      "ent_Student": {
        "coef": 2.6783087814073254,
        "se": NaN,
        "p": NaN,
        "separated": false
      },
      "log_words": {
        "coef": 0.7841492333551376,
        "se": NaN,
        "p": NaN,
        "separated": false
      },
      "0/1": {
        "coef": 7.004692522960954,
        "se": NaN,
        "p": NaN,
        "separated": false
      },
      "1/2": {
        "coef": 0.39565947990859607,
        "se": NaN,
        "p": NaN,
        "separated": false
      }
    }
  },
  "po_lr_test": {
    "lr": 12.626838893066235,
    "df": 10,
    "p": 0.245290245493624,
    "ordinal_ll": -128.13781193301267,
    "multinomial_ll": -121.82439248647955
  },
  "var_order": [
    "const",
    "ent_Accountant_CPA",
    "ent_Issuer_Corporate_\u2014_current",
    "ent_Issuer_Corporate_\u2014_former",
    "ent_Investment_professional",
    "ent_Academic_researcher",
    "ent_Industry_practitioner_technologist",
    "ent_Legal_practitioner",
    "ent_Trade_association_advocacy_organization",
    "ent_Student",
    "log_words"
  ],
  "labels": {
    "const": "Constant",
    "log_words": "log(words+1)",
    "ent_Accountant_CPA": "Accountant CPA",
    "ent_Issuer_Corporate_\u2014_current": "Issuer-current",
    "ent_Issuer_Corporate_\u2014_former": "Issuer-former",
    "ent_Investment_professional": "Investment prof.",
    "ent_Academic_researcher": "Academic",
    "ent_Industry_practitioner_technologist": "Industry pract.",
    "ent_Legal_practitioner": "Legal pract.",
    "ent_Trade_association_advocacy_organization": "Trade assoc.",
    "ent_Student": "Student"
  }
}