{
  "as_of": "2026-05-31",
  "n_records": 462,
  "logit": {
    "n": 284,
    "ll": -34.61611123250995,
    "mcfadden": 0.20028817844852675,
    "n_support": 10,
    "n_oppose": 274,
    "by_var": {
      "const": {
        "coef": -6.509660482046762,
        "se": 1.5183866143448157,
        "p": 1.8092147000789236e-05,
        "separated": false
      },
      "ent_Accountant_CPA": {
        "coef": 1.3452532887480078,
        "se": 1.1495824358724773,
        "p": 0.24191632028243115,
        "separated": false
      },
      "ent_Issuer_Corporate_\u2014_current": {
        "coef": 1.618089364092617,
        "se": 1.2468430880770904,
        "p": 0.19437360166787887,
        "separated": false
      },
      "ent_Issuer_Corporate_\u2014_former": {
        "coef": -29.32038129764035,
        "se": 6414433.140627216,
        "p": 0.9999963528687507,
        "separated": true
      },
      "ent_Investment_professional": {
        "coef": -35.62479731868277,
        "se": 84815588.42653345,
        "p": 0.9999996648673164,
        "separated": true
      },
      "ent_Academic_researcher": {
        "coef": 1.1142725853508368,
        "se": 1.6162380808868715,
        "p": 0.4905567715894006,
        "separated": false
      },
      "ent_Industry_practitioner_technologist": {
        "coef": -17.279892560117123,
        "se": 6681.970897821808,
        "p": 0.9979366351141883,
        "separated": true
      },
      "ent_Student": {
        "coef": 3.4155153824006015,
        "se": 1.5824454694361512,
        "p": 0.030898459927039355,
        "separated": false
      },
      "log_words": {
        "coef": 0.6645375987208314,
        "se": 0.30933836559078975,
        "p": 0.03169352718288589,
        "separated": false
      }
    }
  },
  "lpm": {
    "n": 284,
    "r2": 0.1116601580294474,
    "adj_r2": 0.08581754444484957,
    "cov_type": "HC1",
    "by_var": {
      "const": {
        "coef": -0.05500629834500595,
        "se": 0.036605330639692096,
        "p": 0.1329201722582385,
        "separated": false
      },
      "ent_Accountant_CPA": {
        "coef": 0.06245753424581317,
        "se": 0.08742037881660145,
        "p": 0.4749486481482248,
        "separated": false
      },
      "ent_Issuer_Corporate_\u2014_current": {
        "coef": 0.15097832533692201,
        "se": 0.19265878137448508,
        "p": 0.4332416355695933,
        "separated": false
      },
      "ent_Issuer_Corporate_\u2014_former": {
        "coef": -0.03372901727220702,
        "se": 0.01390113606004258,
        "p": 0.01525156635289123,
        "separated": true
      },
      "ent_Investment_professional": {
        "coef": -0.037220175444259165,
        "se": 0.016888955103190197,
        "p": 0.02753717871845732,
        "separated": true
      },
      "ent_Academic_researcher": {
        "coef": 0.24647927379327517,
        "se": 0.25686480458253313,
        "p": 0.3372726278240993,
        "separated": false
      },
      "ent_Industry_practitioner_technologist": {
        "coef": -0.04374849738630182,
        "se": 0.02006387221592908,
        "p": 0.02922328268651432,
        "separated": true
      },
      "ent_Student": {
        "coef": 0.4592883753862883,
        "se": 0.37726790885065326,
        "p": 0.2234496205104206,
        "separated": false
      },
      "log_words": {
        "coef": 0.02055758751740744,
        "se": 0.011073640188390146,
        "p": 0.06339036710371808,
        "separated": false
      }
    }
  },
  "ordinal": {
    "n": 309,
    "ll": -102.17892626380728,
    "mcfadden": 0.21465832221320147,
    "n_oppose": 274,
    "n_conditional": 25,
    "n_support": 10,
    "cutpoints": [
      5.599749479422345,
      7.250325897393561
    ],
    "by_var": {
      "ent_Accountant_CPA": {
        "coef": 1.4421600810623205,
        "se": 0.7253644688822064,
        "p": 0.046791031438663935,
        "separated": false
      },
      "ent_Issuer_Corporate_\u2014_current": {
        "coef": 1.966043122732288,
        "se": 0.6642652076104503,
        "p": 0.003079125883710064,
        "separated": false
      },
      "ent_Issuer_Corporate_\u2014_former": {
        "coef": 1.3565496692627297,
        "se": 0.8639269706135556,
        "p": 0.1163654829953376,
        "separated": false
      },
      "ent_Investment_professional": {
        "coef": -9.504190028471083,
        "se": 107.23060193202191,
        "p": 0.9293734321961165,
        "separated": true
      },
      "ent_Academic_researcher": {
        "coef": 1.6762468566245827,
        "se": 0.8704914310192129,
        "p": 0.05415023944946454,
        "separated": false
      },
      "ent_Industry_practitioner_technologist": {
        "coef": -0.9918975147991994,
        "se": 1.1304560983423275,
        "p": 0.3802524421409412,
        "separated": false
      },
      "ent_Student": {
        "coef": 3.2142732012356676,
        "se": 1.9444702447475803,
        "p": 0.09832417701787358,
        "separated": false
      },
      "log_words": {
        "coef": 0.6898189303983305,
        "se": 0.1811032079311412,
        "p": 0.00013953989254797728,
        "separated": false
      },
      "0/1": {
        "coef": 5.599749479422345,
        "se": 0.8956615162889132,
        "p": 4.0501594885571496e-10,
        "separated": false
      },
      "1/2": {
        "coef": 0.5011245711309831,
        "se": 0.19882086107860988,
        "p": 0.011719394811199862,
        "separated": false
      }
    }
  },
  "po_lr_test": {
    "lr": 10.58143287226909,
    "df": 8,
    "p": 0.22656170446883428,
    "ordinal_ll": -102.17892626380728,
    "multinomial_ll": -96.88820982767274
  },
  "var_order": [
    "const",
    "ent_Accountant_CPA",
    "ent_Issuer_Corporate_\u2014_current",
    "ent_Issuer_Corporate_\u2014_former",
    "ent_Investment_professional",
    "ent_Academic_researcher",
    "ent_Industry_practitioner_technologist",
    "ent_Student",
    "log_words"
  ],
  "labels": {
    "const": "Constant",
    "log_words": "log(words+1)",
    "ent_Accountant_CPA": "Accountant CPA",
    "ent_Issuer_Corporate_\u2014_current": "Issuer-current",
    "ent_Issuer_Corporate_\u2014_former": "Issuer-former",
    "ent_Investment_professional": "Investment prof.",
    "ent_Academic_researcher": "Academic",
    "ent_Industry_practitioner_technologist": "Industry pract.",
    "ent_Student": "Student"
  }
}