{
  "as_of": "2026-06-17",
  "n_records": 1713,
  "logit": {
    "n": 1645,
    "ll": -93.5267587417409,
    "mcfadden": 0.13459797536455387,
    "n_support": 20,
    "n_oppose": 1625,
    "by_var": {
      "const": {
        "coef": -7.233048365800957,
        "se": 1.125343312134213,
        "p": 1.2979221762266099e-10,
        "separated": false
      },
      "ent_Accountant_CPA": {
        "coef": 1.375082301583972,
        "se": 1.0694515241272469,
        "p": 0.19851889862744032,
        "separated": false
      },
      "ent_Issuer_Corporate_\u2014_current": {
        "coef": 2.0674583789651546,
        "se": 1.1118165550465267,
        "p": 0.062951778400232,
        "separated": false
      },
      "ent_Issuer_Corporate_\u2014_former": {
        "coef": -357.2507826630286,
        "se": 1.174864191515094e+78,
        "p": 1.0,
        "separated": true
      },
      "ent_Investment_professional": {
        "coef": -23.97878326434775,
        "se": 273468.20976688486,
        "p": 0.9999300382997158,
        "separated": true
      },
      "ent_Academic_researcher": {
        "coef": 1.4974298721611552,
        "se": 1.4551256321728203,
        "p": 0.3034455752776236,
        "separated": false
      },
      "ent_Industry_practitioner_technologist": {
        "coef": 0.9021342928242254,
        "se": 1.0820858241216682,
        "p": 0.4044504012745649,
        "separated": false
      },
      "ent_Legal_practitioner": {
        "coef": 3.5527287831636034,
        "se": 1.1950099140001111,
        "p": 0.002949331487828632,
        "separated": false
      },
      "ent_Trade_association_advocacy_organization": {
        "coef": 2.5438685900568436,
        "se": 1.4202998367941932,
        "p": 0.07328068875032119,
        "separated": false
      },
      "ent_Student": {
        "coef": 2.6314394532548433,
        "se": 1.136646834705026,
        "p": 0.020608020048170462,
        "separated": false
      },
      "log_words": {
        "coef": 0.6057500638571398,
        "se": 0.2522456304554338,
        "p": 0.016331161694396416,
        "separated": false
      }
    }
  },
  "lpm": {
    "n": 1645,
    "r2": 0.05215753389926103,
    "adj_r2": 0.04635678441272029,
    "cov_type": "HC1",
    "by_var": {
      "const": {
        "coef": -0.02226502188900476,
        "se": 0.014159049729648291,
        "p": 0.11583601085506777,
        "separated": false
      },
      "ent_Accountant_CPA": {
        "coef": 0.029884506962801708,
        "se": 0.040777204322242334,
        "p": 0.4636359684872524,
        "separated": false
      },
      "ent_Issuer_Corporate_\u2014_current": {
        "coef": 0.07724959811840451,
        "se": 0.08816305673267473,
        "p": 0.3809143634591672,
        "separated": false
      },
      "ent_Issuer_Corporate_\u2014_former": {
        "coef": -0.010921877197338899,
        "se": 0.0033002399440562715,
        "p": 0.0009348977010991092,
        "separated": true
      },
      "ent_Investment_professional": {
        "coef": -0.013324234004620152,
        "se": 0.004306917540867349,
        "p": 0.001976891437872897,
        "separated": true
      },
      "ent_Academic_researcher": {
        "coef": 0.16781884092223315,
        "se": 0.17292315198936759,
        "p": 0.3318061933386176,
        "separated": false
      },
      "ent_Industry_practitioner_technologist": {
        "coef": 0.018537940113367964,
        "se": 0.0322108418527699,
        "p": 0.5649405833768726,
        "separated": false
      },
      "ent_Legal_practitioner": {
        "coef": 0.23862685768986874,
        "se": 0.21867820934005167,
        "p": 0.275174435687377,
        "separated": false
      },
      "ent_Trade_association_advocacy_organization": {
        "coef": 0.303887832024598,
        "se": 0.27080239107403725,
        "p": 0.2617877907002992,
        "separated": false
      },
      "ent_Student": {
        "coef": 0.12936234549432354,
        "se": 0.13449855788339662,
        "p": 0.3361439798127662,
        "separated": false
      },
      "log_words": {
        "coef": 0.007944901656040464,
        "se": 0.003929844304026319,
        "p": 0.04320905246238356,
        "separated": false
      }
    }
  },
  "ordinal": {
    "n": 1685,
    "ll": -252.30906647491656,
    "mcfadden": 0.1511040999187112,
    "n_oppose": 1625,
    "n_conditional": 40,
    "n_support": 20,
    "cutpoints": [
      6.603245883869613,
      7.854630564278843
    ],
    "by_var": {
      "ent_Accountant_CPA": {
        "coef": 1.4494782961898485,
        "se": 0.6462875700635218,
        "p": 0.024911258383957025,
        "separated": false
      },
      "ent_Issuer_Corporate_\u2014_current": {
        "coef": 2.4130114547019055,
        "se": 0.5563622969667236,
        "p": 1.4436015504066115e-05,
        "separated": false
      },
      "ent_Issuer_Corporate_\u2014_former": {
        "coef": 2.1270341434405013,
        "se": 0.6711642513775686,
        "p": 0.0015287453218038754,
        "separated": false
      },
      "ent_Investment_professional": {
        "coef": 0.021964232013134997,
        "se": 1.03978035800721,
        "p": 0.983146807652548,
        "separated": false
      },
      "ent_Academic_researcher": {
        "coef": 1.9601434560754534,
        "se": 0.7756815478421364,
        "p": 0.011504311392641792,
        "separated": false
      },
      "ent_Industry_practitioner_technologist": {
        "coef": 0.7693133169359566,
        "se": 0.6722835848869363,
        "p": 0.2524873968778427,
        "separated": false
      },
      "ent_Legal_practitioner": {
        "coef": 2.719898404930062,
        "se": 1.2096085780306747,
        "p": 0.02453940122439557,
        "separated": false
      },
      "ent_Trade_association_advocacy_organization": {
        "coef": 1.7582725311013612,
        "se": 1.3304108027347203,
        "p": 0.18630097915878074,
        "separated": false
      },
      "ent_Student": {
        "coef": 1.659548230168142,
        "se": 1.11924573231125,
        "p": 0.13814402208626805,
        "separated": false
      },
      "log_words": {
        "coef": 0.6925540693579875,
        "se": 0.14049980190050612,
        "p": 8.255966048558597e-07,
        "separated": false
      },
      "0/1": {
        "coef": 6.603245883869613,
        "se": 0.6425249554316554,
        "p": 8.944475608126486e-25,
        "separated": false
      },
      "1/2": {
        "coef": 0.22425068254557362,
        "se": 0.16083736590697706,
        "p": 0.16323614593996272,
        "separated": false
      }
    }
  },
  "po_lr_test": {
    "lr": 15.745247702599443,
    "df": 10,
    "p": 0.10716090793695987,
    "ordinal_ll": -252.30906647491656,
    "multinomial_ll": -244.43644262361684
  },
  "var_order": [
    "const",
    "ent_Accountant_CPA",
    "ent_Issuer_Corporate_\u2014_current",
    "ent_Issuer_Corporate_\u2014_former",
    "ent_Investment_professional",
    "ent_Academic_researcher",
    "ent_Industry_practitioner_technologist",
    "ent_Legal_practitioner",
    "ent_Trade_association_advocacy_organization",
    "ent_Student",
    "log_words"
  ],
  "labels": {
    "const": "Constant",
    "log_words": "log(words+1)",
    "ent_Accountant_CPA": "Accountant CPA",
    "ent_Issuer_Corporate_\u2014_current": "Issuer-current",
    "ent_Issuer_Corporate_\u2014_former": "Issuer-former",
    "ent_Investment_professional": "Investment prof.",
    "ent_Academic_researcher": "Academic",
    "ent_Industry_practitioner_technologist": "Industry pract.",
    "ent_Legal_practitioner": "Legal pract.",
    "ent_Trade_association_advocacy_organization": "Trade assoc.",
    "ent_Student": "Student"
  }
}