{
  "as_of": "2026-05-19",
  "n_records": 269,
  "logit": {
    "n": 238,
    "ll": -27.04496776448881,
    "mcfadden": 0.22743335560967504,
    "n_support": 8,
    "n_oppose": 230,
    "by_var": {
      "const": {
        "coef": -6.015565873867847,
        "se": 1.7105481614600995,
        "p": 0.0004368692469154402,
        "separated": false
      },
      "ent_Accountant_CPA": {
        "coef": 1.568553099560461,
        "se": 1.1767482364774544,
        "p": 0.1825463893144239,
        "separated": false
      },
      "ent_Issuer_Corporate_\u2014_current": {
        "coef": 1.991370586169762,
        "se": 1.2786292059573126,
        "p": 0.11936933698519084,
        "separated": false
      },
      "ent_Issuer_Corporate_\u2014_former": {
        "coef": -21.883260753749475,
        "se": 171768.89287744483,
        "p": 0.9998983499540824,
        "separated": true
      },
      "ent_Investment_professional": {
        "coef": -22.729580233585196,
        "se": 162717.16622413625,
        "p": 0.9998885453729083,
        "separated": true
      },
      "ent_Academic_researcher": {
        "coef": 2.215705357234016,
        "se": 1.8928395451050528,
        "p": 0.24177077572072425,
        "separated": false
      },
      "ent_Industry_practitioner_technologist": {
        "coef": -26.22152938172748,
        "se": 887753.0663222644,
        "p": 0.9999764329133348,
        "separated": true
      },
      "ent_Student": {
        "coef": 3.664862040006844,
        "se": 1.5633160908980819,
        "p": 0.01906348103994111,
        "separated": false
      },
      "log_words": {
        "coef": 0.5048667825036662,
        "se": 0.35604717956762755,
        "p": 0.15619742167130313,
        "separated": false
      }
    }
  },
  "lpm": {
    "n": 238,
    "r2": 0.15046508031443684,
    "adj_r2": 0.12078700451756119,
    "cov_type": "HC1",
    "by_var": {
      "const": {
        "coef": -0.03593147489257508,
        "se": 0.03612519185565487,
        "p": 0.3199125430919364,
        "separated": false
      },
      "ent_Accountant_CPA": {
        "coef": 0.06907775616851976,
        "se": 0.08803020098331371,
        "p": 0.432626435259473,
        "separated": false
      },
      "ent_Issuer_Corporate_\u2014_current": {
        "coef": 0.1639316852886893,
        "se": 0.19162489738236516,
        "p": 0.39228426455606025,
        "separated": false
      },
      "ent_Issuer_Corporate_\u2014_former": {
        "coef": -0.025483968186155823,
        "se": 0.013269905332380368,
        "p": 0.05480318976136522,
        "separated": true
      },
      "ent_Investment_professional": {
        "coef": -0.028746039495322322,
        "se": 0.016224218995962665,
        "p": 0.07642808725535447,
        "separated": true
      },
      "ent_Academic_researcher": {
        "coef": 0.42884266393641757,
        "se": 0.34998385498872264,
        "p": 0.22045419499393615,
        "separated": false
      },
      "ent_Industry_practitioner_technologist": {
        "coef": -0.027978503634050866,
        "se": 0.01580058096982088,
        "p": 0.07660623357764504,
        "separated": true
      },
      "ent_Student": {
        "coef": 0.4696832330488827,
        "se": 0.37300748662215055,
        "p": 0.20796564709340237,
        "separated": false
      },
      "log_words": {
        "coef": 0.014228307379418019,
        "se": 0.010824604528165303,
        "p": 0.18869773568446024,
        "separated": false
      }
    }
  },
  "ordinal": {
    "n": 261,
    "ll": -87.17181184750592,
    "mcfadden": 0.22740357640345288,
    "n_oppose": 230,
    "n_conditional": 23,
    "n_support": 8,
    "cutpoints": [
      5.254692167730859,
      7.092590732578017
    ],
    "by_var": {
      "ent_Accountant_CPA": {
        "coef": 1.4809099202846843,
        "se": 0.7321009900339164,
        "p": 0.04309151228418544,
        "separated": false
      },
      "ent_Issuer_Corporate_\u2014_current": {
        "coef": 2.2181317930313744,
        "se": 0.6463083740475076,
        "p": 0.0005991425905629435,
        "separated": false
      },
      "ent_Issuer_Corporate_\u2014_former": {
        "coef": 0.7635510413555592,
        "se": 1.1318469335089274,
        "p": 0.4999259465124364,
        "separated": false
      },
      "ent_Investment_professional": {
        "coef": -9.542235895814164,
        "se": 116.97100972450322,
        "p": 0.9349824673140468,
        "separated": true
      },
      "ent_Academic_researcher": {
        "coef": 2.449689899712834,
        "se": 1.0394692649159722,
        "p": 0.018439440580361705,
        "separated": false
      },
      "ent_Industry_practitioner_technologist": {
        "coef": -0.4589773756738193,
        "se": 1.1401769828807244,
        "p": 0.6872798592931548,
        "separated": false
      },
      "ent_Student": {
        "coef": 3.347300216094145,
        "se": 1.947346724134751,
        "p": 0.0856320274054519,
        "separated": false
      },
      "log_words": {
        "coef": 0.6071539873086128,
        "se": 0.1844089065173303,
        "p": 0.0009932452614459652,
        "separated": false
      },
      "0/1": {
        "coef": 5.254692167730859,
        "se": 0.9132407726785615,
        "p": 8.7209967316255e-09,
        "separated": false
      },
      "1/2": {
        "coef": 0.6086228346234105,
        "se": 0.20940643912772486,
        "p": 0.003655916432071694,
        "separated": false
      }
    }
  },
  "po_lr_test": {
    "lr": 9.136367148376394,
    "df": 8,
    "p": 0.33092319920497826,
    "ordinal_ll": -87.17181184750592,
    "multinomial_ll": -82.60362827331772
  },
  "var_order": [
    "const",
    "ent_Accountant_CPA",
    "ent_Issuer_Corporate_\u2014_current",
    "ent_Issuer_Corporate_\u2014_former",
    "ent_Investment_professional",
    "ent_Academic_researcher",
    "ent_Industry_practitioner_technologist",
    "ent_Student",
    "log_words"
  ],
  "labels": {
    "const": "Constant",
    "log_words": "log(words+1)",
    "ent_Accountant_CPA": "Accountant CPA",
    "ent_Issuer_Corporate_\u2014_current": "Issuer-current",
    "ent_Issuer_Corporate_\u2014_former": "Issuer-former",
    "ent_Investment_professional": "Investment prof.",
    "ent_Academic_researcher": "Academic",
    "ent_Industry_practitioner_technologist": "Industry pract.",
    "ent_Student": "Student"
  }
}