{
  "as_of": "2026-07-01",
  "n_records": 2274,
  "logit": {
    "n": 2172,
    "ll": -112.67649506568222,
    "mcfadden": 0.20031866327359216,
    "n_support": 26,
    "n_oppose": 2146,
    "by_var": {
      "const": {
        "coef": -8.66135047444925,
        "se": 0.960677055605898,
        "p": 1.952934945296145e-19,
        "separated": false
      },
      "ent_Accountant_CPA": {
        "coef": 0.6283106800868687,
        "se": 1.1455309365716206,
        "p": 0.5833564426117983,
        "separated": false
      },
      "ent_Issuer_Corporate_\u2014_current": {
        "coef": 2.165639291345133,
        "se": 0.9595118701390626,
        "p": 0.02400670720075224,
        "separated": false
      },
      "ent_Issuer_Corporate_\u2014_former": {
        "coef": -22.390164890154896,
        "se": 215921.2670052295,
        "p": 0.9999172625879078,
        "separated": true
      },
      "ent_Investment_professional": {
        "coef": -0.13047560939357664,
        "se": 1.1277557014576094,
        "p": 0.9078943298449467,
        "separated": false
      },
      "ent_Academic_researcher": {
        "coef": 0.0932922276619993,
        "se": 1.166259224776498,
        "p": 0.9362430596225197,
        "separated": false
      },
      "ent_Industry_practitioner_technologist": {
        "coef": 0.36697198554317173,
        "se": 1.094214700562022,
        "p": 0.737342410040714,
        "separated": false
      },
      "ent_Legal_practitioner": {
        "coef": 1.1984197162457484,
        "se": 1.345541558091249,
        "p": 0.3731117307628954,
        "separated": false
      },
      "ent_Trade_association_advocacy_organization": {
        "coef": 1.3351932581281918,
        "se": 1.1181945692029545,
        "p": 0.2324538511911607,
        "separated": false
      },
      "ent_Student": {
        "coef": 2.366395815992412,
        "se": 1.1308670064942439,
        "p": 0.03638933906721567,
        "separated": false
      },
      "log_words": {
        "coef": 0.9015086178782024,
        "se": 0.20447017718817262,
        "p": 1.0384994759524577e-05,
        "separated": false
      }
    }
  },
  "lpm": {
    "n": 2172,
    "r2": 0.06939435813794059,
    "adj_r2": 0.06508799237272966,
    "cov_type": "HC1",
    "by_var": {
      "const": {
        "coef": -0.05119292335414505,
        "se": 0.017839063203264643,
        "p": 0.004108494863137587,
        "separated": false
      },
      "ent_Accountant_CPA": {
        "coef": 0.01741785669296804,
        "se": 0.034127544063419085,
        "p": 0.6097885342066107,
        "separated": false
      },
      "ent_Issuer_Corporate_\u2014_current": {
        "coef": 0.12261696003744303,
        "se": 0.09114497093805836,
        "p": 0.1785296817501001,
        "separated": false
      },
      "ent_Issuer_Corporate_\u2014_former": {
        "coef": -0.013766681199052017,
        "se": 0.0040673684333488854,
        "p": 0.0007126506897341882,
        "separated": true
      },
      "ent_Investment_professional": {
        "coef": 0.0003822165865877379,
        "se": 0.022675546222989063,
        "p": 0.9865515798479922,
        "separated": false
      },
      "ent_Academic_researcher": {
        "coef": 0.12245281827600957,
        "se": 0.11099199019001493,
        "p": 0.269915073089683,
        "separated": false
      },
      "ent_Industry_practitioner_technologist": {
        "coef": 0.007359031665716966,
        "se": 0.027497727992474782,
        "p": 0.788989323344752,
        "separated": false
      },
      "ent_Legal_practitioner": {
        "coef": 0.08289428181397962,
        "se": 0.09698271602936065,
        "p": 0.39269923982891874,
        "separated": false
      },
      "ent_Trade_association_advocacy_organization": {
        "coef": 0.27538823827612813,
        "se": 0.19113628831816354,
        "p": 0.1496425624597682,
        "separated": false
      },
      "ent_Student": {
        "coef": 0.10634929525303137,
        "se": 0.1201542079858371,
        "p": 0.3760990829144141,
        "separated": false
      },
      "log_words": {
        "coef": 0.015134668417414157,
        "se": 0.004769399546075968,
        "p": 0.0015072401238985192,
        "separated": false
      }
    }
  },
  "ordinal": {
    "n": 2216,
    "ll": -287.897213197777,
    "mcfadden": 0.19336154733764,
    "n_oppose": 2146,
    "n_conditional": 44,
    "n_support": 26,
    "cutpoints": [
      7.587143699018304,
      8.766653721125492
    ],
    "by_var": {
      "ent_Accountant_CPA": {
        "coef": 1.2776340987503032,
        "se": 0.5743674557159608,
        "p": 0.02612024126368088,
        "separated": false
      },
      "ent_Issuer_Corporate_\u2014_current": {
        "coef": 2.3594126035902185,
        "se": 0.5216619768014763,
        "p": 6.100488971825901e-06,
        "separated": false
      },
      "ent_Issuer_Corporate_\u2014_former": {
        "coef": 2.1305345205380903,
        "se": 0.6709622223952153,
        "p": 0.001496600024904315,
        "separated": false
      },
      "ent_Investment_professional": {
        "coef": -0.17889277457936564,
        "se": 0.7863045084296725,
        "p": 0.8200265654806922,
        "separated": false
      },
      "ent_Academic_researcher": {
        "coef": 0.5305974676645183,
        "se": 0.7137725920025323,
        "p": 0.45725741714156887,
        "separated": false
      },
      "ent_Industry_practitioner_technologist": {
        "coef": 0.31269224483343716,
        "se": 0.6993211507645053,
        "p": 0.6547762658641454,
        "separated": false
      },
      "ent_Legal_practitioner": {
        "coef": 0.6953380365177501,
        "se": 1.1610061246060681,
        "p": 0.5492329839030227,
        "separated": false
      },
      "ent_Trade_association_advocacy_organization": {
        "coef": 0.8801975167866638,
        "se": 1.0000971131329723,
        "p": 0.378798613907972,
        "separated": false
      },
      "ent_Student": {
        "coef": 1.4762838690558813,
        "se": 1.111533620361127,
        "p": 0.18412841244599454,
        "separated": false
      },
      "log_words": {
        "coef": 0.8729601192468753,
        "se": 0.1241451532742732,
        "p": 2.039303051213552e-12,
        "separated": false
      },
      "0/1": {
        "coef": 7.587143699018304,
        "se": 0.5832378191516671,
        "p": 1.0923789141917713e-38,
        "separated": false
      },
      "1/2": {
        "coef": 0.16509911674105604,
        "se": 0.1514024696251047,
        "p": 0.27550829674411637,
        "separated": false
      }
    }
  },
  "po_lr_test": {
    "lr": 14.528993678520123,
    "df": 10,
    "p": 0.15020060393654877,
    "ordinal_ll": -287.897213197777,
    "multinomial_ll": -280.6327163585169
  },
  "var_order": [
    "const",
    "ent_Accountant_CPA",
    "ent_Issuer_Corporate_\u2014_current",
    "ent_Issuer_Corporate_\u2014_former",
    "ent_Investment_professional",
    "ent_Academic_researcher",
    "ent_Industry_practitioner_technologist",
    "ent_Legal_practitioner",
    "ent_Trade_association_advocacy_organization",
    "ent_Student",
    "log_words"
  ],
  "labels": {
    "const": "Constant",
    "log_words": "log(words+1)",
    "ent_Accountant_CPA": "Accountant CPA",
    "ent_Issuer_Corporate_\u2014_current": "Issuer-current",
    "ent_Issuer_Corporate_\u2014_former": "Issuer-former",
    "ent_Investment_professional": "Investment prof.",
    "ent_Academic_researcher": "Academic",
    "ent_Industry_practitioner_technologist": "Industry pract.",
    "ent_Legal_practitioner": "Legal pract.",
    "ent_Trade_association_advocacy_organization": "Trade assoc.",
    "ent_Student": "Student"
  }
}