{
  "as_of": "2026-06-23",
  "n_records": 2067,
  "logit": {
    "n": 1996,
    "ll": -102.75197765425735,
    "mcfadden": 0.11824399611773839,
    "n_support": 21,
    "n_oppose": 1975,
    "by_var": {
      "const": {
        "coef": -7.1153586486131335,
        "se": 1.0751153716592794,
        "p": 3.635300611139258e-11,
        "separated": false
      },
      "ent_Accountant_CPA": {
        "coef": 1.2521106858185262,
        "se": 1.0744003868834555,
        "p": 0.24385543215587646,
        "separated": false
      },
      "ent_Issuer_Corporate_\u2014_current": {
        "coef": 2.0834294814514123,
        "se": 1.094311009385804,
        "p": 0.05692669091782205,
        "separated": false
      },
      "ent_Issuer_Corporate_\u2014_former": {
        "coef": -44.07135617553165,
        "se": 11234897355.796032,
        "p": 0.9999999968701223,
        "separated": true
      },
      "ent_Investment_professional": {
        "coef": -21.403142842346533,
        "se": 73541.41615258926,
        "p": 0.9997677874879366,
        "separated": true
      },
      "ent_Academic_researcher": {
        "coef": 1.7822777776465848,
        "se": 1.4342738830734902,
        "p": 0.2140026616584766,
        "separated": false
      },
      "ent_Industry_practitioner_technologist": {
        "coef": 0.8435255941167127,
        "se": 1.0824120647561175,
        "p": 0.43580199611601134,
        "separated": false
      },
      "ent_Legal_practitioner": {
        "coef": 2.620021492089365,
        "se": 1.118678180887656,
        "p": 0.019177168996731737,
        "separated": false
      },
      "ent_Trade_association_advocacy_organization": {
        "coef": 2.786270958403678,
        "se": 1.4122319275105704,
        "p": 0.048500615599907544,
        "separated": false
      },
      "ent_Student": {
        "coef": 2.5497964648456692,
        "se": 1.1232400784802197,
        "p": 0.023205342156117192,
        "separated": false
      },
      "log_words": {
        "coef": 0.5518742305856587,
        "se": 0.2450008744700791,
        "p": 0.024288178007889606,
        "separated": false
      }
    }
  },
  "lpm": {
    "n": 1996,
    "r2": 0.04164555245087431,
    "adj_r2": 0.036817570347352335,
    "cov_type": "HC1",
    "by_var": {
      "const": {
        "coef": -0.017941093057484488,
        "se": 0.01248450957423365,
        "p": 0.15069858505533154,
        "separated": false
      },
      "ent_Accountant_CPA": {
        "coef": 0.02475798833566524,
        "se": 0.03511306391878527,
        "p": 0.4807521363761571,
        "separated": false
      },
      "ent_Issuer_Corporate_\u2014_current": {
        "coef": 0.06566048654202047,
        "se": 0.07490049525451319,
        "p": 0.3806842630287999,
        "separated": false
      },
      "ent_Issuer_Corporate_\u2014_former": {
        "coef": -0.010323704651399321,
        "se": 0.003195764081276023,
        "p": 0.0012360247741170223,
        "separated": true
      },
      "ent_Investment_professional": {
        "coef": -0.012228416439329358,
        "se": 0.004028754185595923,
        "p": 0.0024030862886680066,
        "separated": true
      },
      "ent_Academic_researcher": {
        "coef": 0.1728122379153984,
        "se": 0.17376807166966232,
        "p": 0.31997981165146017,
        "separated": false
      },
      "ent_Industry_practitioner_technologist": {
        "coef": 0.015298084382619908,
        "se": 0.02788834288114815,
        "p": 0.5833159341676748,
        "separated": false
      },
      "ent_Legal_practitioner": {
        "coef": 0.11320000159442435,
        "se": 0.11840505832084779,
        "p": 0.3390518995805424,
        "separated": false
      },
      "ent_Trade_association_advocacy_organization": {
        "coef": 0.30841307837199916,
        "se": 0.2709921130573894,
        "p": 0.2550834203768797,
        "separated": false
      },
      "ent_Student": {
        "coef": 0.11255119100819419,
        "se": 0.11886556344300714,
        "p": 0.3437009323173983,
        "separated": false
      },
      "log_words": {
        "coef": 0.00658529780394398,
        "se": 0.0034529710947838405,
        "p": 0.05650251651862543,
        "separated": false
      }
    }
  },
  "ordinal": {
    "n": 2037,
    "ll": -269.0813278876629,
    "mcfadden": 0.15182597108600981,
    "n_oppose": 1975,
    "n_conditional": 41,
    "n_support": 21,
    "cutpoints": [
      6.686725751179084,
      7.916061086833981
    ],
    "by_var": {
      "ent_Accountant_CPA": {
        "coef": 1.3430380267097504,
        "se": 0.649140378675936,
        "p": 0.03855091766153365,
        "separated": false
      },
      "ent_Issuer_Corporate_\u2014_current": {
        "coef": 2.4789721518802548,
        "se": 0.5251009805638276,
        "p": 2.3475294762672255e-06,
        "separated": false
      },
      "ent_Issuer_Corporate_\u2014_former": {
        "coef": 2.1443752053669094,
        "se": 0.66826522639077,
        "p": 0.0013325844423240623,
        "separated": false
      },
      "ent_Investment_professional": {
        "coef": -0.03756477994928609,
        "se": 1.0439883806482515,
        "p": 0.9712967191883394,
        "separated": false
      },
      "ent_Academic_researcher": {
        "coef": 2.1524661675017116,
        "se": 0.770819855121805,
        "p": 0.005231259382224335,
        "separated": false
      },
      "ent_Industry_practitioner_technologist": {
        "coef": 0.7347651383462521,
        "se": 0.6670123200731076,
        "p": 0.2706458025426338,
        "separated": false
      },
      "ent_Legal_practitioner": {
        "coef": 1.66073285272431,
        "se": 1.1060607031562097,
        "p": 0.13323032760080486,
        "separated": false
      },
      "ent_Trade_association_advocacy_organization": {
        "coef": 1.9383983428357767,
        "se": 1.3280064036668044,
        "p": 0.14439171595563588,
        "separated": false
      },
      "ent_Student": {
        "coef": 1.558993334755429,
        "se": 1.1065676611157638,
        "p": 0.1588780607514203,
        "separated": false
      },
      "log_words": {
        "coef": 0.6762076761655497,
        "se": 0.1366800606840778,
        "p": 7.522052244408321e-07,
        "separated": false
      },
      "0/1": {
        "coef": 6.686725751179084,
        "se": 0.6192328676298428,
        "p": 3.502441118193976e-27,
        "separated": false
      },
      "1/2": {
        "coef": 0.2064736458114322,
        "se": 0.1590440180079944,
        "p": 0.19421278259648012,
        "separated": false
      }
    }
  },
  "po_lr_test": {
    "lr": 17.84067574539074,
    "df": 10,
    "p": 0.05771142804144758,
    "ordinal_ll": -269.0813278876629,
    "multinomial_ll": -260.1609900149675
  },
  "var_order": [
    "const",
    "ent_Accountant_CPA",
    "ent_Issuer_Corporate_\u2014_current",
    "ent_Issuer_Corporate_\u2014_former",
    "ent_Investment_professional",
    "ent_Academic_researcher",
    "ent_Industry_practitioner_technologist",
    "ent_Legal_practitioner",
    "ent_Trade_association_advocacy_organization",
    "ent_Student",
    "log_words"
  ],
  "labels": {
    "const": "Constant",
    "log_words": "log(words+1)",
    "ent_Accountant_CPA": "Accountant CPA",
    "ent_Issuer_Corporate_\u2014_current": "Issuer-current",
    "ent_Issuer_Corporate_\u2014_former": "Issuer-former",
    "ent_Investment_professional": "Investment prof.",
    "ent_Academic_researcher": "Academic",
    "ent_Industry_practitioner_technologist": "Industry pract.",
    "ent_Legal_practitioner": "Legal pract.",
    "ent_Trade_association_advocacy_organization": "Trade assoc.",
    "ent_Student": "Student"
  }
}