{
  "as_of": "2026-06-23",
  "n_records": 2179,
  "logit": {
    "n": 1996,
    "ll": -100.41530963722153,
    "mcfadden": 0.1382958831970682,
    "n_support": 21,
    "n_oppose": 1975,
    "by_var": {
      "const": {
        "coef": -7.761117863460836,
        "se": 1.0120565668805763,
        "p": 1.7380226110112936e-14,
        "separated": false
      },
      "ent_Accountant_CPA": {
        "coef": 1.0467350057717517,
        "se": 1.1057662908920622,
        "p": 0.3438349753412463,
        "separated": false
      },
      "ent_Issuer_Corporate_\u2014_current": {
        "coef": 2.000577353390479,
        "se": 1.1004209733657793,
        "p": 0.06906246276373089,
        "separated": false
      },
      "ent_Issuer_Corporate_\u2014_former": {
        "coef": -19.204425219257192,
        "se": 44126.07529658259,
        "p": 0.9996527469575569,
        "separated": true
      },
      "ent_Investment_professional": {
        "coef": -99.88147049345774,
        "se": 7.566899662133817e+21,
        "p": 1.0,
        "separated": true
      },
      "ent_Academic_researcher": {
        "coef": 1.2901324253775004,
        "se": 1.4314144110834486,
        "p": 0.3674293474892141,
        "separated": false
      },
      "ent_Industry_practitioner_technologist": {
        "coef": 0.6822577120736524,
        "se": 1.0860024267194432,
        "p": 0.5298542407310897,
        "separated": false
      },
      "ent_Legal_practitioner": {
        "coef": 1.8042988247787706,
        "se": 1.3028198379598832,
        "p": 0.16607750003362687,
        "separated": false
      },
      "ent_Trade_association_advocacy_organization": {
        "coef": 1.9826558797818286,
        "se": 1.4986428374859886,
        "p": 0.18584616125489584,
        "separated": false
      },
      "ent_Student": {
        "coef": 2.460306179190745,
        "se": 1.126104551514816,
        "p": 0.028903972964192934,
        "separated": false
      },
      "log_words": {
        "coef": 0.7017462962334071,
        "se": 0.22353590182490096,
        "p": 0.0016935187097404268,
        "separated": false
      }
    }
  },
  "lpm": {
    "n": 1996,
    "r2": 0.04520220071958092,
    "adj_r2": 0.040392136239578824,
    "cov_type": "HC1",
    "by_var": {
      "const": {
        "coef": -0.030814647607178704,
        "se": 0.014884953313229452,
        "p": 0.03843476849470457,
        "separated": false
      },
      "ent_Accountant_CPA": {
        "coef": 0.022762525560786784,
        "se": 0.035139723521696156,
        "p": 0.5171324908942878,
        "separated": false
      },
      "ent_Issuer_Corporate_\u2014_current": {
        "coef": 0.06379273711310723,
        "se": 0.07512699557846478,
        "p": 0.39580783784236384,
        "separated": false
      },
      "ent_Issuer_Corporate_\u2014_former": {
        "coef": -0.011717527564463173,
        "se": 0.0035144585653029735,
        "p": 0.0008557840167115316,
        "separated": true
      },
      "ent_Investment_professional": {
        "coef": -0.014583691202006943,
        "se": 0.00445941672016019,
        "p": 0.0010742831174882757,
        "separated": true
      },
      "ent_Academic_researcher": {
        "coef": 0.1627901622088973,
        "se": 0.17240388261206252,
        "p": 0.3450484410916188,
        "separated": false
      },
      "ent_Industry_practitioner_technologist": {
        "coef": 0.012760054941252664,
        "se": 0.027978109698366487,
        "p": 0.6483376259510714,
        "separated": false
      },
      "ent_Legal_practitioner": {
        "coef": 0.10496163776192996,
        "se": 0.11029284782449958,
        "p": 0.3412678492396539,
        "separated": false
      },
      "ent_Trade_association_advocacy_organization": {
        "coef": 0.29446585284634796,
        "se": 0.2688620197011675,
        "p": 0.2734157179363229,
        "separated": false
      },
      "ent_Student": {
        "coef": 0.11008466748411752,
        "se": 0.11939157720948174,
        "p": 0.35650396483839497,
        "separated": false
      },
      "log_words": {
        "coef": 0.009909394811155638,
        "se": 0.004033288367838605,
        "p": 0.014014085687276976,
        "separated": false
      }
    }
  },
  "ordinal": {
    "n": 2037,
    "ll": -262.2257389983535,
    "mcfadden": 0.17343554353189528,
    "n_oppose": 1975,
    "n_conditional": 41,
    "n_support": 21,
    "cutpoints": [
      7.357934191636032,
      8.620532804409063
    ],
    "by_var": {
      "ent_Accountant_CPA": {
        "coef": 1.1961832492245632,
        "se": 0.6757145123228516,
        "p": 0.07668559359051225,
        "separated": false
      },
      "ent_Issuer_Corporate_\u2014_current": {
        "coef": 2.3318601381573507,
        "se": 0.5330128393486422,
        "p": 1.215066880371469e-05,
        "separated": false
      },
      "ent_Issuer_Corporate_\u2014_former": {
        "coef": 2.1169929636286,
        "se": 0.6716968139840185,
        "p": 0.0016231789395526454,
        "separated": false
      },
      "ent_Investment_professional": {
        "coef": -0.1622053003085977,
        "se": 1.0509216320707309,
        "p": 0.8773371165776266,
        "separated": false
      },
      "ent_Academic_researcher": {
        "coef": 1.3251602859241065,
        "se": 0.7680881361063879,
        "p": 0.08447862234655727,
        "separated": false
      },
      "ent_Industry_practitioner_technologist": {
        "coef": 0.4426757166338186,
        "se": 0.6984325239563071,
        "p": 0.5262027716155206,
        "separated": false
      },
      "ent_Legal_practitioner": {
        "coef": 1.0460931898222,
        "se": 1.1640055303897185,
        "p": 0.3688118272094958,
        "separated": false
      },
      "ent_Trade_association_advocacy_organization": {
        "coef": 1.1029471110655804,
        "se": 1.4035002145190882,
        "p": 0.43195267002505566,
        "separated": false
      },
      "ent_Student": {
        "coef": 1.4789504367200264,
        "se": 1.1093464912885882,
        "p": 0.1824751420702505,
        "separated": false
      },
      "log_words": {
        "coef": 0.8279666336088913,
        "se": 0.13158411471703976,
        "p": 3.1279761039188457e-10,
        "separated": false
      },
      "0/1": {
        "coef": 7.357934191636032,
        "se": 0.613018117543377,
        "p": 3.434741406999694e-33,
        "separated": false
      },
      "1/2": {
        "coef": 0.23317198824417265,
        "se": 0.15858547407288864,
        "p": 0.14147409282967527,
        "separated": false
      }
    }
  },
  "po_lr_test": {
    "lr": 18.779782480597873,
    "df": 10,
    "p": 0.043150593191384146,
    "ordinal_ll": -262.2257389983535,
    "multinomial_ll": -252.83584775805457
  },
  "var_order": [
    "const",
    "ent_Accountant_CPA",
    "ent_Issuer_Corporate_\u2014_current",
    "ent_Issuer_Corporate_\u2014_former",
    "ent_Investment_professional",
    "ent_Academic_researcher",
    "ent_Industry_practitioner_technologist",
    "ent_Legal_practitioner",
    "ent_Trade_association_advocacy_organization",
    "ent_Student",
    "log_words"
  ],
  "labels": {
    "const": "Constant",
    "log_words": "log(words+1)",
    "ent_Accountant_CPA": "Accountant CPA",
    "ent_Issuer_Corporate_\u2014_current": "Issuer-current",
    "ent_Issuer_Corporate_\u2014_former": "Issuer-former",
    "ent_Investment_professional": "Investment prof.",
    "ent_Academic_researcher": "Academic",
    "ent_Industry_practitioner_technologist": "Industry pract.",
    "ent_Legal_practitioner": "Legal pract.",
    "ent_Trade_association_advocacy_organization": "Trade assoc.",
    "ent_Student": "Student"
  }
}