{
  "as_of": "2026-06-19",
  "n_records": 1933,
  "logit": {
    "n": 1828,
    "ll": -101.07450240170407,
    "mcfadden": 0.11859632394076403,
    "n_support": 21,
    "n_oppose": 1807,
    "by_var": {
      "const": {
        "coef": -6.995259184615594,
        "se": 1.0744054395073417,
        "p": 7.474223754968111e-11,
        "separated": false
      },
      "ent_Accountant_CPA": {
        "coef": 1.2143835031283359,
        "se": 1.074703885034373,
        "p": 0.25848872696482705,
        "separated": false
      },
      "ent_Issuer_Corporate_\u2014_current": {
        "coef": 2.1381163275920767,
        "se": 1.105890635693831,
        "p": 0.05318834680828584,
        "separated": false
      },
      "ent_Issuer_Corporate_\u2014_former": {
        "coef": -18.694074145345002,
        "se": 33302.459567159545,
        "p": 0.9995521137913055,
        "separated": true
      },
      "ent_Investment_professional": {
        "coef": -17.09739148119686,
        "se": 8699.035354456879,
        "p": 0.998431810499195,
        "separated": true
      },
      "ent_Academic_researcher": {
        "coef": 1.7280583659639288,
        "se": 1.4287111858609887,
        "p": 0.22646216134316866,
        "separated": false
      },
      "ent_Industry_practitioner_technologist": {
        "coef": 0.9547171140509282,
        "se": 1.0750659237586666,
        "p": 0.37451144458186725,
        "separated": false
      },
      "ent_Legal_practitioner": {
        "coef": 2.7427854881944778,
        "se": 1.1292222197456612,
        "p": 0.015144056414374885,
        "separated": false
      },
      "ent_Trade_association_advocacy_organization": {
        "coef": 2.72526641199415,
        "se": 1.4091939322821019,
        "p": 0.053123132018192076,
        "separated": false
      },
      "ent_Student": {
        "coef": 2.4728400820084167,
        "se": 1.12237470156354,
        "p": 0.027579140123565982,
        "separated": false
      },
      "log_words": {
        "coef": 0.5430187866816635,
        "se": 0.24415568810730587,
        "p": 0.026143887745543087,
        "separated": false
      }
    }
  },
  "lpm": {
    "n": 1828,
    "r2": 0.04311780330937165,
    "adj_r2": 0.03785152814871873,
    "cov_type": "HC1",
    "by_var": {
      "const": {
        "coef": -0.019062254557112655,
        "se": 0.013416312340763802,
        "p": 0.1553671515913054,
        "separated": false
      },
      "ent_Accountant_CPA": {
        "coef": 0.025288548391709534,
        "se": 0.036395679970856194,
        "p": 0.48716635562403376,
        "separated": false
      },
      "ent_Issuer_Corporate_\u2014_current": {
        "coef": 0.078149047101383,
        "se": 0.0880085277174563,
        "p": 0.3745561875000245,
        "separated": false
      },
      "ent_Issuer_Corporate_\u2014_former": {
        "coef": -0.011144190801903,
        "se": 0.0034227526839162867,
        "p": 0.0011302769993076609,
        "separated": true
      },
      "ent_Investment_professional": {
        "coef": -0.012608039112636603,
        "se": 0.0040257022800031855,
        "p": 0.001736875223345694,
        "separated": true
      },
      "ent_Academic_researcher": {
        "coef": 0.17083327690778263,
        "se": 0.17344431546642777,
        "p": 0.3246506186567709,
        "separated": false
      },
      "ent_Industry_practitioner_technologist": {
        "coef": 0.018408840274192838,
        "se": 0.031181203339494198,
        "p": 0.55493416525007,
        "separated": false
      },
      "ent_Legal_practitioner": {
        "coef": 0.13072807699268324,
        "se": 0.1338245133602734,
        "p": 0.32863749432667055,
        "separated": false
      },
      "ent_Trade_association_advocacy_organization": {
        "coef": 0.30658988355535366,
        "se": 0.2709412559610722,
        "p": 0.25781388228121493,
        "separated": false
      },
      "ent_Student": {
        "coef": 0.11158472101264952,
        "se": 0.11900801798009014,
        "p": 0.3484379013858341,
        "separated": false
      },
      "log_words": {
        "coef": 0.007037674224187419,
        "se": 0.003699259786196343,
        "p": 0.05711173368530009,
        "separated": false
      }
    }
  },
  "ordinal": {
    "n": 1868,
    "ll": -263.59059872614904,
    "mcfadden": 0.14416659591033965,
    "n_oppose": 1807,
    "n_conditional": 40,
    "n_support": 21,
    "cutpoints": [
      6.544921197244518,
      7.749309143327826
    ],
    "by_var": {
      "ent_Accountant_CPA": {
        "coef": 1.3092795946552565,
        "se": 0.6503443477380912,
        "p": 0.04409256586535507,
        "separated": false
      },
      "ent_Issuer_Corporate_\u2014_current": {
        "coef": 2.506354862669016,
        "se": 0.5538317008984978,
        "p": 6.02582834171135e-06,
        "separated": false
      },
      "ent_Issuer_Corporate_\u2014_former": {
        "coef": 2.0691904345266052,
        "se": 0.6672072161327466,
        "p": 0.0019269180823808854,
        "separated": false
      },
      "ent_Investment_professional": {
        "coef": 0.02653744687729926,
        "se": 1.0376212409364045,
        "p": 0.9795961086207899,
        "separated": false
      },
      "ent_Academic_researcher": {
        "coef": 2.0967025799893277,
        "se": 0.7710541122118468,
        "p": 0.006542662363129386,
        "separated": false
      },
      "ent_Industry_practitioner_technologist": {
        "coef": 0.8505852385202388,
        "se": 0.666676942815176,
        "p": 0.2020056525852728,
        "separated": false
      },
      "ent_Legal_practitioner": {
        "coef": 1.8144029156341994,
        "se": 1.1221680868265447,
        "p": 0.10590576795859273,
        "separated": false
      },
      "ent_Trade_association_advocacy_organization": {
        "coef": 1.8934071538934067,
        "se": 1.3246387642609936,
        "p": 0.15289612856677606,
        "separated": false
      },
      "ent_Student": {
        "coef": 1.4834827622276754,
        "se": 1.1074933518804002,
        "p": 0.18040930060010252,
        "separated": false
      },
      "log_words": {
        "coef": 0.6619284456661249,
        "se": 0.13867369266066704,
        "p": 1.812489911547781e-06,
        "separated": false
      },
      "0/1": {
        "coef": 6.544921197244518,
        "se": 0.6288542667884636,
        "p": 2.2870022849369995e-25,
        "separated": false
      },
      "1/2": {
        "coef": 0.18597150934163975,
        "se": 0.16087636290668206,
        "p": 0.24768513906527345,
        "separated": false
      }
    }
  },
  "po_lr_test": {
    "lr": 16.312999001226274,
    "df": 10,
    "p": 0.09101617010222263,
    "ordinal_ll": -263.59059872614904,
    "multinomial_ll": -255.4340992255359
  },
  "var_order": [
    "const",
    "ent_Accountant_CPA",
    "ent_Issuer_Corporate_\u2014_current",
    "ent_Issuer_Corporate_\u2014_former",
    "ent_Investment_professional",
    "ent_Academic_researcher",
    "ent_Industry_practitioner_technologist",
    "ent_Legal_practitioner",
    "ent_Trade_association_advocacy_organization",
    "ent_Student",
    "log_words"
  ],
  "labels": {
    "const": "Constant",
    "log_words": "log(words+1)",
    "ent_Accountant_CPA": "Accountant CPA",
    "ent_Issuer_Corporate_\u2014_current": "Issuer-current",
    "ent_Issuer_Corporate_\u2014_former": "Issuer-former",
    "ent_Investment_professional": "Investment prof.",
    "ent_Academic_researcher": "Academic",
    "ent_Industry_practitioner_technologist": "Industry pract.",
    "ent_Legal_practitioner": "Legal pract.",
    "ent_Trade_association_advocacy_organization": "Trade assoc.",
    "ent_Student": "Student"
  }
}