{
  "as_of": "2026-06-12",
  "n_records": 1066,
  "logit": {
    "n": 1015,
    "ll": -56.91409260034658,
    "mcfadden": 0.18187406214452873,
    "n_support": 13,
    "n_oppose": 1002,
    "by_var": {
      "const": {
        "coef": -7.140170178554289,
        "se": 1.3485028813419013,
        "p": 1.1909012423152183e-07,
        "separated": false
      },
      "ent_Accountant_CPA": {
        "coef": 1.7043465178022832,
        "se": 1.1057610595908396,
        "p": 0.1232356498516283,
        "separated": false
      },
      "ent_Issuer_Corporate_\u2014_current": {
        "coef": 2.399102272126664,
        "se": 1.1582265631501234,
        "p": 0.038325319352944864,
        "separated": false
      },
      "ent_Issuer_Corporate_\u2014_former": {
        "coef": -50.1367704545811,
        "se": 271541390102.874,
        "p": 0.9999999998526804,
        "separated": true
      },
      "ent_Investment_professional": {
        "coef": -22.264317231364185,
        "se": 150358.31782047378,
        "p": 0.9998818531946333,
        "separated": true
      },
      "ent_Academic_researcher": {
        "coef": 1.8085784127219784,
        "se": 1.5330175747848256,
        "p": 0.23809942007962837,
        "separated": false
      },
      "ent_Industry_practitioner_technologist": {
        "coef": 1.2551250946295327,
        "se": 1.1160093710193248,
        "p": 0.26073541879088225,
        "separated": false
      },
      "ent_Legal_practitioner": {
        "coef": 4.809056170211673,
        "se": 1.481369013113877,
        "p": 0.0011689118440070746,
        "separated": false
      },
      "ent_Trade_association_advocacy_organization": {
        "coef": -20.76057680553196,
        "se": 268380.55851931934,
        "p": 0.9999382796437217,
        "separated": true
      },
      "ent_Student": {
        "coef": 3.340241386960743,
        "se": 1.2494136556841364,
        "p": 0.0075076103013138485,
        "separated": false
      },
      "log_words": {
        "coef": 0.5516741880725028,
        "se": 0.2964738732260692,
        "p": 0.06277451987450601,
        "separated": false
      }
    }
  },
  "lpm": {
    "n": 1015,
    "r2": 0.08408938852973846,
    "adj_r2": 0.0749667728776442,
    "cov_type": "HC1",
    "by_var": {
      "const": {
        "coef": -0.0201723055061619,
        "se": 0.017599925304057244,
        "p": 0.25172954003770853,
        "separated": false
      },
      "ent_Accountant_CPA": {
        "coef": 0.03933776579321485,
        "se": 0.048844920950337115,
        "p": 0.42061172796825164,
        "separated": false
      },
      "ent_Issuer_Corporate_\u2014_current": {
        "coef": 0.0981059439052795,
        "se": 0.1070238715923289,
        "p": 0.3593137714222725,
        "separated": false
      },
      "ent_Issuer_Corporate_\u2014_former": {
        "coef": -0.009599540108401012,
        "se": 0.003952836835345324,
        "p": 0.015160622792820702,
        "separated": true
      },
      "ent_Investment_professional": {
        "coef": -0.012066803542850446,
        "se": 0.005496800007234286,
        "p": 0.028146278154480297,
        "separated": true
      },
      "ent_Academic_researcher": {
        "coef": 0.1710733961187812,
        "se": 0.1727811809272017,
        "p": 0.322117467887303,
        "separated": false
      },
      "ent_Industry_practitioner_technologist": {
        "coef": 0.025293577993044426,
        "se": 0.036910686371220365,
        "p": 0.4931771152711205,
        "separated": false
      },
      "ent_Legal_practitioner": {
        "coef": 0.4898980272310357,
        "se": 0.3583709242887671,
        "p": 0.17162095535672395,
        "separated": false
      },
      "ent_Trade_association_advocacy_organization": {
        "coef": -0.01749563258349843,
        "se": 0.008763216362581993,
        "p": 0.045881125063269926,
        "separated": true
      },
      "ent_Student": {
        "coef": 0.23580975824722192,
        "se": 0.2213877939147364,
        "p": 0.2868110201719536,
        "separated": false
      },
      "log_words": {
        "coef": 0.007164616499725532,
        "se": 0.004923530358126888,
        "p": 0.1456197963924809,
        "separated": false
      }
    }
  },
  "ordinal": {
    "n": 1046,
    "ll": -167.1719828697034,
    "mcfadden": 0.2008354409230243,
    "n_oppose": 1002,
    "n_conditional": 31,
    "n_support": 13,
    "cutpoints": [
      6.63052122162648,
      8.081905655199536
    ],
    "by_var": {
      "ent_Accountant_CPA": {
        "coef": 1.6053978261315263,
        "se": 0.6701158389057705,
        "p": 0.016588572895564722,
        "separated": false
      },
      "ent_Issuer_Corporate_\u2014_current": {
        "coef": 2.5503099985038973,
        "se": 0.5903826737855482,
        "p": 1.562007320861636e-05,
        "separated": false
      },
      "ent_Issuer_Corporate_\u2014_former": {
        "coef": 2.2255564908828167,
        "se": 0.6893082925650205,
        "p": 0.00124362593412124,
        "separated": false
      },
      "ent_Investment_professional": {
        "coef": -10.716401880954106,
        "se": 248.15340093491022,
        "p": 0.9655543922255067,
        "separated": true
      },
      "ent_Academic_researcher": {
        "coef": 1.9856507904430447,
        "se": 0.8037806202417456,
        "p": 0.013496620332130517,
        "separated": false
      },
      "ent_Industry_practitioner_technologist": {
        "coef": 0.4646748910432776,
        "se": 0.815152307575252,
        "p": 0.5686460175534334,
        "separated": false
      },
      "ent_Legal_practitioner": {
        "coef": 4.391820499792823,
        "se": 1.6615146719179728,
        "p": 0.008211119191744646,
        "separated": false
      },
      "ent_Trade_association_advocacy_organization": {
        "coef": -4.218392876118488,
        "se": 35.91617970733502,
        "p": 0.9065026350657936,
        "separated": true
      },
      "ent_Student": {
        "coef": 2.2001303273020727,
        "se": 1.2427114145669966,
        "p": 0.07665597015563354,
        "separated": false
      },
      "log_words": {
        "coef": 0.701497176321308,
        "se": 0.15940577741327777,
        "p": 1.079016852517924e-05,
        "separated": false
      },
      "0/1": {
        "coef": 6.63052122162648,
        "se": 0.7531354316955494,
        "p": 1.3215434862452025e-18,
        "separated": false
      },
      "1/2": {
        "coef": 0.3725178826928081,
        "se": 0.1823405144123943,
        "p": 0.04105449479158411,
        "separated": false
      }
    }
  },
  "po_lr_test": {
    "lr": 12.281888157948742,
    "df": 10,
    "p": 0.266633696503912,
    "ordinal_ll": -167.1719828697034,
    "multinomial_ll": -161.03103879072904
  },
  "var_order": [
    "const",
    "ent_Accountant_CPA",
    "ent_Issuer_Corporate_\u2014_current",
    "ent_Issuer_Corporate_\u2014_former",
    "ent_Investment_professional",
    "ent_Academic_researcher",
    "ent_Industry_practitioner_technologist",
    "ent_Legal_practitioner",
    "ent_Trade_association_advocacy_organization",
    "ent_Student",
    "log_words"
  ],
  "labels": {
    "const": "Constant",
    "log_words": "log(words+1)",
    "ent_Accountant_CPA": "Accountant CPA",
    "ent_Issuer_Corporate_\u2014_current": "Issuer-current",
    "ent_Issuer_Corporate_\u2014_former": "Issuer-former",
    "ent_Investment_professional": "Investment prof.",
    "ent_Academic_researcher": "Academic",
    "ent_Industry_practitioner_technologist": "Industry pract.",
    "ent_Legal_practitioner": "Legal pract.",
    "ent_Trade_association_advocacy_organization": "Trade assoc.",
    "ent_Student": "Student"
  }
}