{
  "as_of": "2026-06-17",
  "n_records": 1713,
  "logit": {
    "n": 1531,
    "ll": -92.40978528555459,
    "mcfadden": 0.13334146911024358,
    "n_support": 20,
    "n_oppose": 1511,
    "by_var": {
      "const": {
        "coef": -7.168465913048385,
        "se": 1.1304081820089693,
        "p": 2.2756172354810324e-10,
        "separated": false
      },
      "ent_Accountant_CPA": {
        "coef": 1.2925848354560112,
        "se": 1.0698193987689664,
        "p": 0.22695990403259314,
        "separated": false
      },
      "ent_Issuer_Corporate_\u2014_current": {
        "coef": 2.060063788199282,
        "se": 1.1212416485400343,
        "p": 0.0661647636087237,
        "separated": false
      },
      "ent_Issuer_Corporate_\u2014_former": {
        "coef": -72.72251078758617,
        "se": 1.8531194911141804e+16,
        "p": 0.9999999999999969,
        "separated": true
      },
      "ent_Investment_professional": {
        "coef": -97.42220480903312,
        "se": 2.4698491299818237e+21,
        "p": 1.0,
        "separated": true
      },
      "ent_Academic_researcher": {
        "coef": 1.4042913288330807,
        "se": 1.4598858194063518,
        "p": 0.33609049275745384,
        "separated": false
      },
      "ent_Industry_practitioner_technologist": {
        "coef": 0.8179367512072157,
        "se": 1.0829625231210755,
        "p": 0.4500827596262581,
        "separated": false
      },
      "ent_Legal_practitioner": {
        "coef": 3.4718136761753,
        "se": 1.195116595488952,
        "p": 0.003672531333243956,
        "separated": false
      },
      "ent_Trade_association_advocacy_organization": {
        "coef": 2.4538043157765554,
        "se": 1.4229828246653733,
        "p": 0.08463404334517025,
        "separated": false
      },
      "ent_Student": {
        "coef": 2.548685219662483,
        "se": 1.1371329822622631,
        "p": 0.02500499439275735,
        "separated": false
      },
      "log_words": {
        "coef": 0.6095570762278226,
        "se": 0.25379855761617626,
        "p": 0.01631748973343301,
        "separated": false
      }
    }
  },
  "lpm": {
    "n": 1531,
    "r2": 0.05245903662676643,
    "adj_r2": 0.04622521449931094,
    "cov_type": "HC1",
    "by_var": {
      "const": {
        "coef": -0.02343152123887436,
        "se": 0.014871669806229528,
        "p": 0.11512238446370215,
        "separated": false
      },
      "ent_Accountant_CPA": {
        "coef": 0.028920876174803455,
        "se": 0.04079274490899847,
        "p": 0.478342427283995,
        "separated": false
      },
      "ent_Issuer_Corporate_\u2014_current": {
        "coef": 0.0849125991434419,
        "se": 0.09664342358982735,
        "p": 0.37960872687295066,
        "separated": false
      },
      "ent_Issuer_Corporate_\u2014_former": {
        "coef": -0.011831685213275895,
        "se": 0.003572309523742828,
        "p": 0.0009261337398387058,
        "separated": true
      },
      "ent_Investment_professional": {
        "coef": -0.014215707567386975,
        "se": 0.004602900087113642,
        "p": 0.0020122108510284434,
        "separated": true
      },
      "ent_Academic_researcher": {
        "coef": 0.1655789657781402,
        "se": 0.17262147042702194,
        "p": 0.33745668355417924,
        "separated": false
      },
      "ent_Industry_practitioner_technologist": {
        "coef": 0.017453062372812248,
        "se": 0.032271740991622215,
        "p": 0.5886346591942879,
        "separated": false
      },
      "ent_Legal_practitioner": {
        "coef": 0.23768881669335434,
        "se": 0.21882855236709728,
        "p": 0.27739608994288234,
        "separated": false
      },
      "ent_Trade_association_advocacy_organization": {
        "coef": 0.3018191107554555,
        "se": 0.2707500453313058,
        "p": 0.26495678017707014,
        "separated": false
      },
      "ent_Student": {
        "coef": 0.12829156512970966,
        "se": 0.1346548977769436,
        "p": 0.34072009807746795,
        "separated": false
      },
      "log_words": {
        "coef": 0.008441967012647968,
        "se": 0.004150126152099105,
        "p": 0.041936767880775806,
        "separated": false
      }
    }
  },
  "ordinal": {
    "n": 1570,
    "ll": -244.98586986009667,
    "mcfadden": 0.15304452339077934,
    "n_oppose": 1511,
    "n_conditional": 39,
    "n_support": 20,
    "cutpoints": [
      6.579140598738674,
      7.8173582078311785
    ],
    "by_var": {
      "ent_Accountant_CPA": {
        "coef": 1.3933314357910203,
        "se": 0.6475278526758499,
        "p": 0.031415421655289044,
        "separated": false
      },
      "ent_Issuer_Corporate_\u2014_current": {
        "coef": 2.4089455330465577,
        "se": 0.5655254408112318,
        "p": 2.0473901539480793e-05,
        "separated": false
      },
      "ent_Issuer_Corporate_\u2014_former": {
        "coef": 2.074449262723473,
        "se": 0.6715520538873303,
        "p": 0.002008063073580944,
        "separated": false
      },
      "ent_Investment_professional": {
        "coef": 0.08762703658854497,
        "se": 1.0438256930397585,
        "p": 0.9330978082558468,
        "separated": false
      },
      "ent_Academic_researcher": {
        "coef": 1.8837481308537163,
        "se": 0.7795662376240095,
        "p": 0.015674595114128564,
        "separated": false
      },
      "ent_Industry_practitioner_technologist": {
        "coef": 0.7111226139456132,
        "se": 0.673784269931674,
        "p": 0.2912351661573698,
        "separated": false
      },
      "ent_Legal_practitioner": {
        "coef": 2.6743711333378104,
        "se": 1.2079711504860247,
        "p": 0.026833163823463888,
        "separated": false
      },
      "ent_Trade_association_advocacy_organization": {
        "coef": 1.6915568251421498,
        "se": 1.3311741515448259,
        "p": 0.20382635104302038,
        "separated": false
      },
      "ent_Student": {
        "coef": 1.5926378128569687,
        "se": 1.1239880181555577,
        "p": 0.15649676853530603,
        "separated": false
      },
      "log_words": {
        "coef": 0.6989135403405139,
        "se": 0.14238767076644718,
        "p": 9.176360893367733e-07,
        "separated": false
      },
      "0/1": {
        "coef": 6.579140598738674,
        "se": 0.6512360612690722,
        "p": 5.382768353178117e-24,
        "separated": false
      },
      "1/2": {
        "coef": 0.21367293352707126,
        "se": 0.16252193499007903,
        "p": 0.18859968825369755,
        "separated": false
      }
    }
  },
  "po_lr_test": {
    "lr": 16.20809027692991,
    "df": 10,
    "p": 0.0938285123400141,
    "ordinal_ll": -244.98586986009667,
    "multinomial_ll": -236.88182472163172
  },
  "var_order": [
    "const",
    "ent_Accountant_CPA",
    "ent_Issuer_Corporate_\u2014_current",
    "ent_Issuer_Corporate_\u2014_former",
    "ent_Investment_professional",
    "ent_Academic_researcher",
    "ent_Industry_practitioner_technologist",
    "ent_Legal_practitioner",
    "ent_Trade_association_advocacy_organization",
    "ent_Student",
    "log_words"
  ],
  "labels": {
    "const": "Constant",
    "log_words": "log(words+1)",
    "ent_Accountant_CPA": "Accountant CPA",
    "ent_Issuer_Corporate_\u2014_current": "Issuer-current",
    "ent_Issuer_Corporate_\u2014_former": "Issuer-former",
    "ent_Investment_professional": "Investment prof.",
    "ent_Academic_researcher": "Academic",
    "ent_Industry_practitioner_technologist": "Industry pract.",
    "ent_Legal_practitioner": "Legal pract.",
    "ent_Trade_association_advocacy_organization": "Trade assoc.",
    "ent_Student": "Student"
  }
}