{
  "as_of": "2026-06-02",
  "n_records": 496,
  "logit": {
    "n": 461,
    "ll": -38.526465276862375,
    "mcfadden": 0.20067711420205914,
    "n_support": 10,
    "n_oppose": 451,
    "by_var": {
      "const": {
        "coef": -7.221619546738037,
        "se": 1.5552292251393591,
        "p": 3.4264918212248347e-06,
        "separated": false
      },
      "ent_Accountant_CPA": {
        "coef": 1.6096932042696077,
        "se": 1.1374427259590842,
        "p": 0.15701392112378876,
        "separated": false
      },
      "ent_Issuer_Corporate_\u2014_current": {
        "coef": 2.1103246454399254,
        "se": 1.25353399125223,
        "p": 0.09227831296577696,
        "separated": false
      },
      "ent_Issuer_Corporate_\u2014_former": {
        "coef": -22.072025099090737,
        "se": 223961.59734268775,
        "p": 0.9999213663046136,
        "separated": true
      },
      "ent_Investment_professional": {
        "coef": -27.054074535974472,
        "se": 1348341.9264856956,
        "p": 0.9999839906866697,
        "separated": true
      },
      "ent_Academic_researcher": {
        "coef": 1.537216100538749,
        "se": 1.649084376101957,
        "p": 0.3512520865727695,
        "separated": false
      },
      "ent_Industry_practitioner_technologist": {
        "coef": -28.07897652341848,
        "se": 1880072.1404821288,
        "p": 0.9999880835520255,
        "separated": true
      },
      "ent_Student": {
        "coef": 3.082476211829207,
        "se": 1.351246895459367,
        "p": 0.02253609852332914,
        "separated": false
      },
      "log_words": {
        "coef": 0.7045640690189163,
        "se": 0.31978595382712066,
        "p": 0.027578087621795054,
        "separated": false
      }
    }
  },
  "lpm": {
    "n": 461,
    "r2": 0.09356740897785099,
    "adj_r2": 0.07752435426949433,
    "cov_type": "HC1",
    "by_var": {
      "const": {
        "coef": -0.03855266152819149,
        "se": 0.025297803661200335,
        "p": 0.12752047465795383,
        "separated": false
      },
      "ent_Accountant_CPA": {
        "coef": 0.05837475464705956,
        "se": 0.07419839777710534,
        "p": 0.43143481576090115,
        "separated": false
      },
      "ent_Issuer_Corporate_\u2014_current": {
        "coef": 0.16926131859483562,
        "se": 0.1876137032288461,
        "p": 0.3669612917595879,
        "separated": false
      },
      "ent_Issuer_Corporate_\u2014_former": {
        "coef": -0.0205524907393982,
        "se": 0.008654160765890826,
        "p": 0.017555219979900547,
        "separated": true
      },
      "ent_Investment_professional": {
        "coef": -0.02275038814331208,
        "se": 0.010411710865044627,
        "p": 0.0288832139875687,
        "separated": true
      },
      "ent_Academic_researcher": {
        "coef": 0.27739511493158997,
        "se": 0.2609155191817513,
        "p": 0.28770910052544785,
        "separated": false
      },
      "ent_Industry_practitioner_technologist": {
        "coef": -0.027226303681477403,
        "se": 0.012926714247402814,
        "p": 0.03518659269174298,
        "separated": true
      },
      "ent_Student": {
        "coef": 0.3065728248230446,
        "se": 0.283376704798009,
        "p": 0.2793164614455519,
        "separated": false
      },
      "log_words": {
        "coef": 0.013693075096641449,
        "se": 0.007549025930131304,
        "p": 0.06969522452626582,
        "separated": false
      }
    }
  },
  "ordinal": {
    "n": 486,
    "ll": -111.6286422335223,
    "mcfadden": 0.2392131176357596,
    "n_oppose": 451,
    "n_conditional": 25,
    "n_support": 10,
    "cutpoints": [
      6.368084088492375,
      7.990967382447324
    ],
    "by_var": {
      "ent_Accountant_CPA": {
        "coef": 1.7290769768050314,
        "se": 0.7123145148406711,
        "p": 0.015207200618144946,
        "separated": false
      },
      "ent_Issuer_Corporate_\u2014_current": {
        "coef": 2.4473998593616266,
        "se": 0.6636863730152759,
        "p": 0.00022639255348725167,
        "separated": false
      },
      "ent_Issuer_Corporate_\u2014_former": {
        "coef": 1.8847972845067007,
        "se": 0.8637619760664742,
        "p": 0.029103667280879597,
        "separated": false
      },
      "ent_Investment_professional": {
        "coef": -12.598956575248309,
        "se": 583.8663567945375,
        "p": 0.9827841889783118,
        "separated": true
      },
      "ent_Academic_researcher": {
        "coef": 2.089667178092945,
        "se": 0.8715941186774663,
        "p": 0.016506332670522313,
        "separated": false
      },
      "ent_Industry_practitioner_technologist": {
        "coef": -0.544615298259993,
        "se": 1.1365225722517789,
        "p": 0.6318003088554454,
        "separated": false
      },
      "ent_Student": {
        "coef": 2.2751909613155177,
        "se": 1.404262801695855,
        "p": 0.10518865316961223,
        "separated": false
      },
      "log_words": {
        "coef": 0.7394901772142239,
        "se": 0.17898387167301835,
        "p": 3.602432909500905e-05,
        "separated": false
      },
      "0/1": {
        "coef": 6.368084088492375,
        "se": 0.8884958785199636,
        "p": 7.651167709595689e-13,
        "separated": false
      },
      "1/2": {
        "coef": 0.4842043783406624,
        "se": 0.20091335952241965,
        "p": 0.01595182806025468,
        "separated": false
      }
    }
  },
  "po_lr_test": {
    "lr": 11.73875813027334,
    "df": 8,
    "p": 0.1632459714880088,
    "ordinal_ll": -111.6286422335223,
    "multinomial_ll": -105.75926316838563
  },
  "var_order": [
    "const",
    "ent_Accountant_CPA",
    "ent_Issuer_Corporate_\u2014_current",
    "ent_Issuer_Corporate_\u2014_former",
    "ent_Investment_professional",
    "ent_Academic_researcher",
    "ent_Industry_practitioner_technologist",
    "ent_Student",
    "log_words"
  ],
  "labels": {
    "const": "Constant",
    "log_words": "log(words+1)",
    "ent_Accountant_CPA": "Accountant CPA",
    "ent_Issuer_Corporate_\u2014_current": "Issuer-current",
    "ent_Issuer_Corporate_\u2014_former": "Issuer-former",
    "ent_Investment_professional": "Investment prof.",
    "ent_Academic_researcher": "Academic",
    "ent_Industry_practitioner_technologist": "Industry pract.",
    "ent_Student": "Student"
  }
}