{
  "as_of": "2026-06-03",
  "n_records": 533,
  "logit": {
    "n": 496,
    "ll": -38.91080307915257,
    "mcfadden": 0.20490271122464798,
    "n_support": 10,
    "n_oppose": 486,
    "by_var": {
      "const": {
        "coef": -7.394700160718653,
        "se": 1.5609578412616605,
        "p": 2.166018279126974e-06,
        "separated": false
      },
      "ent_Accountant_CPA": {
        "coef": 1.6743862984159366,
        "se": 1.1386073233415057,
        "p": 0.14141111953252206,
        "separated": false
      },
      "ent_Issuer_Corporate_\u2014_current": {
        "coef": 2.156588214768968,
        "se": 1.2570988982969982,
        "p": 0.08624848733783508,
        "separated": false
      },
      "ent_Issuer_Corporate_\u2014_former": {
        "coef": -38.52174080126942,
        "se": 867197710.7027918,
        "p": 0.9999999645572147,
        "separated": true
      },
      "ent_Investment_professional": {
        "coef": -21.69303187393244,
        "se": 94917.44475504578,
        "p": 0.9998176464283968,
        "separated": true
      },
      "ent_Academic_researcher": {
        "coef": 1.5437883809707798,
        "se": 1.6630243444661021,
        "p": 0.3532510753930411,
        "separated": false
      },
      "ent_Industry_practitioner_technologist": {
        "coef": -31.299676094204585,
        "se": 9594133.217852335,
        "p": 0.9999973970000472,
        "separated": true
      },
      "ent_Student": {
        "coef": 3.1399289443528415,
        "se": 1.3549468942702283,
        "p": 0.020482956067008097,
        "separated": false
      },
      "log_words": {
        "coef": 0.7275933609997299,
        "se": 0.32181025326709106,
        "p": 0.023763032978927526,
        "separated": false
      }
    }
  },
  "lpm": {
    "n": 496,
    "r2": 0.09416980492531968,
    "adj_r2": 0.07928963744976025,
    "cov_type": "HC1",
    "by_var": {
      "const": {
        "coef": -0.03858238239069897,
        "se": 0.02481495009636537,
        "p": 0.11999276848596661,
        "separated": false
      },
      "ent_Accountant_CPA": {
        "coef": 0.059464017804100495,
        "se": 0.07410849517045685,
        "p": 0.42232659705888065,
        "separated": false
      },
      "ent_Issuer_Corporate_\u2014_current": {
        "coef": 0.1705767810259113,
        "se": 0.18732504203535447,
        "p": 0.3625101161361688,
        "separated": false
      },
      "ent_Issuer_Corporate_\u2014_former": {
        "coef": -0.0194260390593074,
        "se": 0.008212699913881828,
        "p": 0.018012272629256552,
        "separated": true
      },
      "ent_Investment_professional": {
        "coef": -0.021583153185888243,
        "se": 0.009959191431062022,
        "p": 0.03022271832713935,
        "separated": true
      },
      "ent_Academic_researcher": {
        "coef": 0.27917816957336244,
        "se": 0.26095702955534955,
        "p": 0.2846984054864634,
        "separated": false
      },
      "ent_Industry_practitioner_technologist": {
        "coef": -0.02597601548217389,
        "se": 0.012432345149639442,
        "p": 0.03667264622153887,
        "separated": true
      },
      "ent_Student": {
        "coef": 0.3078144699193447,
        "se": 0.28300786898077107,
        "p": 0.27674814867827413,
        "separated": false
      },
      "log_words": {
        "coef": 0.013438992045167748,
        "se": 0.007373891494106573,
        "p": 0.06837761604720428,
        "separated": false
      }
    }
  },
  "ordinal": {
    "n": 521,
    "ll": -112.65745909812554,
    "mcfadden": 0.24517935978397287,
    "n_oppose": 486,
    "n_conditional": 25,
    "n_support": 10,
    "cutpoints": [
      6.532957890244195,
      8.156955128872706
    ],
    "by_var": {
      "ent_Accountant_CPA": {
        "coef": 1.7970196571925885,
        "se": 0.7131534522086268,
        "p": 0.011741424044385211,
        "separated": false
      },
      "ent_Issuer_Corporate_\u2014_current": {
        "coef": 2.493675227643998,
        "se": 0.6656631120815857,
        "p": 0.00017956778180890244,
        "separated": false
      },
      "ent_Issuer_Corporate_\u2014_former": {
        "coef": 1.9495344027383879,
        "se": 0.86422423517078,
        "p": 0.024081899854731612,
        "separated": false
      },
      "ent_Investment_professional": {
        "coef": -11.646006562876979,
        "se": 372.5813517939419,
        "p": 0.9750640876857192,
        "separated": true
      },
      "ent_Academic_researcher": {
        "coef": 2.1085657328150584,
        "se": 0.8760585939097295,
        "p": 0.01608956505431105,
        "separated": false
      },
      "ent_Industry_practitioner_technologist": {
        "coef": -0.5134344796241743,
        "se": 1.140014444097493,
        "p": 0.6524397681914058,
        "separated": false
      },
      "ent_Student": {
        "coef": 2.3286943853411315,
        "se": 1.4070107462408015,
        "p": 0.09791129272291124,
        "separated": false
      },
      "log_words": {
        "coef": 0.7606483544778138,
        "se": 0.18002048199325513,
        "p": 2.3857669158336555e-05,
        "separated": false
      },
      "0/1": {
        "coef": 6.532957890244195,
        "se": 0.8910373272394138,
        "p": 2.2698594229821294e-13,
        "separated": false
      },
      "1/2": {
        "coef": 0.48489054138613885,
        "se": 0.20108539443949827,
        "p": 0.01589287816007169,
        "separated": false
      }
    }
  },
  "po_lr_test": {
    "lr": 11.893964890299998,
    "df": 8,
    "p": 0.15599798383633445,
    "ordinal_ll": -112.65745909812554,
    "multinomial_ll": -106.71047665297554
  },
  "var_order": [
    "const",
    "ent_Accountant_CPA",
    "ent_Issuer_Corporate_\u2014_current",
    "ent_Issuer_Corporate_\u2014_former",
    "ent_Investment_professional",
    "ent_Academic_researcher",
    "ent_Industry_practitioner_technologist",
    "ent_Student",
    "log_words"
  ],
  "labels": {
    "const": "Constant",
    "log_words": "log(words+1)",
    "ent_Accountant_CPA": "Accountant CPA",
    "ent_Issuer_Corporate_\u2014_current": "Issuer-current",
    "ent_Issuer_Corporate_\u2014_former": "Issuer-former",
    "ent_Investment_professional": "Investment prof.",
    "ent_Academic_researcher": "Academic",
    "ent_Industry_practitioner_technologist": "Industry pract.",
    "ent_Student": "Student"
  }
}