{
  "as_of": "2026-06-22",
  "n_records": 1991,
  "logit": {
    "n": 1920,
    "ll": -102.10017970277016,
    "mcfadden": 0.11763117362578035,
    "n_support": 21,
    "n_oppose": 1899,
    "by_var": {
      "const": {
        "coef": -7.086434236458619,
        "se": 1.0767268249572928,
        "p": 4.658516976360085e-11,
        "separated": false
      },
      "ent_Accountant_CPA": {
        "coef": 1.251500278876762,
        "se": 1.0756663703100882,
        "p": 0.2446408508724479,
        "separated": false
      },
      "ent_Issuer_Corporate_\u2014_current": {
        "coef": 2.0444966096351487,
        "se": 1.0941203546935963,
        "p": 0.06167551894177271,
        "separated": false
      },
      "ent_Issuer_Corporate_\u2014_former": {
        "coef": -22.85950646683752,
        "se": 273006.3749136698,
        "p": 0.9999331911305664,
        "separated": true
      },
      "ent_Investment_professional": {
        "coef": -22.2771702150184,
        "se": 117935.42895443199,
        "p": 0.9998492852383306,
        "separated": true
      },
      "ent_Academic_researcher": {
        "coef": 1.7378554206280097,
        "se": 1.433056280608906,
        "p": 0.22524772408227411,
        "separated": false
      },
      "ent_Industry_practitioner_technologist": {
        "coef": 0.8918886015491885,
        "se": 1.072778016568405,
        "p": 0.40575772293547707,
        "separated": false
      },
      "ent_Legal_practitioner": {
        "coef": 2.581261739184069,
        "se": 1.1185151373076072,
        "p": 0.021012625868611946,
        "separated": false
      },
      "ent_Trade_association_advocacy_organization": {
        "coef": 2.743451476357099,
        "se": 1.4111421372972366,
        "p": 0.051879117440697405,
        "separated": false
      },
      "ent_Student": {
        "coef": 2.510725557850187,
        "se": 1.1229839380339726,
        "p": 0.025367321994251422,
        "separated": false
      },
      "log_words": {
        "coef": 0.553955856757632,
        "se": 0.24476930609178701,
        "p": 0.023624882930140173,
        "separated": false
      }
    }
  },
  "lpm": {
    "n": 1920,
    "r2": 0.041633125022392914,
    "adj_r2": 0.03661286899841387,
    "cov_type": "HC1",
    "by_var": {
      "const": {
        "coef": -0.018344612496258413,
        "se": 0.012618492923012117,
        "p": 0.1460051154764826,
        "separated": false
      },
      "ent_Accountant_CPA": {
        "coef": 0.025771637331230432,
        "se": 0.03638516171435148,
        "p": 0.4787585114561502,
        "separated": false
      },
      "ent_Issuer_Corporate_\u2014_current": {
        "coef": 0.06527414545890531,
        "se": 0.07492513611373626,
        "p": 0.38364957300171454,
        "separated": false
      },
      "ent_Issuer_Corporate_\u2014_former": {
        "coef": -0.010684652062040681,
        "se": 0.0032744957733906502,
        "p": 0.0011024280413993845,
        "separated": true
      },
      "ent_Investment_professional": {
        "coef": -0.011260870930744139,
        "se": 0.0035848393149308915,
        "p": 0.0016822925630005665,
        "separated": true
      },
      "ent_Academic_researcher": {
        "coef": 0.17199517498652495,
        "se": 0.17368314360072884,
        "p": 0.3220366279683575,
        "separated": false
      },
      "ent_Industry_practitioner_technologist": {
        "coef": 0.016069837806985385,
        "se": 0.02771021324751723,
        "p": 0.5619653811090279,
        "separated": false
      },
      "ent_Legal_practitioner": {
        "coef": 0.11279912544815986,
        "se": 0.11844302983618638,
        "p": 0.3409199104742201,
        "separated": false
      },
      "ent_Trade_association_advocacy_organization": {
        "coef": 0.3076573438150676,
        "se": 0.27097746909229037,
        "p": 0.2562239487549929,
        "separated": false
      },
      "ent_Student": {
        "coef": 0.1121327667375862,
        "se": 0.11891257399544677,
        "p": 0.3456886048865542,
        "separated": false
      },
      "log_words": {
        "coef": 0.0067634077595323,
        "se": 0.0034900662352615346,
        "p": 0.05263513020605122,
        "separated": false
      }
    }
  },
  "ordinal": {
    "n": 1961,
    "ll": -269.8769190480343,
    "mcfadden": 0.14284780477182624,
    "n_oppose": 1899,
    "n_conditional": 41,
    "n_support": 21,
    "cutpoints": [
      6.318039486950193,
      7.536434401606905
    ],
    "by_var": {
      "ent_Accountant_CPA": {
        "coef": 1.3863047751778121,
        "se": 0.6470885651672936,
        "p": 0.03216351549670137,
        "separated": false
      },
      "ent_Issuer_Corporate_\u2014_current": {
        "coef": 2.7327678621396605,
        "se": 0.5150114322336605,
        "p": 1.119172191260596e-07,
        "separated": false
      },
      "ent_Issuer_Corporate_\u2014_former": {
        "coef": 2.129545763158994,
        "se": 0.6663367564823485,
        "p": 0.0013939532587164945,
        "separated": false
      },
      "ent_Investment_professional": {
        "coef": 0.10004904234144517,
        "se": 1.0367059953160243,
        "p": 0.9231181775540507,
        "separated": false
      },
      "ent_Academic_researcher": {
        "coef": 2.313734076648006,
        "se": 0.7633865313852016,
        "p": 0.002438409670487306,
        "separated": false
      },
      "ent_Industry_practitioner_technologist": {
        "coef": 0.8706746297230336,
        "se": 0.6569298697692587,
        "p": 0.1850487204116894,
        "separated": false
      },
      "ent_Legal_practitioner": {
        "coef": 1.658365899801486,
        "se": 1.102783437662735,
        "p": 0.1326328323708089,
        "separated": false
      },
      "ent_Trade_association_advocacy_organization": {
        "coef": 2.0781786774608193,
        "se": 1.3208360447351086,
        "p": 0.11563056411218095,
        "separated": false
      },
      "ent_Student": {
        "coef": 1.5692812830373106,
        "se": 1.1041512532433835,
        "p": 0.1552424316728768,
        "separated": false
      },
      "log_words": {
        "coef": 0.5997268364972603,
        "se": 0.13692395943691796,
        "p": 1.1867972988820722e-05,
        "separated": false
      },
      "0/1": {
        "coef": 6.318039486950193,
        "se": 0.61372604590937,
        "p": 7.455980731976416e-25,
        "separated": false
      },
      "1/2": {
        "coef": 0.19753434880211376,
        "se": 0.15913553223518576,
        "p": 0.21449630769221995,
        "separated": false
      }
    }
  },
  "po_lr_test": {
    "lr": 16.080085652574894,
    "df": 10,
    "p": 0.09736269224981076,
    "ordinal_ll": -269.8769190480343,
    "multinomial_ll": -261.8368762217469
  },
  "var_order": [
    "const",
    "ent_Accountant_CPA",
    "ent_Issuer_Corporate_\u2014_current",
    "ent_Issuer_Corporate_\u2014_former",
    "ent_Investment_professional",
    "ent_Academic_researcher",
    "ent_Industry_practitioner_technologist",
    "ent_Legal_practitioner",
    "ent_Trade_association_advocacy_organization",
    "ent_Student",
    "log_words"
  ],
  "labels": {
    "const": "Constant",
    "log_words": "log(words+1)",
    "ent_Accountant_CPA": "Accountant CPA",
    "ent_Issuer_Corporate_\u2014_current": "Issuer-current",
    "ent_Issuer_Corporate_\u2014_former": "Issuer-former",
    "ent_Investment_professional": "Investment prof.",
    "ent_Academic_researcher": "Academic",
    "ent_Industry_practitioner_technologist": "Industry pract.",
    "ent_Legal_practitioner": "Legal pract.",
    "ent_Trade_association_advocacy_organization": "Trade assoc.",
    "ent_Student": "Student"
  }
}