{
  "as_of": "2026-05-18",
  "n_records": 225,
  "logit": {
    "n": 181,
    "ll": -22.76967671478724,
    "mcfadden": 0.23155816169053534,
    "n_support": 7,
    "n_oppose": 174,
    "by_var": {
      "const": {
        "coef": -5.412276062271553,
        "se": 1.8063640582592115,
        "p": 0.002733432175075393,
        "separated": false
      },
      "ent_Accountant_CPA": {
        "coef": -9.083318440080863,
        "se": 176.94168456376357,
        "p": 0.9590585020526458,
        "separated": true
      },
      "ent_Issuer_Corporate_\u2014_current": {
        "coef": 1.7485406401224421,
        "se": 1.2790262568303636,
        "p": 0.17159792194329992,
        "separated": false
      },
      "ent_Issuer_Corporate_\u2014_former": {
        "coef": -7.730609413743187,
        "se": 137.00760495876244,
        "p": 0.9550035014374529,
        "separated": true
      },
      "ent_Investment_professional": {
        "coef": -10.996253855030448,
        "se": 404.4674957682923,
        "p": 0.9783105921660351,
        "separated": true
      },
      "ent_Academic_researcher": {
        "coef": 2.1191222334173903,
        "se": 1.925138854636358,
        "p": 0.27099968049554946,
        "separated": false
      },
      "ent_Industry_practitioner_technologist": {
        "coef": -11.41813891189566,
        "se": 516.5726496303131,
        "p": 0.9823652782065445,
        "separated": true
      },
      "ent_Student": {
        "coef": 3.3753809418640572,
        "se": 1.5489520114924888,
        "p": 0.029321381950561304,
        "separated": false
      },
      "log_words": {
        "coef": 0.43745822421517405,
        "se": 0.380290427231643,
        "p": 0.250009346436322,
        "separated": false
      }
    }
  },
  "lpm": {
    "n": 181,
    "r2": 0.16171375706706637,
    "adj_r2": 0.12272369925623217,
    "cov_type": "HC1",
    "by_var": {
      "const": {
        "coef": -0.030486154383218562,
        "se": 0.04636375774810187,
        "p": 0.5108319699286836,
        "separated": false
      },
      "ent_Accountant_CPA": {
        "coef": -0.02747999052951257,
        "se": 0.014271021618031092,
        "p": 0.0541568666831498,
        "separated": true
      },
      "ent_Issuer_Corporate_\u2014_current": {
        "coef": 0.15697649677956696,
        "se": 0.19447126875009352,
        "p": 0.4195533728468046,
        "separated": false
      },
      "ent_Issuer_Corporate_\u2014_former": {
        "coef": -0.03314684584636976,
        "se": 0.0177190389885828,
        "p": 0.06138793018652116,
        "separated": true
      },
      "ent_Investment_professional": {
        "coef": -0.03554767659693443,
        "se": 0.020342255305544274,
        "p": 0.08055417682264458,
        "separated": true
      },
      "ent_Academic_researcher": {
        "coef": 0.4211516428536951,
        "se": 0.35369754056712754,
        "p": 0.23376695748468412,
        "separated": false
      },
      "ent_Industry_practitioner_technologist": {
        "coef": -0.040560601894235424,
        "se": 0.02476890498004802,
        "p": 0.10151322767543444,
        "separated": true
      },
      "ent_Student": {
        "coef": 0.462848657085436,
        "se": 0.3758154150535187,
        "p": 0.21810411803654084,
        "separated": false
      },
      "log_words": {
        "coef": 0.014526681390247726,
        "se": 0.013748536375693935,
        "p": 0.29069491591126306,
        "separated": false
      }
    }
  },
  "ordinal": {
    "n": 202,
    "ll": -75.30639709344359,
    "mcfadden": 0.22395029492708352,
    "n_oppose": 174,
    "n_conditional": 21,
    "n_support": 7,
    "cutpoints": [
      4.615089765377545,
      6.522459652250206
    ],
    "by_var": {
      "ent_Accountant_CPA": {
        "coef": 0.7497171344424415,
        "se": 0.8369227925683782,
        "p": 0.3703585068493681,
        "separated": false
      },
      "ent_Issuer_Corporate_\u2014_current": {
        "coef": 2.1010935591480595,
        "se": 0.6537127957004607,
        "p": 0.0013085739512663289,
        "separated": false
      },
      "ent_Issuer_Corporate_\u2014_former": {
        "coef": 0.7168715101025068,
        "se": 1.153038133019803,
        "p": 0.534123350542541,
        "separated": false
      },
      "ent_Investment_professional": {
        "coef": -11.206627118003414,
        "se": 246.65868935608466,
        "p": 0.963761586960351,
        "separated": true
      },
      "ent_Academic_researcher": {
        "coef": 2.4494223359224194,
        "se": 1.0132930595534821,
        "p": 0.015636589531288086,
        "separated": false
      },
      "ent_Industry_practitioner_technologist": {
        "coef": -11.280061690907008,
        "se": 261.13906850659225,
        "p": 0.9655456035235358,
        "separated": true
      },
      "ent_Student": {
        "coef": 3.1638503986573743,
        "se": 1.9052806171873566,
        "p": 0.09679998977327893,
        "separated": false
      },
      "log_words": {
        "coef": 0.5166275614406186,
        "se": 0.1899374861882388,
        "p": 0.006528441197713095,
        "separated": false
      },
      "0/1": {
        "coef": 4.615089765377545,
        "se": 0.9351732169278374,
        "p": 8.014639502667901e-07,
        "separated": false
      },
      "1/2": {
        "coef": 0.6457252705119216,
        "se": 0.21875533561270424,
        "p": 0.0031591218954047625,
        "separated": false
      }
    }
  },
  "po_lr_test": {
    "lr": 8.811131932002752,
    "df": 8,
    "p": 0.3584784537295327,
    "ordinal_ll": -75.30639709344359,
    "multinomial_ll": -70.90083112744222
  },
  "var_order": [
    "const",
    "ent_Accountant_CPA",
    "ent_Issuer_Corporate_\u2014_current",
    "ent_Issuer_Corporate_\u2014_former",
    "ent_Investment_professional",
    "ent_Academic_researcher",
    "ent_Industry_practitioner_technologist",
    "ent_Student",
    "log_words"
  ],
  "labels": {
    "const": "Constant",
    "log_words": "log(words+1)",
    "ent_Accountant_CPA": "Accountant CPA",
    "ent_Issuer_Corporate_\u2014_current": "Issuer-current",
    "ent_Issuer_Corporate_\u2014_former": "Issuer-former",
    "ent_Investment_professional": "Investment prof.",
    "ent_Academic_researcher": "Academic",
    "ent_Industry_practitioner_technologist": "Industry pract.",
    "ent_Student": "Student"
  }
}