{
  "as_of": "2026-06-17",
  "n_records": 1596,
  "logit": {
    "n": 1494,
    "ll": -92.06814286609308,
    "mcfadden": 0.13253847767353255,
    "n_support": 20,
    "n_oppose": 1474,
    "by_var": {
      "const": {
        "coef": -7.122972340127412,
        "se": 1.124239801959957,
        "p": 2.360941039239371e-10,
        "separated": false
      },
      "ent_Accountant_CPA": {
        "coef": 1.2678116067583152,
        "se": 1.0695762450654984,
        "p": 0.2358830071253163,
        "separated": false
      },
      "ent_Issuer_Corporate_\u2014_current": {
        "coef": 2.036555060174469,
        "se": 1.1206529015521811,
        "p": 0.0691722084231466,
        "separated": false
      },
      "ent_Issuer_Corporate_\u2014_former": {
        "coef": -25.300427888043213,
        "se": 921582.8262036034,
        "p": 0.9999780954893939,
        "separated": true
      },
      "ent_Investment_professional": {
        "coef": -24.09258180487033,
        "se": 291175.5953295408,
        "p": 0.9999339810776096,
        "separated": true
      },
      "ent_Academic_researcher": {
        "coef": 1.391825576659583,
        "se": 1.4555841239005538,
        "p": 0.33897257507973666,
        "separated": false
      },
      "ent_Industry_practitioner_technologist": {
        "coef": 0.795129448619773,
        "se": 1.0823015515918917,
        "p": 0.462543327559651,
        "separated": false
      },
      "ent_Legal_practitioner": {
        "coef": 3.4452110030680902,
        "se": 1.195028587284477,
        "p": 0.0039396647704387465,
        "separated": false
      },
      "ent_Trade_association_advocacy_organization": {
        "coef": 2.4377836262818016,
        "se": 1.4207301746456675,
        "p": 0.08618643891020682,
        "separated": false
      },
      "ent_Student": {
        "coef": 2.5242093242691235,
        "se": 1.1367659299360557,
        "p": 0.026383618332661833,
        "separated": false
      },
      "log_words": {
        "coef": 0.6051537289652688,
        "se": 0.25223540812147316,
        "p": 0.016432621006666766,
        "separated": false
      }
    }
  },
  "lpm": {
    "n": 1494,
    "r2": 0.052381136385699634,
    "adj_r2": 0.04599125868095044,
    "cov_type": "HC1",
    "by_var": {
      "const": {
        "coef": -0.023560453751318305,
        "se": 0.014963062296146116,
        "p": 0.11535473253591087,
        "separated": false
      },
      "ent_Accountant_CPA": {
        "coef": 0.02859726362644115,
        "se": 0.040800493578679924,
        "p": 0.4833624006431695,
        "separated": false
      },
      "ent_Issuer_Corporate_\u2014_current": {
        "coef": 0.08455969519242472,
        "se": 0.0966736490601294,
        "p": 0.38174135794491004,
        "separated": false
      },
      "ent_Issuer_Corporate_\u2014_former": {
        "coef": -0.012143863141178681,
        "se": 0.0036596377047305164,
        "p": 0.0009055941587275058,
        "separated": true
      },
      "ent_Investment_professional": {
        "coef": -0.014557707433117614,
        "se": 0.004698925032274041,
        "p": 0.0019477020128076934,
        "separated": true
      },
      "ent_Academic_researcher": {
        "coef": 0.16498421576758074,
        "se": 0.17257314054754166,
        "p": 0.339059665370524,
        "separated": false
      },
      "ent_Industry_practitioner_technologist": {
        "coef": 0.01710369097125043,
        "se": 0.03229006649192254,
        "p": 0.5963276200946639,
        "separated": false
      },
      "ent_Legal_practitioner": {
        "coef": 0.23737064068313352,
        "se": 0.21886911330448128,
        "p": 0.27812881759052077,
        "separated": false
      },
      "ent_Trade_association_advocacy_organization": {
        "coef": 0.3012607222982916,
        "se": 0.2707505670092937,
        "p": 0.26584274402094743,
        "separated": false
      },
      "ent_Student": {
        "coef": 0.12794518870847357,
        "se": 0.13469370469891367,
        "p": 0.34216443026080257,
        "separated": false
      },
      "log_words": {
        "coef": 0.008547568294011779,
        "se": 0.004186564829546308,
        "p": 0.04118464453400407,
        "separated": false
      }
    }
  },
  "ordinal": {
    "n": 1532,
    "ll": -238.98297093064252,
    "mcfadden": 0.1589138773520835,
    "n_oppose": 1474,
    "n_conditional": 38,
    "n_support": 20,
    "cutpoints": [
      6.622488832752024,
      7.845524666956102
    ],
    "by_var": {
      "ent_Accountant_CPA": {
        "coef": 1.3554199526614952,
        "se": 0.6494321507175748,
        "p": 0.0368804722695929,
        "separated": false
      },
      "ent_Issuer_Corporate_\u2014_current": {
        "coef": 2.3652287901980866,
        "se": 0.566009815879855,
        "p": 2.9308090534576128e-05,
        "separated": false
      },
      "ent_Issuer_Corporate_\u2014_former": {
        "coef": 2.0500161207982797,
        "se": 0.6708492574541934,
        "p": 0.002244219185602829,
        "separated": false
      },
      "ent_Investment_professional": {
        "coef": -9.834422938165549,
        "se": 138.65578957826708,
        "p": 0.9434559478628283,
        "separated": true
      },
      "ent_Academic_researcher": {
        "coef": 1.8070412088532182,
        "se": 0.7811505157732069,
        "p": 0.02070574833465496,
        "separated": false
      },
      "ent_Industry_practitioner_technologist": {
        "coef": 0.6654757095621501,
        "se": 0.6753852477069003,
        "p": 0.3244631911672007,
        "separated": false
      },
      "ent_Legal_practitioner": {
        "coef": 2.662181068691102,
        "se": 1.2046111846285046,
        "p": 0.027105718229980987,
        "separated": false
      },
      "ent_Trade_association_advocacy_organization": {
        "coef": 1.6063624115506843,
        "se": 1.3355067014396274,
        "p": 0.2290493915975712,
        "separated": false
      },
      "ent_Student": {
        "coef": 1.559107430639096,
        "se": 1.124718398329108,
        "p": 0.16567965685411268,
        "separated": false
      },
      "log_words": {
        "coef": 0.714601075403179,
        "se": 0.14269781769461706,
        "p": 5.505781485698296e-07,
        "separated": false
      },
      "0/1": {
        "coef": 6.622488832752024,
        "se": 0.6551796613179061,
        "p": 5.096629081412009e-24,
        "separated": false
      },
      "1/2": {
        "coef": 0.20133615652442366,
        "se": 0.1643253748761562,
        "p": 0.220489084283101,
        "separated": false
      }
    }
  },
  "po_lr_test": {
    "lr": 15.778293581075843,
    "df": 10,
    "p": 0.10615732800565536,
    "ordinal_ll": -238.98297093064252,
    "multinomial_ll": -231.0938241401046
  },
  "var_order": [
    "const",
    "ent_Accountant_CPA",
    "ent_Issuer_Corporate_\u2014_current",
    "ent_Issuer_Corporate_\u2014_former",
    "ent_Investment_professional",
    "ent_Academic_researcher",
    "ent_Industry_practitioner_technologist",
    "ent_Legal_practitioner",
    "ent_Trade_association_advocacy_organization",
    "ent_Student",
    "log_words"
  ],
  "labels": {
    "const": "Constant",
    "log_words": "log(words+1)",
    "ent_Accountant_CPA": "Accountant CPA",
    "ent_Issuer_Corporate_\u2014_current": "Issuer-current",
    "ent_Issuer_Corporate_\u2014_former": "Issuer-former",
    "ent_Investment_professional": "Investment prof.",
    "ent_Academic_researcher": "Academic",
    "ent_Industry_practitioner_technologist": "Industry pract.",
    "ent_Legal_practitioner": "Legal pract.",
    "ent_Trade_association_advocacy_organization": "Trade assoc.",
    "ent_Student": "Student"
  }
}