{
  "as_of": "2026-06-04",
  "n_records": 657,
  "logit": {
    "n": 618,
    "ll": -45.4035939522708,
    "mcfadden": 0.23281044359828262,
    "n_support": 12,
    "n_oppose": 606,
    "by_var": {
      "const": {
        "coef": -6.877786152929257,
        "se": 1.415035403043111,
        "p": 1.1708689497275331e-06,
        "separated": false
      },
      "ent_Accountant_CPA": {
        "coef": 1.729580112211951,
        "se": 1.1222878506793872,
        "p": 0.1232876135065566,
        "separated": false
      },
      "ent_Issuer_Corporate_\u2014_current": {
        "coef": 2.3106602607667357,
        "se": 1.243438399982964,
        "p": 0.06312885715294583,
        "separated": false
      },
      "ent_Issuer_Corporate_\u2014_former": {
        "coef": -24.569627961258245,
        "se": 730415.942364579,
        "p": 0.9999731608722178,
        "separated": true
      },
      "ent_Investment_professional": {
        "coef": -22.708709315827566,
        "se": 153247.99007991713,
        "p": 0.9998817672683139,
        "separated": true
      },
      "ent_Academic_researcher": {
        "coef": 1.9103954330947481,
        "se": 1.6145622144462537,
        "p": 0.23671874654696112,
        "separated": false
      },
      "ent_Industry_practitioner_technologist": {
        "coef": -29.308426121921563,
        "se": 3763263.085854946,
        "p": 0.9999937860467976,
        "separated": true
      },
      "ent_Legal_practitioner": {
        "coef": 26.755465280771322,
        "se": 62774.73542883099,
        "p": 0.9996599305138849,
        "separated": true
      },
      "ent_Student": {
        "coef": 3.235686386859576,
        "se": 1.3330686465724557,
        "p": 0.015213909284117847,
        "separated": false
      },
      "log_words": {
        "coef": 0.6051316190589011,
        "se": 0.3041804104521954,
        "p": 0.04665884250938193,
        "separated": false
      }
    }
  },
  "lpm": {
    "n": 618,
    "r2": 0.1587293801546753,
    "adj_r2": 0.14627636111091225,
    "cov_type": "HC1",
    "by_var": {
      "const": {
        "coef": -0.027576275375356184,
        "se": 0.023180911608030565,
        "p": 0.23419918575662446,
        "separated": false
      },
      "ent_Accountant_CPA": {
        "coef": 0.060987829410995696,
        "se": 0.07406449556362708,
        "p": 0.4102565870239584,
        "separated": false
      },
      "ent_Issuer_Corporate_\u2014_current": {
        "coef": 0.174775576454239,
        "se": 0.18583197235882015,
        "p": 0.3469594764888041,
        "separated": false
      },
      "ent_Issuer_Corporate_\u2014_former": {
        "coef": -0.018065913971961518,
        "se": 0.0074040032995456966,
        "p": 0.014686460651167582,
        "separated": true
      },
      "ent_Investment_professional": {
        "coef": -0.018855106654077136,
        "se": 0.008201364878097767,
        "p": 0.021503770608626096,
        "separated": true
      },
      "ent_Academic_researcher": {
        "coef": 0.2889066096216019,
        "se": 0.26329489044182447,
        "p": 0.2725216794948605,
        "separated": false
      },
      "ent_Industry_practitioner_technologist": {
        "coef": -0.021669773083184594,
        "se": 0.009957926036914505,
        "p": 0.029545304817198328,
        "separated": true
      },
      "ent_Legal_practitioner": {
        "coef": 0.9893497181186935,
        "se": 0.004133035983391409,
        "p": 0.0,
        "separated": true
      },
      "ent_Student": {
        "coef": 0.31114031746976994,
        "se": 0.28095983557607745,
        "p": 0.2681127268118766,
        "separated": false
      },
      "log_words": {
        "coef": 0.010434260686468196,
        "se": 0.006664192825692731,
        "p": 0.11741415754876534,
        "separated": false
      }
    }
  },
  "ordinal": {
    "n": 643,
    "ll": -122.17073546369325,
    "mcfadden": 0.25899201479181555,
    "n_oppose": 606,
    "n_conditional": 25,
    "n_support": 12,
    "cutpoints": [
      6.580590436999673,
      8.095252759901717
    ],
    "by_var": {
      "ent_Accountant_CPA": {
        "coef": 1.9223964582129633,
        "se": NaN,
        "p": NaN,
        "separated": false
      },
      "ent_Issuer_Corporate_\u2014_current": {
        "coef": 2.6122998249335576,
        "se": NaN,
        "p": NaN,
        "separated": false
      },
      "ent_Issuer_Corporate_\u2014_former": {
        "coef": 1.9088715664073828,
        "se": NaN,
        "p": NaN,
        "separated": false
      },
      "ent_Investment_professional": {
        "coef": -10.882910485082746,
        "se": NaN,
        "p": NaN,
        "separated": true
      },
      "ent_Academic_researcher": {
        "coef": 2.2381186788515337,
        "se": NaN,
        "p": NaN,
        "separated": false
      },
      "ent_Industry_practitioner_technologist": {
        "coef": -0.39638402027847763,
        "se": NaN,
        "p": NaN,
        "separated": false
      },
      "ent_Legal_practitioner": {
        "coef": 33.98892927424143,
        "se": NaN,
        "p": NaN,
        "separated": true
      },
      "ent_Student": {
        "coef": 2.4759792474084485,
        "se": NaN,
        "p": NaN,
        "separated": false
      },
      "log_words": {
        "coef": 0.7420105114626947,
        "se": NaN,
        "p": NaN,
        "separated": false
      },
      "0/1": {
        "coef": 6.580590436999673,
        "se": NaN,
        "p": NaN,
        "separated": false
      },
      "1/2": {
        "coef": 0.4151925249442812,
        "se": NaN,
        "p": NaN,
        "separated": false
      }
    }
  },
  "po_lr_test": {
    "lr": 13.332362946735657,
    "df": 9,
    "p": 0.14813481233174364,
    "ordinal_ll": -122.17073546369325,
    "multinomial_ll": -115.50455399032542
  },
  "var_order": [
    "const",
    "ent_Accountant_CPA",
    "ent_Issuer_Corporate_\u2014_current",
    "ent_Issuer_Corporate_\u2014_former",
    "ent_Investment_professional",
    "ent_Academic_researcher",
    "ent_Industry_practitioner_technologist",
    "ent_Legal_practitioner",
    "ent_Student",
    "log_words"
  ],
  "labels": {
    "const": "Constant",
    "log_words": "log(words+1)",
    "ent_Accountant_CPA": "Accountant CPA",
    "ent_Issuer_Corporate_\u2014_current": "Issuer-current",
    "ent_Issuer_Corporate_\u2014_former": "Issuer-former",
    "ent_Investment_professional": "Investment prof.",
    "ent_Academic_researcher": "Academic",
    "ent_Industry_practitioner_technologist": "Industry pract.",
    "ent_Legal_practitioner": "Legal pract.",
    "ent_Student": "Student"
  }
}