{
  "as_of": "2026-06-01",
  "n_records": 473,
  "logit": {
    "n": 429,
    "ll": -37.98969600398054,
    "mcfadden": 0.19973258495479151,
    "n_support": 10,
    "n_oppose": 419,
    "by_var": {
      "const": {
        "coef": -7.172890787461402,
        "se": 1.5583619605277559,
        "p": 4.167683781723418e-06,
        "separated": false
      },
      "ent_Accountant_CPA": {
        "coef": 1.5199534218663875,
        "se": 1.1375910141820065,
        "p": 0.18151139948103445,
        "separated": false
      },
      "ent_Issuer_Corporate_\u2014_current": {
        "coef": 2.008735235556293,
        "se": 1.256225355322051,
        "p": 0.10981513856686541,
        "separated": false
      },
      "ent_Issuer_Corporate_\u2014_former": {
        "coef": -6.4619097299714925,
        "se": 87.38822372414629,
        "p": 0.9410542625876678,
        "separated": true
      },
      "ent_Investment_professional": {
        "coef": -11.733919530139861,
        "se": 614.6995976359509,
        "p": 0.9847702117961729,
        "separated": true
      },
      "ent_Academic_researcher": {
        "coef": 1.4216555194727567,
        "se": 1.6557033798343688,
        "p": 0.3905383727145989,
        "separated": false
      },
      "ent_Industry_practitioner_technologist": {
        "coef": -12.958879515718385,
        "se": 930.9745619881792,
        "p": 0.9888940510047913,
        "separated": true
      },
      "ent_Student": {
        "coef": 2.989477715857081,
        "se": 1.352763841828041,
        "p": 0.027111851712130933,
        "separated": false
      },
      "log_words": {
        "coef": 0.7135661030162739,
        "se": 0.3208632590659465,
        "p": 0.026155529380673788,
        "separated": false
      }
    }
  },
  "lpm": {
    "n": 429,
    "r2": 0.09371579599624968,
    "adj_r2": 0.07645323972951168,
    "cov_type": "HC1",
    "by_var": {
      "const": {
        "coef": -0.04110711834673127,
        "se": 0.026841628077689538,
        "p": 0.12565354957181907,
        "separated": false
      },
      "ent_Accountant_CPA": {
        "coef": 0.05665468699775304,
        "se": 0.07426116910437495,
        "p": 0.4455162810738914,
        "separated": false
      },
      "ent_Issuer_Corporate_\u2014_current": {
        "coef": 0.1666286924413232,
        "se": 0.1883270853089243,
        "p": 0.37627342528982244,
        "separated": false
      },
      "ent_Issuer_Corporate_\u2014_former": {
        "coef": -0.022422588503137574,
        "se": 0.009433624590070824,
        "p": 0.01745979279759144,
        "separated": true
      },
      "ent_Investment_professional": {
        "coef": -0.025828408989309177,
        "se": 0.011866619416349318,
        "p": 0.029513413438780636,
        "separated": true
      },
      "ent_Academic_researcher": {
        "coef": 0.27287607579016454,
        "se": 0.2602313076475351,
        "p": 0.29436663221185944,
        "separated": false
      },
      "ent_Industry_practitioner_technologist": {
        "coef": -0.02959599663279769,
        "se": 0.014004185522618385,
        "p": 0.03456928825772922,
        "separated": true
      },
      "ent_Student": {
        "coef": 0.3042380008481139,
        "se": 0.284255756403754,
        "p": 0.2844857748918256,
        "separated": false
      },
      "log_words": {
        "coef": 0.014718125466024575,
        "se": 0.00806480910000191,
        "p": 0.06800385748049353,
        "separated": false
      }
    }
  },
  "ordinal": {
    "n": 454,
    "ll": -110.17605346768606,
    "mcfadden": 0.2362170009552047,
    "n_oppose": 419,
    "n_conditional": 25,
    "n_support": 10,
    "cutpoints": [
      6.297582535659718,
      7.924774763158011
    ],
    "by_var": {
      "ent_Accountant_CPA": {
        "coef": 1.6408696475878688,
        "se": 0.7127529374058729,
        "p": 0.021326281687732217,
        "separated": false
      },
      "ent_Issuer_Corporate_\u2014_current": {
        "coef": 2.3560133242305272,
        "se": 0.6647418957773243,
        "p": 0.0003937275305262366,
        "separated": false
      },
      "ent_Issuer_Corporate_\u2014_former": {
        "coef": 1.7961657219284177,
        "se": 0.864138713081141,
        "p": 0.03765764480846664,
        "separated": false
      },
      "ent_Investment_professional": {
        "coef": -11.978787398738207,
        "se": 414.794508507018,
        "p": 0.9769612157506757,
        "separated": true
      },
      "ent_Academic_researcher": {
        "coef": 1.993712582501614,
        "se": 0.8733864978622348,
        "p": 0.022445803614131784,
        "separated": false
      },
      "ent_Industry_practitioner_technologist": {
        "coef": -0.6399874430798291,
        "se": 1.137973785577942,
        "p": 0.5738489146777774,
        "separated": false
      },
      "ent_Student": {
        "coef": 2.1841410508243984,
        "se": 1.4052179561874,
        "p": 0.12011104425710724,
        "separated": false
      },
      "log_words": {
        "coef": 0.7434227631092217,
        "se": 0.17947739485669228,
        "p": 3.4406124148583655e-05,
        "separated": false
      },
      "0/1": {
        "coef": 6.297582535659718,
        "se": 0.8891984922421766,
        "p": 1.4176742974795399e-12,
        "separated": false
      },
      "1/2": {
        "coef": 0.4868559696895734,
        "se": 0.20067004016017423,
        "p": 0.015259887905308172,
        "separated": false
      }
    }
  },
  "po_lr_test": {
    "lr": 11.758014539340394,
    "df": 8,
    "p": 0.16233162814772129,
    "ordinal_ll": -110.17605346768606,
    "multinomial_ll": -104.29704619801586
  },
  "var_order": [
    "const",
    "ent_Accountant_CPA",
    "ent_Issuer_Corporate_\u2014_current",
    "ent_Issuer_Corporate_\u2014_former",
    "ent_Investment_professional",
    "ent_Academic_researcher",
    "ent_Industry_practitioner_technologist",
    "ent_Student",
    "log_words"
  ],
  "labels": {
    "const": "Constant",
    "log_words": "log(words+1)",
    "ent_Accountant_CPA": "Accountant CPA",
    "ent_Issuer_Corporate_\u2014_current": "Issuer-current",
    "ent_Issuer_Corporate_\u2014_former": "Issuer-former",
    "ent_Investment_professional": "Investment prof.",
    "ent_Academic_researcher": "Academic",
    "ent_Industry_practitioner_technologist": "Industry pract.",
    "ent_Student": "Student"
  }
}