{
  "as_of": "2026-06-19",
  "n_records": 1933,
  "logit": {
    "n": 1864,
    "ll": -101.71087140056954,
    "mcfadden": 0.11622138048653097,
    "n_support": 21,
    "n_oppose": 1843,
    "by_var": {
      "const": {
        "coef": -7.027907587642262,
        "se": 1.077363537451587,
        "p": 6.88017938803407e-11,
        "separated": false
      },
      "ent_Accountant_CPA": {
        "coef": 1.228681749303589,
        "se": 1.0750183736372054,
        "p": 0.2530634070866129,
        "separated": false
      },
      "ent_Issuer_Corporate_\u2014_current": {
        "coef": 2.0206770788750825,
        "se": 1.0936017215151157,
        "p": 0.06464189221334013,
        "separated": false
      },
      "ent_Issuer_Corporate_\u2014_former": {
        "coef": -20.453718136219727,
        "se": 80921.27377580323,
        "p": 0.9997983261387686,
        "separated": true
      },
      "ent_Investment_professional": {
        "coef": -34.80918712316806,
        "se": 61472995.59450463,
        "p": 0.9999995481965258,
        "separated": true
      },
      "ent_Academic_researcher": {
        "coef": 1.7330739162382105,
        "se": 1.4307508881268232,
        "p": 0.2257790120342661,
        "separated": false
      },
      "ent_Industry_practitioner_technologist": {
        "coef": 0.8731202859273354,
        "se": 1.0729557209152085,
        "p": 0.4157868126499249,
        "separated": false
      },
      "ent_Legal_practitioner": {
        "coef": 2.5568480050266715,
        "se": 1.1181145618444286,
        "p": 0.022210443947689885,
        "separated": false
      },
      "ent_Trade_association_advocacy_organization": {
        "coef": 2.733122299510156,
        "se": 1.4101496013038366,
        "p": 0.05260139173086755,
        "separated": false
      },
      "ent_Student": {
        "coef": 2.487390210521899,
        "se": 1.1225685526888545,
        "p": 0.026705030869305726,
        "separated": false
      },
      "log_words": {
        "coef": 0.5467344497810297,
        "se": 0.24480595696478136,
        "p": 0.025526662472980976,
        "separated": false
      }
    }
  },
  "lpm": {
    "n": 1864,
    "r2": 0.04152503079539305,
    "adj_r2": 0.03635247294755384,
    "cov_type": "HC1",
    "by_var": {
      "const": {
        "coef": -0.018708861555431774,
        "se": 0.013159978367650744,
        "p": 0.15512836067514096,
        "separated": false
      },
      "ent_Accountant_CPA": {
        "coef": 0.02548172093477855,
        "se": 0.036391664588402095,
        "p": 0.4837976520784083,
        "separated": false
      },
      "ent_Issuer_Corporate_\u2014_current": {
        "coef": 0.06497575580597707,
        "se": 0.07495641503945012,
        "p": 0.3860257562786248,
        "separated": false
      },
      "ent_Issuer_Corporate_\u2014_former": {
        "coef": -0.010961738168375016,
        "se": 0.0033682639633483336,
        "p": 0.001136250408932363,
        "separated": true
      },
      "ent_Investment_professional": {
        "coef": -0.01239961861964687,
        "se": 0.003960895735443733,
        "p": 0.0017450382135680237,
        "separated": true
      },
      "ent_Academic_researcher": {
        "coef": 0.17133543929690098,
        "se": 0.17353458404439864,
        "p": 0.3234821917726146,
        "separated": false
      },
      "ent_Industry_practitioner_technologist": {
        "coef": 0.015823084250704198,
        "se": 0.028605773476648638,
        "p": 0.5801654728769787,
        "separated": false
      },
      "ent_Legal_practitioner": {
        "coef": 0.11248854187586481,
        "se": 0.11848633706039714,
        "p": 0.3424274507209185,
        "separated": false
      },
      "ent_Trade_association_advocacy_organization": {
        "coef": 0.30704905841605645,
        "se": 0.2709583312274287,
        "p": 0.25713170365062665,
        "separated": false
      },
      "ent_Student": {
        "coef": 0.11180746149457334,
        "se": 0.11896981523700756,
        "p": 0.34732175813956345,
        "separated": false
      },
      "log_words": {
        "coef": 0.006912829775585945,
        "se": 0.0036314157884889163,
        "p": 0.056959905615053166,
        "separated": false
      }
    }
  },
  "ordinal": {
    "n": 1904,
    "ll": -265.04761882033864,
    "mcfadden": 0.14273048769883212,
    "n_oppose": 1843,
    "n_conditional": 40,
    "n_support": 21,
    "cutpoints": [
      6.610173225655736,
      7.811637112729273
    ],
    "by_var": {
      "ent_Accountant_CPA": {
        "coef": 1.319964662752431,
        "se": 0.6509511294907244,
        "p": 0.04258600349947124,
        "separated": false
      },
      "ent_Issuer_Corporate_\u2014_current": {
        "coef": 2.4162104160726,
        "se": 0.5419062958666975,
        "p": 8.24491400275256e-06,
        "separated": false
      },
      "ent_Issuer_Corporate_\u2014_former": {
        "coef": 2.0821090749063162,
        "se": 0.6675311848582958,
        "p": 0.0018139280208957014,
        "separated": false
      },
      "ent_Investment_professional": {
        "coef": 0.037098682909905645,
        "se": 1.0378673163319097,
        "p": 0.9714855997691069,
        "separated": false
      },
      "ent_Academic_researcher": {
        "coef": 2.084319804025783,
        "se": 0.7719197323114636,
        "p": 0.006930262256411858,
        "separated": false
      },
      "ent_Industry_practitioner_technologist": {
        "coef": 0.7671423434257416,
        "se": 0.662816942289722,
        "p": 0.247110197405066,
        "separated": false
      },
      "ent_Legal_practitioner": {
        "coef": 1.5969339552456425,
        "se": 1.1063456121112667,
        "p": 0.148898994379174,
        "separated": false
      },
      "ent_Trade_association_advocacy_organization": {
        "coef": 1.8829066513998118,
        "se": 1.3255548541684423,
        "p": 0.1554718297270111,
        "separated": false
      },
      "ent_Student": {
        "coef": 1.495947953109574,
        "se": 1.106867659832577,
        "p": 0.17653060269287224,
        "separated": false
      },
      "log_words": {
        "coef": 0.6730642525942969,
        "se": 0.13853600639646563,
        "p": 1.183341864987744e-06,
        "separated": false
      },
      "0/1": {
        "coef": 6.610173225655736,
        "se": 0.629201734924967,
        "p": 8.13603240658737e-26,
        "separated": false
      },
      "1/2": {
        "coef": 0.18354071920796247,
        "se": 0.1609746913771711,
        "p": 0.25420977689019153,
        "separated": false
      }
    }
  },
  "po_lr_test": {
    "lr": 16.231731516787704,
    "df": 10,
    "p": 0.09318819615194429,
    "ordinal_ll": -265.04761882033864,
    "multinomial_ll": -256.9317530619448
  },
  "var_order": [
    "const",
    "ent_Accountant_CPA",
    "ent_Issuer_Corporate_\u2014_current",
    "ent_Issuer_Corporate_\u2014_former",
    "ent_Investment_professional",
    "ent_Academic_researcher",
    "ent_Industry_practitioner_technologist",
    "ent_Legal_practitioner",
    "ent_Trade_association_advocacy_organization",
    "ent_Student",
    "log_words"
  ],
  "labels": {
    "const": "Constant",
    "log_words": "log(words+1)",
    "ent_Accountant_CPA": "Accountant CPA",
    "ent_Issuer_Corporate_\u2014_current": "Issuer-current",
    "ent_Issuer_Corporate_\u2014_former": "Issuer-former",
    "ent_Investment_professional": "Investment prof.",
    "ent_Academic_researcher": "Academic",
    "ent_Industry_practitioner_technologist": "Industry pract.",
    "ent_Legal_practitioner": "Legal pract.",
    "ent_Trade_association_advocacy_organization": "Trade assoc.",
    "ent_Student": "Student"
  }
}