{
  "as_of": "2026-06-15",
  "n_records": 1352,
  "logit": {
    "n": 1171,
    "ll": -68.78285761359427,
    "mcfadden": 0.14307387280041606,
    "n_support": 15,
    "n_oppose": 1156,
    "by_var": {
      "const": {
        "coef": -6.926593974257198,
        "se": 1.2494098267631268,
        "p": 2.958202124353492e-08,
        "separated": false
      },
      "ent_Accountant_CPA": {
        "coef": 1.483921516359458,
        "se": 1.087976521423555,
        "p": 0.1725902633946087,
        "separated": false
      },
      "ent_Issuer_Corporate_\u2014_current": {
        "coef": 2.209661500523708,
        "se": 1.1332137187523488,
        "p": 0.05118719016414556,
        "separated": false
      },
      "ent_Issuer_Corporate_\u2014_former": {
        "coef": -18.007785907881313,
        "se": 25542.452103349056,
        "p": 0.999437480273948,
        "separated": true
      },
      "ent_Investment_professional": {
        "coef": -25.00241128629212,
        "se": 525468.4658865621,
        "p": 0.9999620357086376,
        "separated": true
      },
      "ent_Academic_researcher": {
        "coef": 1.7507037153610865,
        "se": 1.4967160518879445,
        "p": 0.2421230765890896,
        "separated": false
      },
      "ent_Industry_practitioner_technologist": {
        "coef": 1.1025529715223017,
        "se": 1.0998275496079712,
        "p": 0.3161127651525437,
        "separated": false
      },
      "ent_Legal_practitioner": {
        "coef": 3.567862524571471,
        "se": 1.2077367196367506,
        "p": 0.0031350877904649335,
        "separated": false
      },
      "ent_Trade_association_advocacy_organization": {
        "coef": -20.56231795352538,
        "se": 230800.37557687238,
        "p": 0.9999289153842721,
        "separated": true
      },
      "ent_Student": {
        "coef": 3.2312124970712524,
        "se": 1.2361038966690154,
        "p": 0.008948121556957548,
        "separated": false
      },
      "log_words": {
        "coef": 0.5307270570078034,
        "se": 0.2799848855574354,
        "p": 0.05801876723732089,
        "separated": false
      }
    }
  },
  "lpm": {
    "n": 1171,
    "r2": 0.054799090055867694,
    "adj_r2": 0.046650806349452845,
    "cov_type": "HC1",
    "by_var": {
      "const": {
        "coef": -0.018773236912043665,
        "se": 0.016470360277722758,
        "p": 0.25436153085946556,
        "separated": false
      },
      "ent_Accountant_CPA": {
        "coef": 0.03367539402822684,
        "se": 0.04450899791795256,
        "p": 0.44929107355328834,
        "separated": false
      },
      "ent_Issuer_Corporate_\u2014_current": {
        "coef": 0.0865789923783156,
        "se": 0.09672375597913425,
        "p": 0.3707250219739595,
        "separated": false
      },
      "ent_Issuer_Corporate_\u2014_former": {
        "coef": -0.010699869545898454,
        "se": 0.003907637387258688,
        "p": 0.006177760712121762,
        "separated": true
      },
      "ent_Investment_professional": {
        "coef": -0.012865188996215523,
        "se": 0.005165911929249937,
        "p": 0.012759926383069,
        "separated": true
      },
      "ent_Academic_researcher": {
        "coef": 0.17041987663915037,
        "se": 0.17293876507059736,
        "p": 0.3244105450016891,
        "separated": false
      },
      "ent_Industry_practitioner_technologist": {
        "coef": 0.02289844588692138,
        "se": 0.03561965735547954,
        "p": 0.5203150746802925,
        "separated": false
      },
      "ent_Legal_practitioner": {
        "coef": 0.2388993643362685,
        "se": 0.21886997880716855,
        "p": 0.2750473410318316,
        "separated": false
      },
      "ent_Trade_association_advocacy_organization": {
        "coef": -0.01832272721245688,
        "se": 0.008291801795183924,
        "p": 0.02712320264022224,
        "separated": true
      },
      "ent_Student": {
        "coef": 0.23493247245846874,
        "se": 0.22112960642184692,
        "p": 0.28804514853810903,
        "separated": false
      },
      "log_words": {
        "coef": 0.007055824399174557,
        "se": 0.004610613863315836,
        "p": 0.12593164883384453,
        "separated": false
      }
    }
  },
  "ordinal": {
    "n": 1205,
    "ll": -193.13530617408026,
    "mcfadden": 0.17846382185754928,
    "n_oppose": 1156,
    "n_conditional": 34,
    "n_support": 15,
    "cutpoints": [
      6.714229672101397,
      8.091794326143766
    ],
    "by_var": {
      "ent_Accountant_CPA": {
        "coef": 1.4086229044002234,
        "se": 0.6597190292692916,
        "p": 0.03274581145499223,
        "separated": false
      },
      "ent_Issuer_Corporate_\u2014_current": {
        "coef": 2.37137341403064,
        "se": 0.5755740180102586,
        "p": 3.7884823087504605e-05,
        "separated": false
      },
      "ent_Issuer_Corporate_\u2014_former": {
        "coef": 2.054877570790055,
        "se": 0.6780217974249465,
        "p": 0.0024399122110616797,
        "separated": false
      },
      "ent_Investment_professional": {
        "coef": -27.433912186602367,
        "se": 39728.582440943705,
        "p": 0.9994490341237555,
        "separated": true
      },
      "ent_Academic_researcher": {
        "coef": 1.7939427239892964,
        "se": 0.7963213235652149,
        "p": 0.024272550698502208,
        "separated": false
      },
      "ent_Industry_practitioner_technologist": {
        "coef": 0.2990545743692301,
        "se": 0.8117000169828001,
        "p": 0.7125526892366003,
        "separated": false
      },
      "ent_Legal_practitioner": {
        "coef": 2.654473026639652,
        "se": 1.2159305451376887,
        "p": 0.02902995716364369,
        "separated": false
      },
      "ent_Trade_association_advocacy_organization": {
        "coef": -8.951660229879485,
        "se": 363.47544139121106,
        "p": 0.9803517136976865,
        "separated": true
      },
      "ent_Student": {
        "coef": 2.097907390957931,
        "se": 1.240076045166498,
        "p": 0.09069230600741782,
        "separated": false
      },
      "log_words": {
        "coef": 0.7370423566489731,
        "se": 0.15244177207142315,
        "p": 1.33205411644914e-06,
        "separated": false
      },
      "0/1": {
        "coef": 6.714229672101397,
        "se": 0.7139534205390422,
        "p": 5.237940934609902e-21,
        "separated": false
      },
      "1/2": {
        "coef": 0.32031719672741676,
        "se": 0.17458721249069528,
        "p": 0.0665484217816792,
        "separated": false
      }
    }
  },
  "po_lr_test": {
    "lr": 13.963026280353176,
    "df": 10,
    "p": 0.17468478444223678,
    "ordinal_ll": -193.13530617408026,
    "multinomial_ll": -186.15379303390367
  },
  "var_order": [
    "const",
    "ent_Accountant_CPA",
    "ent_Issuer_Corporate_\u2014_current",
    "ent_Issuer_Corporate_\u2014_former",
    "ent_Investment_professional",
    "ent_Academic_researcher",
    "ent_Industry_practitioner_technologist",
    "ent_Legal_practitioner",
    "ent_Trade_association_advocacy_organization",
    "ent_Student",
    "log_words"
  ],
  "labels": {
    "const": "Constant",
    "log_words": "log(words+1)",
    "ent_Accountant_CPA": "Accountant CPA",
    "ent_Issuer_Corporate_\u2014_current": "Issuer-current",
    "ent_Issuer_Corporate_\u2014_former": "Issuer-former",
    "ent_Investment_professional": "Investment prof.",
    "ent_Academic_researcher": "Academic",
    "ent_Industry_practitioner_technologist": "Industry pract.",
    "ent_Legal_practitioner": "Legal pract.",
    "ent_Trade_association_advocacy_organization": "Trade assoc.",
    "ent_Student": "Student"
  }
}