{
  "as_of": "2026-05-20",
  "n_records": 275,
  "logit": {
    "n": 249,
    "ll": -31.11393724091427,
    "mcfadden": 0.19638378425966985,
    "n_support": 9,
    "n_oppose": 240,
    "by_var": {
      "const": {
        "coef": -5.637646681966346,
        "se": 1.5711410376773183,
        "p": 0.00033290511767052885,
        "separated": false
      },
      "ent_Accountant_CPA": {
        "coef": 1.3867107885108048,
        "se": 1.1524314518808843,
        "p": 0.2288635982406143,
        "separated": false
      },
      "ent_Issuer_Corporate_\u2014_current": {
        "coef": 1.8517759418424387,
        "se": 1.254796070624705,
        "p": 0.14000874057346857,
        "separated": false
      },
      "ent_Issuer_Corporate_\u2014_former": {
        "coef": -77.7811687867121,
        "se": 2.1509409215670938e+17,
        "p": 0.9999999999999997,
        "separated": true
      },
      "ent_Investment_professional": {
        "coef": -38.64293530075424,
        "se": 430459489.4583106,
        "p": 0.999999928372815,
        "separated": true
      },
      "ent_Academic_researcher": {
        "coef": 2.1717227184464165,
        "se": 1.8438054758493663,
        "p": 0.23885718144322632,
        "separated": false
      },
      "ent_Industry_practitioner_technologist": {
        "coef": -572.4293449622917,
        "se": 3.336832505991278e+124,
        "p": 1.0,
        "separated": true
      },
      "ent_Student": {
        "coef": 3.4935256771947034,
        "se": 1.5370907251792838,
        "p": 0.023037220098155828,
        "separated": false
      },
      "log_words": {
        "coef": 0.4604984504575385,
        "se": 0.3328246491631544,
        "p": 0.16647888257767818,
        "separated": false
      }
    }
  },
  "lpm": {
    "n": 249,
    "r2": 0.13246800954264848,
    "adj_r2": 0.10355027652740334,
    "cov_type": "HC1",
    "by_var": {
      "const": {
        "coef": -0.03249565500494949,
        "se": 0.03543986507397704,
        "p": 0.3591825825176769,
        "separated": false
      },
      "ent_Accountant_CPA": {
        "coef": 0.06525800276920819,
        "se": 0.088020377886407,
        "p": 0.45845304759773287,
        "separated": false
      },
      "ent_Issuer_Corporate_\u2014_current": {
        "coef": 0.16001730259847818,
        "se": 0.19138886609207015,
        "p": 0.40310725531608005,
        "separated": false
      },
      "ent_Issuer_Corporate_\u2014_former": {
        "coef": -0.029327999635558148,
        "se": 0.013611371021122741,
        "p": 0.03118774272931907,
        "separated": true
      },
      "ent_Investment_professional": {
        "coef": -0.03261175303569369,
        "se": 0.016414029700572444,
        "p": 0.046942141157786305,
        "separated": true
      },
      "ent_Academic_researcher": {
        "coef": 0.4246950541702561,
        "se": 0.3494605980004142,
        "p": 0.22425650390725382,
        "separated": false
      },
      "ent_Industry_practitioner_technologist": {
        "coef": -0.031839115574613705,
        "se": 0.016022103795286107,
        "p": 0.046900300694196734,
        "separated": true
      },
      "ent_Student": {
        "coef": 0.4658070793150399,
        "se": 0.3727712251522912,
        "p": 0.21145339347027325,
        "separated": false
      },
      "log_words": {
        "coef": 0.01432287902598816,
        "se": 0.01053881976159458,
        "p": 0.1741278580641351,
        "separated": false
      }
    }
  },
  "ordinal": {
    "n": 273,
    "ll": -94.51784526482857,
    "mcfadden": 0.212247209979333,
    "n_oppose": 240,
    "n_conditional": 24,
    "n_support": 9,
    "cutpoints": [
      5.189177594658513,
      6.933686207037288
    ],
    "by_var": {
      "ent_Accountant_CPA": {
        "coef": 1.388242318831445,
        "se": 0.7247062620903771,
        "p": 0.05541690788501595,
        "separated": false
      },
      "ent_Issuer_Corporate_\u2014_current": {
        "coef": 2.020291880079465,
        "se": 0.6678541007787024,
        "p": 0.0024859223322153063,
        "separated": false
      },
      "ent_Issuer_Corporate_\u2014_former": {
        "coef": 0.669447185106099,
        "se": 1.12777095846288,
        "p": 0.5527782904674642,
        "separated": false
      },
      "ent_Investment_professional": {
        "coef": -10.817981381469442,
        "se": 211.83982221070002,
        "p": 0.9592722929196407,
        "separated": true
      },
      "ent_Academic_researcher": {
        "coef": 2.1647634815489476,
        "se": 0.9275096369558267,
        "p": 0.01959820669012863,
        "separated": false
      },
      "ent_Industry_practitioner_technologist": {
        "coef": -0.5564430726448546,
        "se": 1.1359178383749602,
        "p": 0.6242314992134981,
        "separated": false
      },
      "ent_Student": {
        "coef": 3.21328847292708,
        "se": 1.9173824622982891,
        "p": 0.09376317623207926,
        "separated": false
      },
      "log_words": {
        "coef": 0.6114636539584863,
        "se": 0.18016911477311118,
        "p": 0.0006892203398380103,
        "separated": false
      },
      "0/1": {
        "coef": 5.189177594658513,
        "se": 0.887206245895992,
        "p": 4.948445665656491e-09,
        "separated": false
      },
      "1/2": {
        "coef": 0.5564729185076994,
        "se": 0.20454127528850746,
        "p": 0.006516555867553925,
        "separated": false
      }
    }
  },
  "po_lr_test": {
    "lr": 10.680821387261432,
    "df": 8,
    "p": 0.22044824954854225,
    "ordinal_ll": -94.51784526482857,
    "multinomial_ll": -89.17743457119785
  },
  "var_order": [
    "const",
    "ent_Accountant_CPA",
    "ent_Issuer_Corporate_\u2014_current",
    "ent_Issuer_Corporate_\u2014_former",
    "ent_Investment_professional",
    "ent_Academic_researcher",
    "ent_Industry_practitioner_technologist",
    "ent_Student",
    "log_words"
  ],
  "labels": {
    "const": "Constant",
    "log_words": "log(words+1)",
    "ent_Accountant_CPA": "Accountant CPA",
    "ent_Issuer_Corporate_\u2014_current": "Issuer-current",
    "ent_Issuer_Corporate_\u2014_former": "Issuer-former",
    "ent_Investment_professional": "Investment prof.",
    "ent_Academic_researcher": "Academic",
    "ent_Industry_practitioner_technologist": "Industry pract.",
    "ent_Student": "Student"
  }
}