{
  "as_of": "2026-06-11",
  "n_records": 1017,
  "logit": {
    "n": 841,
    "ll": -48.36731751844303,
    "mcfadden": 0.23116888297059535,
    "n_support": 12,
    "n_oppose": 829,
    "by_var": {
      "const": {
        "coef": -7.336599612288473,
        "se": NaN,
        "p": NaN,
        "separated": false
      },
      "ent_Accountant_CPA": {
        "coef": 1.6281022355072636,
        "se": NaN,
        "p": NaN,
        "separated": false
      },
      "ent_Issuer_Corporate_\u2014_current": {
        "coef": 2.4831352228627837,
        "se": NaN,
        "p": NaN,
        "separated": false
      },
      "ent_Issuer_Corporate_\u2014_former": {
        "coef": -5.022067146258733,
        "se": NaN,
        "p": NaN,
        "separated": true
      },
      "ent_Investment_professional": {
        "coef": -10.304287394589732,
        "se": NaN,
        "p": NaN,
        "separated": true
      },
      "ent_Academic_researcher": {
        "coef": 1.927629349859832,
        "se": NaN,
        "p": NaN,
        "separated": false
      },
      "ent_Industry_practitioner_technologist": {
        "coef": -12.12651055802845,
        "se": NaN,
        "p": NaN,
        "separated": true
      },
      "ent_Legal_practitioner": {
        "coef": 44.55319027205651,
        "se": NaN,
        "p": NaN,
        "separated": true
      },
      "ent_Trade_association_advocacy_organization": {
        "coef": 0.0,
        "se": NaN,
        "p": NaN,
        "separated": false
      },
      "ent_Student": {
        "coef": 3.5548589826999706,
        "se": NaN,
        "p": NaN,
        "separated": false
      },
      "log_words": {
        "coef": 0.6337572974576227,
        "se": NaN,
        "p": NaN,
        "separated": false
      }
    }
  },
  "lpm": {
    "n": 841,
    "r2": 0.14864938090801094,
    "adj_r2": 0.13942897709113022,
    "cov_type": "HC1",
    "by_var": {
      "const": {
        "coef": -0.024198328623198213,
        "se": 0.019702312871466655,
        "p": 0.2193728901066958,
        "separated": false
      },
      "ent_Accountant_CPA": {
        "coef": 0.045641793479095354,
        "se": 0.0572646568644642,
        "p": 0.42543214776351224,
        "separated": false
      },
      "ent_Issuer_Corporate_\u2014_current": {
        "coef": 0.14873028056299797,
        "se": 0.1564866327341445,
        "p": 0.34189156622630157,
        "separated": false
      },
      "ent_Issuer_Corporate_\u2014_former": {
        "coef": -0.013280105932342409,
        "se": 0.005443966101729697,
        "p": 0.014710963118740695,
        "separated": true
      },
      "ent_Investment_professional": {
        "coef": -0.014072697454628774,
        "se": 0.006169610010275972,
        "p": 0.022550201927244277,
        "separated": true
      },
      "ent_Academic_researcher": {
        "coef": 0.21805411603185998,
        "se": 0.20824320820441927,
        "p": 0.29504758479358395,
        "separated": false
      },
      "ent_Industry_practitioner_technologist": {
        "coef": -0.01485355610860727,
        "se": 0.006589095089995861,
        "p": 0.02417960040053942,
        "separated": true
      },
      "ent_Legal_practitioner": {
        "coef": 0.9928091348769127,
        "se": 0.00293150902621252,
        "p": 0.0,
        "separated": true
      },
      "ent_Trade_association_advocacy_organization": {
        "coef": -6.408987421163669e-17,
        "se": 3.3458107862281124e-17,
        "p": 0.055425461606789905,
        "separated": false
      },
      "ent_Student": {
        "coef": 0.3166643163877277,
        "se": 0.279104129333271,
        "p": 0.2565538100662257,
        "separated": false
      },
      "log_words": {
        "coef": 0.008567944742909945,
        "se": 0.0055069026950911,
        "p": 0.11974246161813087,
        "separated": false
      }
    }
  },
  "ordinal": {
    "n": 866,
    "ll": -129.96095115503607,
    "mcfadden": 0.2623024411560889,
    "n_oppose": 829,
    "n_conditional": 25,
    "n_support": 12,
    "cutpoints": [
      7.11891322662264,
      8.602575103458994
    ],
    "by_var": {
      "ent_Accountant_CPA": {
        "coef": 1.8068699841464655,
        "se": NaN,
        "p": NaN,
        "separated": false
      },
      "ent_Issuer_Corporate_\u2014_current": {
        "coef": 2.7916915437352925,
        "se": NaN,
        "p": NaN,
        "separated": false
      },
      "ent_Issuer_Corporate_\u2014_former": {
        "coef": 2.2256895067443163,
        "se": NaN,
        "p": NaN,
        "separated": false
      },
      "ent_Investment_professional": {
        "coef": -7.428362076770654,
        "se": NaN,
        "p": NaN,
        "separated": true
      },
      "ent_Academic_researcher": {
        "coef": 2.244859719343155,
        "se": NaN,
        "p": NaN,
        "separated": false
      },
      "ent_Industry_practitioner_technologist": {
        "coef": -0.2946428253833569,
        "se": NaN,
        "p": NaN,
        "separated": false
      },
      "ent_Legal_practitioner": {
        "coef": 25.617993969606154,
        "se": NaN,
        "p": NaN,
        "separated": true
      },
      "ent_Trade_association_advocacy_organization": {
        "coef": 0.0,
        "se": NaN,
        "p": NaN,
        "separated": false
      },
      "ent_Student": {
        "coef": 2.749720516759471,
        "se": NaN,
        "p": NaN,
        "separated": false
      },
      "log_words": {
        "coef": 0.7880522069883683,
        "se": NaN,
        "p": NaN,
        "separated": false
      },
      "0/1": {
        "coef": 7.11891322662264,
        "se": NaN,
        "p": NaN,
        "separated": false
      },
      "1/2": {
        "coef": 0.39451327298678623,
        "se": NaN,
        "p": NaN,
        "separated": false
      }
    }
  },
  "po_lr_test": {
    "lr": 12.689412178999419,
    "df": 10,
    "p": 0.24155921387307222,
    "ordinal_ll": -129.96095115503607,
    "multinomial_ll": -123.61624506553636
  },
  "var_order": [
    "const",
    "ent_Accountant_CPA",
    "ent_Issuer_Corporate_\u2014_current",
    "ent_Issuer_Corporate_\u2014_former",
    "ent_Investment_professional",
    "ent_Academic_researcher",
    "ent_Industry_practitioner_technologist",
    "ent_Legal_practitioner",
    "ent_Trade_association_advocacy_organization",
    "ent_Student",
    "log_words"
  ],
  "labels": {
    "const": "Constant",
    "log_words": "log(words+1)",
    "ent_Accountant_CPA": "Accountant CPA",
    "ent_Issuer_Corporate_\u2014_current": "Issuer-current",
    "ent_Issuer_Corporate_\u2014_former": "Issuer-former",
    "ent_Investment_professional": "Investment prof.",
    "ent_Academic_researcher": "Academic",
    "ent_Industry_practitioner_technologist": "Industry pract.",
    "ent_Legal_practitioner": "Legal pract.",
    "ent_Trade_association_advocacy_organization": "Trade assoc.",
    "ent_Student": "Student"
  }
}