{
  "as_of": "2026-06-01",
  "n_records": 489,
  "logit": {
    "n": 429,
    "ll": -37.989696003980576,
    "mcfadden": 0.19973258495479074,
    "n_support": 10,
    "n_oppose": 419,
    "by_var": {
      "const": {
        "coef": -7.172890787461857,
        "se": 1.5583619605278631,
        "p": 4.167683781723904e-06,
        "separated": false
      },
      "ent_Accountant_CPA": {
        "coef": 1.5199534218670652,
        "se": 1.1375910141817376,
        "p": 0.18151139948073658,
        "separated": false
      },
      "ent_Issuer_Corporate_\u2014_current": {
        "coef": 2.0087352355549606,
        "se": 1.2562253553224154,
        "p": 0.1098151385672041,
        "separated": false
      },
      "ent_Issuer_Corporate_\u2014_former": {
        "coef": -6.461909729714597,
        "se": 87.38822371290539,
        "p": 0.9410542625824384,
        "separated": true
      },
      "ent_Investment_professional": {
        "coef": -11.733919529693996,
        "se": 614.6995974927414,
        "p": 0.9847702117932038,
        "separated": true
      },
      "ent_Academic_researcher": {
        "coef": 1.4216555194724216,
        "se": 1.6557033798344338,
        "p": 0.39053837271472924,
        "separated": false
      },
      "ent_Industry_practitioner_technologist": {
        "coef": -12.958879515235285,
        "se": 930.9745617633121,
        "p": 0.988894051002523,
        "separated": true
      },
      "ent_Student": {
        "coef": 2.9894777158575794,
        "se": 1.3527638418279657,
        "p": 0.02711185171209685,
        "separated": false
      },
      "log_words": {
        "coef": 0.7135661030163694,
        "se": 0.32086325906596186,
        "p": 0.02615552938066091,
        "separated": false
      }
    }
  },
  "lpm": {
    "n": 429,
    "r2": 0.09371579599624946,
    "adj_r2": 0.07645323972951146,
    "cov_type": "HC1",
    "by_var": {
      "const": {
        "coef": -0.04110711834673125,
        "se": 0.026841628077689552,
        "p": 0.1256535495718194,
        "separated": false
      },
      "ent_Accountant_CPA": {
        "coef": 0.05665468699775311,
        "se": 0.07426116910437502,
        "p": 0.4455162810738913,
        "separated": false
      },
      "ent_Issuer_Corporate_\u2014_current": {
        "coef": 0.16662869244132356,
        "se": 0.1883270853089247,
        "p": 0.3762734252898223,
        "separated": false
      },
      "ent_Issuer_Corporate_\u2014_former": {
        "coef": -0.02242258850313753,
        "se": 0.009433624590070818,
        "p": 0.017459792797591606,
        "separated": true
      },
      "ent_Investment_professional": {
        "coef": -0.025828408989309118,
        "se": 0.01186661941634934,
        "p": 0.02951341343878135,
        "separated": true
      },
      "ent_Academic_researcher": {
        "coef": 0.272876075790165,
        "se": 0.2602313076475353,
        "p": 0.294366632211859,
        "separated": false
      },
      "ent_Industry_practitioner_technologist": {
        "coef": -0.029595996632797564,
        "se": 0.014004185522618394,
        "p": 0.034569288257730084,
        "separated": true
      },
      "ent_Student": {
        "coef": 0.3042380008481138,
        "se": 0.284255756403754,
        "p": 0.2844857748918259,
        "separated": false
      },
      "log_words": {
        "coef": 0.014718125466024565,
        "se": 0.00806480910000191,
        "p": 0.06800385748049377,
        "separated": false
      }
    }
  },
  "ordinal": {
    "n": 454,
    "ll": -110.17605346768083,
    "mcfadden": 0.236217000955241,
    "n_oppose": 419,
    "n_conditional": 25,
    "n_support": 10,
    "cutpoints": [
      6.297582547099077,
      7.924774774804377
    ],
    "by_var": {
      "ent_Accountant_CPA": {
        "coef": 1.6408696517498458,
        "se": 0.7127528678662292,
        "p": 0.02132626869652096,
        "separated": false
      },
      "ent_Issuer_Corporate_\u2014_current": {
        "coef": 2.35601332314966,
        "se": 0.6647418747826644,
        "p": 0.00039372736577784087,
        "separated": false
      },
      "ent_Issuer_Corporate_\u2014_former": {
        "coef": 1.7961657321955742,
        "se": 0.8641386782515357,
        "p": 0.03765763600814061,
        "separated": false
      },
      "ent_Investment_professional": {
        "coef": -11.978785002351701,
        "se": 414.8537261902538,
        "p": 0.9769645080810491,
        "separated": true
      },
      "ent_Academic_researcher": {
        "coef": 1.993712570497484,
        "se": 0.8733864629329473,
        "p": 0.022445799043403228,
        "separated": false
      },
      "ent_Industry_practitioner_technologist": {
        "coef": -0.6399874311058216,
        "se": 1.1379736696556964,
        "p": 0.5738488828211165,
        "separated": false
      },
      "ent_Student": {
        "coef": 2.1841410517720936,
        "se": 1.4052178228797683,
        "p": 0.12011100894121379,
        "separated": false
      },
      "log_words": {
        "coef": 0.7434227651874318,
        "se": 0.1794773917246134,
        "p": 3.4406111564278346e-05,
        "separated": false
      },
      "0/1": {
        "coef": 6.297582547099077,
        "se": 0.8891984913191194,
        "p": 1.417674090595069e-12,
        "separated": false
      },
      "1/2": {
        "coef": 0.4868559698167908,
        "se": 0.2006700459678079,
        "p": 0.015259890831218382,
        "separated": false
      }
    }
  },
  "po_lr_test": {
    "lr": 11.758014539329508,
    "df": 8,
    "p": 0.16233162814823698,
    "ordinal_ll": -110.17605346768083,
    "multinomial_ll": -104.29704619801608
  },
  "var_order": [
    "const",
    "ent_Accountant_CPA",
    "ent_Issuer_Corporate_\u2014_current",
    "ent_Issuer_Corporate_\u2014_former",
    "ent_Investment_professional",
    "ent_Academic_researcher",
    "ent_Industry_practitioner_technologist",
    "ent_Student",
    "log_words"
  ],
  "labels": {
    "const": "Constant",
    "log_words": "log(words+1)",
    "ent_Accountant_CPA": "Accountant CPA",
    "ent_Issuer_Corporate_\u2014_current": "Issuer-current",
    "ent_Issuer_Corporate_\u2014_former": "Issuer-former",
    "ent_Investment_professional": "Investment prof.",
    "ent_Academic_researcher": "Academic",
    "ent_Industry_practitioner_technologist": "Industry pract.",
    "ent_Student": "Student"
  }
}