{
  "as_of": "2026-06-05",
  "n_records": 725,
  "logit": {
    "n": 659,
    "ll": -46.48154040050029,
    "mcfadden": 0.22478926232870144,
    "n_support": 12,
    "n_oppose": 647,
    "by_var": {
      "const": {
        "coef": -6.858620676923432,
        "se": 1.4107996044114934,
        "p": 1.164919037966539e-06,
        "separated": false
      },
      "ent_Accountant_CPA": {
        "coef": 1.5235269587115265,
        "se": 1.1200795188431794,
        "p": 0.1737681121122563,
        "separated": false
      },
      "ent_Issuer_Corporate_\u2014_current": {
        "coef": 2.4232809634846944,
        "se": 1.239603727305927,
        "p": 0.05059681389167147,
        "separated": false
      },
      "ent_Issuer_Corporate_\u2014_former": {
        "coef": -27.20845663718722,
        "se": 2854597.7741649095,
        "p": 0.9999923950030123,
        "separated": true
      },
      "ent_Investment_professional": {
        "coef": -20.780790159165203,
        "se": 61522.458902161336,
        "p": 0.999730494008044,
        "separated": true
      },
      "ent_Academic_researcher": {
        "coef": 1.8167133368666228,
        "se": 1.5036997369678287,
        "p": 0.226984838831094,
        "separated": false
      },
      "ent_Industry_practitioner_technologist": {
        "coef": -32.47724163390123,
        "se": 19448664.300177988,
        "p": 0.9999986676159721,
        "separated": true
      },
      "ent_Legal_practitioner": {
        "coef": 25.524034933604337,
        "se": 32753.954366875936,
        "p": 0.9993782359493557,
        "separated": true
      },
      "ent_Student": {
        "coef": 3.337133753522565,
        "se": 1.3292579672014746,
        "p": 0.012055219795543868,
        "separated": false
      },
      "log_words": {
        "coef": 0.5808947304248818,
        "se": 0.302613031824523,
        "p": 0.05490896433090663,
        "separated": false
      }
    }
  },
  "lpm": {
    "n": 659,
    "r2": 0.15071567263939945,
    "adj_r2": 0.13893823204426003,
    "cov_type": "HC1",
    "by_var": {
      "const": {
        "coef": -0.02516293646480435,
        "se": 0.022219197257823092,
        "p": 0.2574300414130716,
        "separated": false
      },
      "ent_Accountant_CPA": {
        "coef": 0.05020207112844799,
        "se": 0.06479126795010148,
        "p": 0.4384414606591509,
        "separated": false
      },
      "ent_Issuer_Corporate_\u2014_current": {
        "coef": 0.1770695677350483,
        "se": 0.18519887488264986,
        "p": 0.3390191958608274,
        "separated": false
      },
      "ent_Issuer_Corporate_\u2014_former": {
        "coef": -0.016410123868982798,
        "se": 0.006685609735381056,
        "p": 0.014106336456215288,
        "separated": true
      },
      "ent_Investment_professional": {
        "coef": -0.017128957813141825,
        "se": 0.007418160217529044,
        "p": 0.020940395749966405,
        "separated": true
      },
      "ent_Academic_researcher": {
        "coef": 0.2128848086525635,
        "se": 0.2076040023038373,
        "p": 0.30515707524208413,
        "separated": false
      },
      "ent_Industry_practitioner_technologist": {
        "coef": -0.01969268884686464,
        "se": 0.009042189732352272,
        "p": 0.029415921686739684,
        "separated": true
      },
      "ent_Legal_practitioner": {
        "coef": 0.99034438385132,
        "se": 0.003835241810083579,
        "p": 0.0,
        "separated": true
      },
      "ent_Student": {
        "coef": 0.3131640502654418,
        "se": 0.2801997124607553,
        "p": 0.26371827151329563,
        "separated": false
      },
      "log_words": {
        "coef": 0.009504017122318407,
        "se": 0.0062749845313054475,
        "p": 0.1298767386327802,
        "separated": false
      }
    }
  },
  "ordinal": {
    "n": 684,
    "ll": -125.21038844465743,
    "mcfadden": 0.25124325361657407,
    "n_oppose": 647,
    "n_conditional": 25,
    "n_support": 12,
    "cutpoints": [
      6.583430630537608,
      8.073107342476849
    ],
    "by_var": {
      "ent_Accountant_CPA": {
        "coef": 1.698132467275727,
        "se": NaN,
        "p": NaN,
        "separated": false
      },
      "ent_Issuer_Corporate_\u2014_current": {
        "coef": 2.716311389425894,
        "se": NaN,
        "p": NaN,
        "separated": false
      },
      "ent_Issuer_Corporate_\u2014_former": {
        "coef": 2.000816093677943,
        "se": NaN,
        "p": NaN,
        "separated": false
      },
      "ent_Investment_professional": {
        "coef": -9.498058137524803,
        "se": NaN,
        "p": NaN,
        "separated": true
      },
      "ent_Academic_researcher": {
        "coef": 2.154994611116919,
        "se": NaN,
        "p": NaN,
        "separated": false
      },
      "ent_Industry_practitioner_technologist": {
        "coef": -0.27570373100207124,
        "se": NaN,
        "p": NaN,
        "separated": false
      },
      "ent_Legal_practitioner": {
        "coef": 30.757687816215558,
        "se": NaN,
        "p": NaN,
        "separated": true
      },
      "ent_Student": {
        "coef": 2.564327096568285,
        "se": NaN,
        "p": NaN,
        "separated": false
      },
      "log_words": {
        "coef": 0.7228482014454655,
        "se": NaN,
        "p": NaN,
        "separated": false
      },
      "0/1": {
        "coef": 6.583430630537608,
        "se": NaN,
        "p": NaN,
        "separated": false
      },
      "1/2": {
        "coef": 0.39855912456271164,
        "se": NaN,
        "p": NaN,
        "separated": false
      }
    }
  },
  "po_lr_test": {
    "lr": 12.45914602377124,
    "df": 9,
    "p": 0.18864447505350102,
    "ordinal_ll": -125.21038844465743,
    "multinomial_ll": -118.9808154327718
  },
  "var_order": [
    "const",
    "ent_Accountant_CPA",
    "ent_Issuer_Corporate_\u2014_current",
    "ent_Issuer_Corporate_\u2014_former",
    "ent_Investment_professional",
    "ent_Academic_researcher",
    "ent_Industry_practitioner_technologist",
    "ent_Legal_practitioner",
    "ent_Student",
    "log_words"
  ],
  "labels": {
    "const": "Constant",
    "log_words": "log(words+1)",
    "ent_Accountant_CPA": "Accountant CPA",
    "ent_Issuer_Corporate_\u2014_current": "Issuer-current",
    "ent_Issuer_Corporate_\u2014_former": "Issuer-former",
    "ent_Investment_professional": "Investment prof.",
    "ent_Academic_researcher": "Academic",
    "ent_Industry_practitioner_technologist": "Industry pract.",
    "ent_Legal_practitioner": "Legal pract.",
    "ent_Student": "Student"
  }
}