{
  "as_of": "2026-06-16",
  "n_records": 1379,
  "logit": {
    "n": 1323,
    "ll": -79.90459160807586,
    "mcfadden": 0.12111486284563788,
    "n_support": 17,
    "n_oppose": 1306,
    "by_var": {
      "const": {
        "coef": -6.698983449625902,
        "se": 1.164166437952104,
        "p": 8.699246234350322e-09,
        "separated": false
      },
      "ent_Accountant_CPA": {
        "coef": 1.3873413662518301,
        "se": 1.0759885829022942,
        "p": 0.19727143413077908,
        "separated": false
      },
      "ent_Issuer_Corporate_\u2014_current": {
        "coef": 2.1538951539542337,
        "se": 1.1218886153108387,
        "p": 0.05487264890001563,
        "separated": false
      },
      "ent_Issuer_Corporate_\u2014_former": {
        "coef": -21.178282855573872,
        "se": 119831.26738803001,
        "p": 0.9998589865133272,
        "separated": true
      },
      "ent_Investment_professional": {
        "coef": -22.574520664825275,
        "se": 143841.63939017593,
        "p": 0.9998747799211104,
        "separated": true
      },
      "ent_Academic_researcher": {
        "coef": 1.781443703866586,
        "se": 1.4589360135871572,
        "p": 0.22206452411519761,
        "separated": false
      },
      "ent_Industry_practitioner_technologist": {
        "coef": 1.0048983689607425,
        "se": 1.0872605486558948,
        "p": 0.3553572185755657,
        "separated": false
      },
      "ent_Legal_practitioner": {
        "coef": 3.4896419802364496,
        "se": 1.198600890192045,
        "p": 0.0035977909800795497,
        "separated": false
      },
      "ent_Trade_association_advocacy_organization": {
        "coef": -13.7809349560553,
        "se": 7604.797487029982,
        "p": 0.9985541246514904,
        "separated": true
      },
      "ent_Student": {
        "coef": 2.9950139525231436,
        "se": 1.1840433032519848,
        "p": 0.011423165729279221,
        "separated": false
      },
      "log_words": {
        "coef": 0.4958348239585673,
        "se": 0.2644745190218484,
        "p": 0.06082128618369139,
        "separated": false
      }
    }
  },
  "lpm": {
    "n": 1323,
    "r2": 0.045027648648427565,
    "adj_r2": 0.037748895970443064,
    "cov_type": "HC1",
    "by_var": {
      "const": {
        "coef": -0.016968845385636873,
        "se": 0.015189654657474466,
        "p": 0.2639379998267042,
        "separated": false
      },
      "ent_Accountant_CPA": {
        "coef": 0.03135942246133509,
        "se": 0.042580634139097434,
        "p": 0.46144382045719623,
        "separated": false
      },
      "ent_Issuer_Corporate_\u2014_current": {
        "coef": 0.08613459937672549,
        "se": 0.09657953908964012,
        "p": 0.37247257472744644,
        "separated": false
      },
      "ent_Issuer_Corporate_\u2014_former": {
        "coef": -0.011259213024587204,
        "se": 0.003698441566472205,
        "p": 0.002332125148999711,
        "separated": true
      },
      "ent_Investment_professional": {
        "coef": -0.013167613565373326,
        "se": 0.004701410961021162,
        "p": 0.005097940231111617,
        "separated": true
      },
      "ent_Academic_researcher": {
        "coef": 0.17065810172306015,
        "se": 0.17320773711194482,
        "p": 0.3244866035338658,
        "separated": false
      },
      "ent_Industry_practitioner_technologist": {
        "coef": 0.021023744925807608,
        "se": 0.03440505561969928,
        "p": 0.5411561721500927,
        "separated": false
      },
      "ent_Legal_practitioner": {
        "coef": 0.23835695063297457,
        "se": 0.2186878605802309,
        "p": 0.2757389628930643,
        "separated": false
      },
      "ent_Trade_association_advocacy_organization": {
        "coef": -0.018560054276983595,
        "se": 0.007640653695136304,
        "p": 0.015135578816199927,
        "separated": true
      },
      "ent_Student": {
        "coef": 0.1861965632500577,
        "se": 0.18186834654149578,
        "p": 0.30593039964439495,
        "separated": false
      },
      "log_words": {
        "coef": 0.006757761471679259,
        "se": 0.004233448163411929,
        "p": 0.11042667089875047,
        "separated": false
      }
    }
  },
  "ordinal": {
    "n": 1358,
    "ll": -211.66872236195601,
    "mcfadden": 0.16503336268422764,
    "n_oppose": 1306,
    "n_conditional": 35,
    "n_support": 17,
    "cutpoints": [
      6.5887968510278645,
      7.876128966692719
    ],
    "by_var": {
      "ent_Accountant_CPA": {
        "coef": 1.3973779680497875,
        "se": 0.6537541035026196,
        "p": 0.03256000890103659,
        "separated": false
      },
      "ent_Issuer_Corporate_\u2014_current": {
        "coef": 2.3922020933315684,
        "se": 0.5698648855236181,
        "p": 2.6947189728353943e-05,
        "separated": false
      },
      "ent_Issuer_Corporate_\u2014_former": {
        "coef": 2.060571613830507,
        "se": 0.6742300611949889,
        "p": 0.0022417309844719006,
        "separated": false
      },
      "ent_Investment_professional": {
        "coef": -15.777112703418696,
        "se": 2770.690583789403,
        "p": 0.9954566393357345,
        "separated": true
      },
      "ent_Academic_researcher": {
        "coef": 1.8587191430332595,
        "se": 0.7876706374946849,
        "p": 0.018286418528768403,
        "separated": false
      },
      "ent_Industry_practitioner_technologist": {
        "coef": 0.30092717396755303,
        "se": 0.8042183317080872,
        "p": 0.7082660007873454,
        "separated": false
      },
      "ent_Legal_practitioner": {
        "coef": 2.6575075131086865,
        "se": 1.2111526218569986,
        "p": 0.028221246380030696,
        "separated": false
      },
      "ent_Trade_association_advocacy_organization": {
        "coef": -4.789535557968708,
        "se": 46.24454925163229,
        "p": 0.9175108090653676,
        "separated": true
      },
      "ent_Student": {
        "coef": 1.9638532143564018,
        "se": 1.187945536834633,
        "p": 0.09830015963592921,
        "separated": false
      },
      "log_words": {
        "coef": 0.7059248485898684,
        "se": 0.14818183604468868,
        "p": 1.8987774095869977e-06,
        "separated": false
      },
      "0/1": {
        "coef": 6.5887968510278645,
        "se": 0.6852753434551607,
        "p": 6.923251606119532e-22,
        "separated": false
      },
      "1/2": {
        "coef": 0.25257194945339617,
        "se": 0.17171552970621173,
        "p": 0.14132513000425617,
        "separated": false
      }
    }
  },
  "po_lr_test": {
    "lr": 14.78026558830544,
    "df": 10,
    "p": 0.14028070315836183,
    "ordinal_ll": -211.66872236195601,
    "multinomial_ll": -204.2785895678033
  },
  "var_order": [
    "const",
    "ent_Accountant_CPA",
    "ent_Issuer_Corporate_\u2014_current",
    "ent_Issuer_Corporate_\u2014_former",
    "ent_Investment_professional",
    "ent_Academic_researcher",
    "ent_Industry_practitioner_technologist",
    "ent_Legal_practitioner",
    "ent_Trade_association_advocacy_organization",
    "ent_Student",
    "log_words"
  ],
  "labels": {
    "const": "Constant",
    "log_words": "log(words+1)",
    "ent_Accountant_CPA": "Accountant CPA",
    "ent_Issuer_Corporate_\u2014_current": "Issuer-current",
    "ent_Issuer_Corporate_\u2014_former": "Issuer-former",
    "ent_Investment_professional": "Investment prof.",
    "ent_Academic_researcher": "Academic",
    "ent_Industry_practitioner_technologist": "Industry pract.",
    "ent_Legal_practitioner": "Legal pract.",
    "ent_Trade_association_advocacy_organization": "Trade assoc.",
    "ent_Student": "Student"
  }
}