{
  "as_of": "2026-06-04",
  "n_records": 657,
  "logit": {
    "n": 586,
    "ll": -49.63899787430759,
    "mcfadden": 0.15200998575780933,
    "n_support": 12,
    "n_oppose": 574,
    "by_var": {
      "const": {
        "coef": -6.085981414919334,
        "se": 1.2971696466071905,
        "p": 2.708925790725654e-06,
        "separated": false
      },
      "ent_Accountant_CPA": {
        "coef": 1.7173157504193093,
        "se": 1.1158631084105242,
        "p": 0.12380376535495415,
        "separated": false
      },
      "ent_Issuer_Corporate_\u2014_current": {
        "coef": 2.4397248236220186,
        "se": 1.2305846844535553,
        "p": 0.047415068182002626,
        "separated": false
      },
      "ent_Issuer_Corporate_\u2014_former": {
        "coef": -188.37973544645493,
        "se": 2.6627788656374873e+41,
        "p": 1.0,
        "separated": true
      },
      "ent_Investment_professional": {
        "coef": -19.599957785915677,
        "se": 34067.515778496425,
        "p": 0.9995409555851175,
        "separated": true
      },
      "ent_Academic_researcher": {
        "coef": 2.3416139469709902,
        "se": 1.5564499223286223,
        "p": 0.13246341213795396,
        "separated": false
      },
      "ent_Industry_practitioner_technologist": {
        "coef": 1.163346331228738,
        "se": 1.1366400894984519,
        "p": 0.30607349571560494,
        "separated": false
      },
      "ent_Student": {
        "coef": 3.288976973288968,
        "se": 1.3155926559476745,
        "p": 0.012419455002479063,
        "separated": false
      },
      "log_words": {
        "coef": 0.4344016365828193,
        "se": 0.2860854727280033,
        "p": 0.12890526554043957,
        "separated": false
      }
    }
  },
  "lpm": {
    "n": 586,
    "r2": 0.07636106875236015,
    "adj_r2": 0.06355498305048635,
    "cov_type": "HC1",
    "by_var": {
      "const": {
        "coef": -0.02106465300107635,
        "se": 0.025086641262632724,
        "p": 0.40109002010184625,
        "separated": false
      },
      "ent_Accountant_CPA": {
        "coef": 0.061070896360027355,
        "se": 0.07412559700638205,
        "p": 0.41000544950526574,
        "separated": false
      },
      "ent_Issuer_Corporate_\u2014_current": {
        "coef": 0.17626652862415942,
        "se": 0.18529731595447904,
        "p": 0.3414707531108685,
        "separated": false
      },
      "ent_Issuer_Corporate_\u2014_former": {
        "coef": -0.017659919154123647,
        "se": 0.0075434412490223805,
        "p": 0.01922722916504198,
        "separated": true
      },
      "ent_Investment_professional": {
        "coef": -0.018535527221494166,
        "se": 0.008422181354014952,
        "p": 0.027750265511963183,
        "separated": true
      },
      "ent_Academic_researcher": {
        "coef": 0.2933078989961203,
        "se": 0.26439196691653216,
        "p": 0.2672716055686344,
        "separated": false
      },
      "ent_Industry_practitioner_technologist": {
        "coef": 0.038655921025261226,
        "se": 0.059948837977147555,
        "p": 0.5190469605166621,
        "separated": false
      },
      "ent_Student": {
        "coef": 0.31217182371480257,
        "se": 0.2800040342698195,
        "p": 0.26490043094201465,
        "separated": false
      },
      "log_words": {
        "coef": 0.008852824253555451,
        "se": 0.007085489384806318,
        "p": 0.21150777690784173,
        "separated": false
      }
    }
  },
  "ordinal": {
    "n": 611,
    "ll": -126.76059190193537,
    "mcfadden": 0.2219658145713952,
    "n_oppose": 574,
    "n_conditional": 25,
    "n_support": 12,
    "cutpoints": [
      6.111812220397807,
      7.535513685832276
    ],
    "by_var": {
      "ent_Accountant_CPA": {
        "coef": 1.8758994634672639,
        "se": 0.7019541327305248,
        "p": 0.007531170009878148,
        "separated": false
      },
      "ent_Issuer_Corporate_\u2014_current": {
        "coef": 2.6438791197301197,
        "se": 0.6519421027842198,
        "p": 5.005084223311672e-05,
        "separated": false
      },
      "ent_Issuer_Corporate_\u2014_former": {
        "coef": 1.878364955678106,
        "se": 0.8419237234540458,
        "p": 0.025678522669984178,
        "separated": false
      },
      "ent_Investment_professional": {
        "coef": -8.034619629375662,
        "se": 62.23512217616098,
        "p": 0.8972776910613443,
        "separated": true
      },
      "ent_Academic_researcher": {
        "coef": 2.376728048730528,
        "se": 0.8543693056589289,
        "p": 0.0054049859991165995,
        "separated": false
      },
      "ent_Industry_practitioner_technologist": {
        "coef": 0.5132922868595265,
        "se": 0.8520958129257342,
        "p": 0.5469159003496733,
        "separated": false
      },
      "ent_Student": {
        "coef": 2.48408162918246,
        "se": 1.3828309914573549,
        "p": 0.07243505721298495,
        "separated": false
      },
      "log_words": {
        "coef": 0.6478824632443685,
        "se": 0.16950534130979156,
        "p": 0.0001322690416031001,
        "separated": false
      },
      "0/1": {
        "coef": 6.111812220397807,
        "se": 0.8170218525734504,
        "p": 7.398504542629864e-14,
        "separated": false
      },
      "1/2": {
        "coef": 0.35326014595112243,
        "se": 0.2000631518088581,
        "p": 0.07743894492001194,
        "separated": false
      }
    }
  },
  "po_lr_test": {
    "lr": 14.025407746807161,
    "df": 8,
    "p": 0.08110557183024159,
    "ordinal_ll": -126.76059190193537,
    "multinomial_ll": -119.74788802853179
  },
  "var_order": [
    "const",
    "ent_Accountant_CPA",
    "ent_Issuer_Corporate_\u2014_current",
    "ent_Issuer_Corporate_\u2014_former",
    "ent_Investment_professional",
    "ent_Academic_researcher",
    "ent_Industry_practitioner_technologist",
    "ent_Student",
    "log_words"
  ],
  "labels": {
    "const": "Constant",
    "log_words": "log(words+1)",
    "ent_Accountant_CPA": "Accountant CPA",
    "ent_Issuer_Corporate_\u2014_current": "Issuer-current",
    "ent_Issuer_Corporate_\u2014_former": "Issuer-former",
    "ent_Investment_professional": "Investment prof.",
    "ent_Academic_researcher": "Academic",
    "ent_Industry_practitioner_technologist": "Industry pract.",
    "ent_Student": "Student"
  }
}