{
  "as_of": "2026-06-05",
  "n_records": 725,
  "logit": {
    "n": 684,
    "ll": -46.72166003295847,
    "mcfadden": 0.226599989142792,
    "n_support": 12,
    "n_oppose": 672,
    "by_var": {
      "const": {
        "coef": -6.923577643577074,
        "se": NaN,
        "p": NaN,
        "separated": false
      },
      "ent_Accountant_CPA": {
        "coef": 1.551198582718619,
        "se": NaN,
        "p": NaN,
        "separated": false
      },
      "ent_Issuer_Corporate_\u2014_current": {
        "coef": 2.4573716707594135,
        "se": NaN,
        "p": NaN,
        "separated": false
      },
      "ent_Issuer_Corporate_\u2014_former": {
        "coef": -5.679797803598853,
        "se": NaN,
        "p": NaN,
        "separated": true
      },
      "ent_Investment_professional": {
        "coef": -10.733172725076962,
        "se": NaN,
        "p": NaN,
        "separated": true
      },
      "ent_Academic_researcher": {
        "coef": 1.8395866363701174,
        "se": NaN,
        "p": NaN,
        "separated": false
      },
      "ent_Industry_practitioner_technologist": {
        "coef": -12.179616521447365,
        "se": NaN,
        "p": NaN,
        "separated": true
      },
      "ent_Legal_practitioner": {
        "coef": 43.6608902029299,
        "se": NaN,
        "p": NaN,
        "separated": true
      },
      "ent_Trade_association_advocacy_organization": {
        "coef": 0.0,
        "se": NaN,
        "p": NaN,
        "separated": false
      },
      "ent_Student": {
        "coef": 3.366070570657512,
        "se": NaN,
        "p": NaN,
        "separated": false
      },
      "log_words": {
        "coef": 0.5876084471088989,
        "se": NaN,
        "p": NaN,
        "separated": false
      }
    }
  },
  "lpm": {
    "n": 684,
    "r2": 0.15098750822521978,
    "adj_r2": 0.13965054616887995,
    "cov_type": "HC1",
    "by_var": {
      "const": {
        "coef": -0.025106938697897638,
        "se": 0.021835938198463415,
        "p": 0.25022668998983155,
        "separated": false
      },
      "ent_Accountant_CPA": {
        "coef": 0.05066202648212208,
        "se": 0.06475998461380732,
        "p": 0.43403565105223363,
        "separated": false
      },
      "ent_Issuer_Corporate_\u2014_current": {
        "coef": 0.17760966400689576,
        "se": 0.18507493658335647,
        "p": 0.33722459184854914,
        "separated": false
      },
      "ent_Issuer_Corporate_\u2014_former": {
        "coef": -0.01595084366529653,
        "se": 0.006519874633017904,
        "p": 0.014425261562463591,
        "separated": true
      },
      "ent_Investment_professional": {
        "coef": -0.016660768010476806,
        "se": 0.007247776085434925,
        "p": 0.02151958844319523,
        "separated": true
      },
      "ent_Academic_researcher": {
        "coef": 0.21360071815093068,
        "se": 0.20767626237635317,
        "p": 0.30370182701211246,
        "separated": false
      },
      "ent_Industry_practitioner_technologist": {
        "coef": -0.01903324973142415,
        "se": 0.00870777633779097,
        "p": 0.028831987383258838,
        "separated": true
      },
      "ent_Legal_practitioner": {
        "coef": 0.9907199451995189,
        "se": 0.0036833177031564378,
        "p": 0.0,
        "separated": true
      },
      "ent_Trade_association_advocacy_organization": {
        "coef": 1.5772414417714034e-17,
        "se": 2.5333512122109473e-17,
        "p": 0.5335533847725886,
        "separated": false
      },
      "ent_Student": {
        "coef": 0.31366992342878985,
        "se": 0.28004312771776557,
        "p": 0.2626808640255316,
        "separated": false
      },
      "log_words": {
        "coef": 0.00938621942794762,
        "se": 0.0061693227220857485,
        "p": 0.12815087746635154,
        "separated": false
      }
    }
  },
  "ordinal": {
    "n": 709,
    "ll": -125.80318906670306,
    "mcfadden": 0.25378851091262256,
    "n_oppose": 672,
    "n_conditional": 25,
    "n_support": 12,
    "cutpoints": [
      6.655133998535046,
      8.145099474246798
    ],
    "by_var": {
      "ent_Accountant_CPA": {
        "coef": 1.729022305256856,
        "se": NaN,
        "p": NaN,
        "separated": false
      },
      "ent_Issuer_Corporate_\u2014_current": {
        "coef": 2.741588294478087,
        "se": NaN,
        "p": NaN,
        "separated": false
      },
      "ent_Issuer_Corporate_\u2014_former": {
        "coef": 2.0327087938336366,
        "se": NaN,
        "p": NaN,
        "separated": false
      },
      "ent_Investment_professional": {
        "coef": -10.762844182885193,
        "se": NaN,
        "p": NaN,
        "separated": true
      },
      "ent_Academic_researcher": {
        "coef": 2.170331230878567,
        "se": NaN,
        "p": NaN,
        "separated": false
      },
      "ent_Industry_practitioner_technologist": {
        "coef": -0.2847790130951141,
        "se": NaN,
        "p": NaN,
        "separated": false
      },
      "ent_Legal_practitioner": {
        "coef": 35.6905801078198,
        "se": NaN,
        "p": NaN,
        "separated": true
      },
      "ent_Trade_association_advocacy_organization": {
        "coef": 0.0,
        "se": NaN,
        "p": NaN,
        "separated": false
      },
      "ent_Student": {
        "coef": 2.5879953600132533,
        "se": NaN,
        "p": NaN,
        "separated": false
      },
      "log_words": {
        "coef": 0.7312074046915363,
        "se": NaN,
        "p": NaN,
        "separated": false
      },
      "0/1": {
        "coef": 6.655133998535046,
        "se": NaN,
        "p": NaN,
        "separated": false
      },
      "1/2": {
        "coef": 0.39875294902567104,
        "se": NaN,
        "p": NaN,
        "separated": false
      }
    }
  },
  "po_lr_test": {
    "lr": 12.51431445014083,
    "df": 10,
    "p": 0.2521080130068737,
    "ordinal_ll": -125.80318906670306,
    "multinomial_ll": -119.54603184163264
  },
  "var_order": [
    "const",
    "ent_Accountant_CPA",
    "ent_Issuer_Corporate_\u2014_current",
    "ent_Issuer_Corporate_\u2014_former",
    "ent_Investment_professional",
    "ent_Academic_researcher",
    "ent_Industry_practitioner_technologist",
    "ent_Legal_practitioner",
    "ent_Trade_association_advocacy_organization",
    "ent_Student",
    "log_words"
  ],
  "labels": {
    "const": "Constant",
    "log_words": "log(words+1)",
    "ent_Accountant_CPA": "Accountant CPA",
    "ent_Issuer_Corporate_\u2014_current": "Issuer-current",
    "ent_Issuer_Corporate_\u2014_former": "Issuer-former",
    "ent_Investment_professional": "Investment prof.",
    "ent_Academic_researcher": "Academic",
    "ent_Industry_practitioner_technologist": "Industry pract.",
    "ent_Legal_practitioner": "Legal pract.",
    "ent_Trade_association_advocacy_organization": "Trade assoc.",
    "ent_Student": "Student"
  }
}