{
  "as_of": "2026-06-16",
  "n_records": 1379,
  "logit": {
    "n": 1323,
    "ll": -79.90459159078468,
    "mcfadden": 0.12111486303582675,
    "n_support": 17,
    "n_oppose": 1306,
    "by_var": {
      "const": {
        "coef": -6.698983453187672,
        "se": 1.1641664375433067,
        "p": 8.699245972773995e-09,
        "separated": false
      },
      "ent_Accountant_CPA": {
        "coef": 1.3873413641867653,
        "se": 1.0759885828482418,
        "p": 0.19727143477518216,
        "separated": false
      },
      "ent_Issuer_Corporate_\u2014_current": {
        "coef": 2.153895151575598,
        "se": 1.1218886152850642,
        "p": 0.05487264916231295,
        "separated": false
      },
      "ent_Issuer_Corporate_\u2014_former": {
        "coef": -21.178277912236688,
        "se": 119830.97111022858,
        "p": 0.9998589861975912,
        "separated": true
      },
      "ent_Investment_professional": {
        "coef": -22.57452066462444,
        "se": 143841.6392123614,
        "p": 0.9998747799209567,
        "separated": true
      },
      "ent_Academic_researcher": {
        "coef": 1.781443698496507,
        "se": 1.4589360134812739,
        "p": 0.22206452547519595,
        "separated": false
      },
      "ent_Industry_practitioner_technologist": {
        "coef": 1.0048983664369033,
        "se": 1.0872605486147293,
        "p": 0.3553572197656468,
        "separated": false
      },
      "ent_Legal_practitioner": {
        "coef": 3.489641978622717,
        "se": 1.1986008901546403,
        "p": 0.0035977909945379993,
        "separated": false
      },
      "ent_Trade_association_advocacy_organization": {
        "coef": -46.32878720810055,
        "se": 88871796671.15913,
        "p": 0.9999999995840635,
        "separated": true
      },
      "ent_Student": {
        "coef": 2.9950139502894997,
        "se": 1.1840433032478659,
        "p": 0.011423165790400073,
        "separated": false
      },
      "log_words": {
        "coef": 0.49583482516783656,
        "se": 0.26447451887454443,
        "p": 0.06082128541070792,
        "separated": false
      }
    }
  },
  "lpm": {
    "n": 1323,
    "r2": 0.045027648648427565,
    "adj_r2": 0.037748895970443064,
    "cov_type": "HC1",
    "by_var": {
      "const": {
        "coef": -0.016968845385637133,
        "se": 0.015189654657474516,
        "p": 0.2639379998266985,
        "separated": false
      },
      "ent_Accountant_CPA": {
        "coef": 0.03135942246133397,
        "se": 0.0425806341390961,
        "p": 0.46144382045719823,
        "separated": false
      },
      "ent_Issuer_Corporate_\u2014_current": {
        "coef": 0.08613459937672252,
        "se": 0.09657953908963703,
        "p": 0.3724725747274479,
        "separated": false
      },
      "ent_Issuer_Corporate_\u2014_former": {
        "coef": -0.011259213024587118,
        "se": 0.0036984415664721992,
        "p": 0.002332125148999858,
        "separated": true
      },
      "ent_Investment_professional": {
        "coef": -0.013167613565373357,
        "se": 0.0047014109610211,
        "p": 0.005097940231110935,
        "separated": true
      },
      "ent_Academic_researcher": {
        "coef": 0.170658101723052,
        "se": 0.17320773711193646,
        "p": 0.3244866035338655,
        "separated": false
      },
      "ent_Industry_practitioner_technologist": {
        "coef": 0.02102374492580763,
        "se": 0.034405055619699774,
        "p": 0.541156172150098,
        "separated": false
      },
      "ent_Legal_practitioner": {
        "coef": 0.2383569506329738,
        "se": 0.218687860580231,
        "p": 0.2757389628930662,
        "separated": false
      },
      "ent_Trade_association_advocacy_organization": {
        "coef": -0.018560054276984466,
        "se": 0.0076406536951365974,
        "p": 0.015135578816199067,
        "separated": true
      },
      "ent_Student": {
        "coef": 0.1861965632500533,
        "se": 0.1818683465414922,
        "p": 0.30593039964439694,
        "separated": false
      },
      "log_words": {
        "coef": 0.006757761471679328,
        "se": 0.004233448163411934,
        "p": 0.11042667089874729,
        "separated": false
      }
    }
  },
  "ordinal": {
    "n": 1358,
    "ll": -211.66872236772016,
    "mcfadden": 0.16503336266148994,
    "n_oppose": 1306,
    "n_conditional": 35,
    "n_support": 17,
    "cutpoints": [
      6.588796832318365,
      7.876128953258557
    ],
    "by_var": {
      "ent_Accountant_CPA": {
        "coef": 1.3973779784290432,
        "se": 0.6537540314470857,
        "p": 0.032559988468570396,
        "separated": false
      },
      "ent_Issuer_Corporate_\u2014_current": {
        "coef": 2.3922020990823034,
        "se": 0.5698648294043629,
        "p": 2.69471393504662e-05,
        "separated": false
      },
      "ent_Issuer_Corporate_\u2014_former": {
        "coef": 2.0605716010118162,
        "se": 0.6742300288413852,
        "p": 0.002241730030094982,
        "separated": false
      },
      "ent_Investment_professional": {
        "coef": -15.777077656239726,
        "se": 2750.5338249731435,
        "p": 0.9954233547200613,
        "separated": true
      },
      "ent_Academic_researcher": {
        "coef": 1.8587191857563516,
        "se": 0.7876704888769331,
        "p": 0.01828639390955084,
        "separated": false
      },
      "ent_Industry_practitioner_technologist": {
        "coef": 0.3009271259085047,
        "se": 0.804218063964882,
        "p": 0.7082659525678707,
        "separated": false
      },
      "ent_Legal_practitioner": {
        "coef": 2.657507555488466,
        "se": 1.2111525449978366,
        "p": 0.028221233859657132,
        "separated": false
      },
      "ent_Trade_association_advocacy_organization": {
        "coef": -4.789524066899009,
        "se": 46.2444372060558,
        "p": 0.9175108071182314,
        "separated": true
      },
      "ent_Student": {
        "coef": 1.9638531710365956,
        "se": 1.1879454507724474,
        "p": 0.09830014268734731,
        "separated": false
      },
      "log_words": {
        "coef": 0.7059248444618832,
        "se": 0.14818182929995105,
        "p": 1.8987756303482015e-06,
        "separated": false
      },
      "0/1": {
        "coef": 6.588796832318365,
        "se": 0.6852753583427842,
        "p": 6.923267494504571e-22,
        "separated": false
      },
      "1/2": {
        "coef": 0.2525719535512799,
        "se": 0.17171560656112794,
        "p": 0.14132530161724324,
        "separated": false
      }
    }
  },
  "po_lr_test": {
    "lr": 14.780265599830443,
    "df": 10,
    "p": 0.14028070271626758,
    "ordinal_ll": -211.66872236772016,
    "multinomial_ll": -204.27858956780494
  },
  "var_order": [
    "const",
    "ent_Accountant_CPA",
    "ent_Issuer_Corporate_\u2014_current",
    "ent_Issuer_Corporate_\u2014_former",
    "ent_Investment_professional",
    "ent_Academic_researcher",
    "ent_Industry_practitioner_technologist",
    "ent_Legal_practitioner",
    "ent_Trade_association_advocacy_organization",
    "ent_Student",
    "log_words"
  ],
  "labels": {
    "const": "Constant",
    "log_words": "log(words+1)",
    "ent_Accountant_CPA": "Accountant CPA",
    "ent_Issuer_Corporate_\u2014_current": "Issuer-current",
    "ent_Issuer_Corporate_\u2014_former": "Issuer-former",
    "ent_Investment_professional": "Investment prof.",
    "ent_Academic_researcher": "Academic",
    "ent_Industry_practitioner_technologist": "Industry pract.",
    "ent_Legal_practitioner": "Legal pract.",
    "ent_Trade_association_advocacy_organization": "Trade assoc.",
    "ent_Student": "Student"
  }
}