{
  "as_of": "2026-06-17",
  "n_records": 1854,
  "logit": {
    "n": 1645,
    "ll": -93.5267587417409,
    "mcfadden": 0.13459797536455387,
    "n_support": 20,
    "n_oppose": 1625,
    "by_var": {
      "const": {
        "coef": -7.233048365800952,
        "se": 1.125343312134219,
        "p": 1.2979221762269301e-10,
        "separated": false
      },
      "ent_Accountant_CPA": {
        "coef": 1.3750823015839722,
        "se": 1.0694515241272466,
        "p": 0.1985188986274401,
        "separated": false
      },
      "ent_Issuer_Corporate_\u2014_current": {
        "coef": 2.067458378965154,
        "se": 1.1118165550465267,
        "p": 0.06295177840023204,
        "separated": false
      },
      "ent_Issuer_Corporate_\u2014_former": {
        "coef": -357.250730124816,
        "se": 1.1748333292881056e+78,
        "p": 1.0,
        "separated": true
      },
      "ent_Investment_professional": {
        "coef": -23.97878314782696,
        "se": 273468.19383451936,
        "p": 0.9999300382959798,
        "separated": true
      },
      "ent_Academic_researcher": {
        "coef": 1.4974298721611576,
        "se": 1.4551256321728228,
        "p": 0.3034455752776236,
        "separated": false
      },
      "ent_Industry_practitioner_technologist": {
        "coef": 0.9021342928242259,
        "se": 1.0820858241216682,
        "p": 0.40445040127456466,
        "separated": false
      },
      "ent_Legal_practitioner": {
        "coef": 3.5527287831636034,
        "se": 1.195009914000111,
        "p": 0.0029493314878286272,
        "separated": false
      },
      "ent_Trade_association_advocacy_organization": {
        "coef": 2.5438685900568463,
        "se": 1.4202998367941944,
        "p": 0.07328068875032114,
        "separated": false
      },
      "ent_Student": {
        "coef": 2.6314394532548437,
        "se": 1.1366468347050256,
        "p": 0.02060802004817039,
        "separated": false
      },
      "log_words": {
        "coef": 0.6057500638571389,
        "se": 0.25224563045543524,
        "p": 0.01633116169439719,
        "separated": false
      }
    }
  },
  "lpm": {
    "n": 1645,
    "r2": 0.05215753389926103,
    "adj_r2": 0.04635678441272029,
    "cov_type": "HC1",
    "by_var": {
      "const": {
        "coef": -0.02226502188900452,
        "se": 0.014159049729648321,
        "p": 0.11583601085507254,
        "separated": false
      },
      "ent_Accountant_CPA": {
        "coef": 0.029884506962803238,
        "se": 0.040777204322244694,
        "p": 0.4636359684872553,
        "separated": false
      },
      "ent_Issuer_Corporate_\u2014_current": {
        "coef": 0.07724959811840891,
        "se": 0.08816305673267956,
        "p": 0.38091436345916607,
        "separated": false
      },
      "ent_Issuer_Corporate_\u2014_former": {
        "coef": -0.010921877197338125,
        "se": 0.0033002399440560325,
        "p": 0.000934897701099092,
        "separated": true
      },
      "ent_Investment_professional": {
        "coef": -0.013324234004619299,
        "se": 0.0043069175408670815,
        "p": 0.0019768914378729394,
        "separated": true
      },
      "ent_Academic_researcher": {
        "coef": 0.16781884092223176,
        "se": 0.17292315198936564,
        "p": 0.33180619333861605,
        "separated": false
      },
      "ent_Industry_practitioner_technologist": {
        "coef": 0.018537940113367953,
        "se": 0.03221084185276936,
        "p": 0.5649405833768664,
        "separated": false
      },
      "ent_Legal_practitioner": {
        "coef": 0.2386268576898764,
        "se": 0.2186782093400598,
        "p": 0.2751744356873794,
        "separated": false
      },
      "ent_Trade_association_advocacy_organization": {
        "coef": 0.3038878320245989,
        "se": 0.2708023910740375,
        "p": 0.2617877907002981,
        "separated": false
      },
      "ent_Student": {
        "coef": 0.1293623454943231,
        "se": 0.1344985578833981,
        "p": 0.3361439798127731,
        "separated": false
      },
      "log_words": {
        "coef": 0.007944901656040369,
        "se": 0.003929844304026318,
        "p": 0.04320905246238605,
        "separated": false
      }
    }
  },
  "ordinal": {
    "n": 1685,
    "ll": -252.3090664770172,
    "mcfadden": 0.15110409991164353,
    "n_oppose": 1625,
    "n_conditional": 40,
    "n_support": 20,
    "cutpoints": [
      6.603245893353773,
      7.854630649881578
    ],
    "by_var": {
      "ent_Accountant_CPA": {
        "coef": 1.4494783036963117,
        "se": 0.6462877877522396,
        "p": 0.024911306373532463,
        "separated": false
      },
      "ent_Issuer_Corporate_\u2014_current": {
        "coef": 2.4130114939733494,
        "se": 0.5563624308519162,
        "p": 1.4436079393445176e-05,
        "separated": false
      },
      "ent_Issuer_Corporate_\u2014_former": {
        "coef": 2.1270342072713793,
        "se": 0.6711643354913007,
        "p": 0.0015287469107206767,
        "separated": false
      },
      "ent_Investment_professional": {
        "coef": 0.021964244386833916,
        "se": 1.0398069185945455,
        "p": 0.9831472285898628,
        "separated": false
      },
      "ent_Academic_researcher": {
        "coef": 1.9601434781072127,
        "se": 0.7756814405076107,
        "p": 0.011504299008112399,
        "separated": false
      },
      "ent_Industry_practitioner_technologist": {
        "coef": 0.7693133442668139,
        "se": 0.6722832769009086,
        "p": 0.2524871626953752,
        "separated": false
      },
      "ent_Legal_practitioner": {
        "coef": 2.7198981232637687,
        "se": 1.2096086216709923,
        "p": 0.02453942121962282,
        "separated": false
      },
      "ent_Trade_association_advocacy_organization": {
        "coef": 1.7582723709487873,
        "se": 1.3304110355755887,
        "p": 0.18630109632668235,
        "separated": false
      },
      "ent_Student": {
        "coef": 1.6595482336894234,
        "se": 1.1192455266095478,
        "p": 0.1381439488204604,
        "separated": false
      },
      "log_words": {
        "coef": 0.6925540710946897,
        "se": 0.14049979219351322,
        "p": 8.255951136276106e-07,
        "separated": false
      },
      "0/1": {
        "coef": 6.603245893353773,
        "se": 0.6425248910221227,
        "p": 8.944378658770054e-25,
        "separated": false
      },
      "1/2": {
        "coef": 0.22425074337305068,
        "se": 0.160837391618891,
        "p": 0.16323609906064807,
        "separated": false
      }
    }
  },
  "po_lr_test": {
    "lr": 15.745247706887426,
    "df": 10,
    "p": 0.10716090780620657,
    "ordinal_ll": -252.3090664770172,
    "multinomial_ll": -244.4364426235735
  },
  "var_order": [
    "const",
    "ent_Accountant_CPA",
    "ent_Issuer_Corporate_\u2014_current",
    "ent_Issuer_Corporate_\u2014_former",
    "ent_Investment_professional",
    "ent_Academic_researcher",
    "ent_Industry_practitioner_technologist",
    "ent_Legal_practitioner",
    "ent_Trade_association_advocacy_organization",
    "ent_Student",
    "log_words"
  ],
  "labels": {
    "const": "Constant",
    "log_words": "log(words+1)",
    "ent_Accountant_CPA": "Accountant CPA",
    "ent_Issuer_Corporate_\u2014_current": "Issuer-current",
    "ent_Issuer_Corporate_\u2014_former": "Issuer-former",
    "ent_Investment_professional": "Investment prof.",
    "ent_Academic_researcher": "Academic",
    "ent_Industry_practitioner_technologist": "Industry pract.",
    "ent_Legal_practitioner": "Legal pract.",
    "ent_Trade_association_advocacy_organization": "Trade assoc.",
    "ent_Student": "Student"
  }
}