{
  "as_of": "2026-06-03",
  "n_records": 622,
  "logit": {
    "n": 497,
    "ll": -38.91581744960298,
    "mcfadden": 0.2051307224434703,
    "n_support": 10,
    "n_oppose": 487,
    "by_var": {
      "const": {
        "coef": -7.3998818151097225,
        "se": 1.5601721429885325,
        "p": 2.1058604061196525e-06,
        "separated": false
      },
      "ent_Accountant_CPA": {
        "coef": 1.6752061615032863,
        "se": 1.1386606009990716,
        "p": 0.1412349750066844,
        "separated": false
      },
      "ent_Issuer_Corporate_\u2014_current": {
        "coef": 2.1566693477210896,
        "se": 1.2572121915997576,
        "p": 0.08626498546773136,
        "separated": false
      },
      "ent_Issuer_Corporate_\u2014_former": {
        "coef": -24.39195124614568,
        "se": 741530.001410996,
        "p": 0.9999737543170653,
        "separated": true
      },
      "ent_Investment_professional": {
        "coef": -23.47463851221059,
        "se": 231366.05527072639,
        "p": 0.99991904580996,
        "separated": true
      },
      "ent_Academic_researcher": {
        "coef": 1.5422777117739301,
        "se": 1.6633245290101044,
        "p": 0.3538092180178034,
        "separated": false
      },
      "ent_Industry_practitioner_technologist": {
        "coef": -50.84240537225382,
        "se": 168115758587.35193,
        "p": 0.9999999997586998,
        "separated": true
      },
      "ent_Student": {
        "coef": 3.1404615898767165,
        "se": 1.355096465157527,
        "p": 0.020475485500742248,
        "separated": false
      },
      "log_words": {
        "coef": 0.7285184984480882,
        "se": 0.3216702901120075,
        "p": 0.023525026935807738,
        "separated": false
      }
    }
  },
  "lpm": {
    "n": 497,
    "r2": 0.09420729840781983,
    "adj_r2": 0.07935823772598083,
    "cov_type": "HC1",
    "by_var": {
      "const": {
        "coef": -0.03858482146793378,
        "se": 0.02477962045401933,
        "p": 0.11944219987470767,
        "separated": false
      },
      "ent_Accountant_CPA": {
        "coef": 0.05946447661224989,
        "se": 0.07410552839420084,
        "p": 0.4223044410576592,
        "separated": false
      },
      "ent_Issuer_Corporate_\u2014_current": {
        "coef": 0.1705768170709183,
        "se": 0.1873219692808475,
        "p": 0.3625021416005654,
        "separated": false
      },
      "ent_Issuer_Corporate_\u2014_former": {
        "coef": -0.019425649755964926,
        "se": 0.008214349501504839,
        "p": 0.01803769892078232,
        "separated": true
      },
      "ent_Investment_professional": {
        "coef": -0.021582840105895874,
        "se": 0.00996070313710218,
        "p": 0.030250195158055604,
        "separated": true
      },
      "ent_Academic_researcher": {
        "coef": 0.2791773316953522,
        "se": 0.2609555004758029,
        "p": 0.2846970288211338,
        "separated": false
      },
      "ent_Industry_practitioner_technologist": {
        "coef": -0.02597585762747858,
        "se": 0.01243322621982756,
        "p": 0.036687107988435184,
        "separated": true
      },
      "ent_Student": {
        "coef": 0.3078146439278734,
        "se": 0.28300357503609375,
        "p": 0.27674058914462274,
        "separated": false
      },
      "log_words": {
        "coef": 0.013439466922682865,
        "se": 0.007367896776449123,
        "p": 0.0681433890694669,
        "separated": false
      }
    }
  },
  "ordinal": {
    "n": 522,
    "ll": -112.67048178485452,
    "mcfadden": 0.24544333301831822,
    "n_oppose": 487,
    "n_conditional": 25,
    "n_support": 10,
    "cutpoints": [
      6.537529991760589,
      8.161641600254645
    ],
    "by_var": {
      "ent_Accountant_CPA": {
        "coef": 1.797668055648862,
        "se": 0.7131981151450941,
        "p": 0.011716386608649983,
        "separated": false
      },
      "ent_Issuer_Corporate_\u2014_current": {
        "coef": 2.493354198510425,
        "se": 0.6657338290245219,
        "p": 0.0001801985115632365,
        "separated": false
      },
      "ent_Issuer_Corporate_\u2014_former": {
        "coef": 1.9493352070131966,
        "se": 0.8644010463800217,
        "p": 0.024125280773293692,
        "separated": false
      },
      "ent_Investment_professional": {
        "coef": -11.935993897680442,
        "se": 430.785113714945,
        "p": 0.9778954134291692,
        "separated": true
      },
      "ent_Academic_researcher": {
        "coef": 2.107978298999691,
        "se": 0.8761510559888245,
        "p": 0.016130337899582254,
        "separated": false
      },
      "ent_Industry_practitioner_technologist": {
        "coef": -0.5173139076242416,
        "se": 1.1413495357313543,
        "p": 0.6503704792830691,
        "separated": false
      },
      "ent_Student": {
        "coef": 2.3291704585299207,
        "se": 1.407097265148546,
        "p": 0.09786331954444644,
        "separated": false
      },
      "log_words": {
        "coef": 0.7614869133317624,
        "se": 0.17996611489241152,
        "p": 2.323658253729772e-05,
        "separated": false
      },
      "0/1": {
        "coef": 6.537529991760589,
        "se": 0.8906792002402879,
        "p": 2.1369302978358657e-13,
        "separated": false
      },
      "1/2": {
        "coef": 0.48496096382022263,
        "se": 0.20108882296071603,
        "p": 0.015879412640070048,
        "separated": false
      }
    }
  },
  "po_lr_test": {
    "lr": 11.899095259027632,
    "df": 8,
    "p": 0.15576310731631549,
    "ordinal_ll": -112.67048178485452,
    "multinomial_ll": -106.7209341553407
  },
  "var_order": [
    "const",
    "ent_Accountant_CPA",
    "ent_Issuer_Corporate_\u2014_current",
    "ent_Issuer_Corporate_\u2014_former",
    "ent_Investment_professional",
    "ent_Academic_researcher",
    "ent_Industry_practitioner_technologist",
    "ent_Student",
    "log_words"
  ],
  "labels": {
    "const": "Constant",
    "log_words": "log(words+1)",
    "ent_Accountant_CPA": "Accountant CPA",
    "ent_Issuer_Corporate_\u2014_current": "Issuer-current",
    "ent_Issuer_Corporate_\u2014_former": "Issuer-former",
    "ent_Investment_professional": "Investment prof.",
    "ent_Academic_researcher": "Academic",
    "ent_Industry_practitioner_technologist": "Industry pract.",
    "ent_Student": "Student"
  }
}