{
  "as_of": "2026-06-22",
  "n_records": 2067,
  "logit": {
    "n": 1920,
    "ll": -102.10017970277204,
    "mcfadden": 0.11763117362576414,
    "n_support": 21,
    "n_oppose": 1899,
    "by_var": {
      "const": {
        "coef": -7.0864342364584445,
        "se": 1.0767268249573063,
        "p": 4.6585169763677667e-11,
        "separated": false
      },
      "ent_Accountant_CPA": {
        "coef": 1.2515002788769476,
        "se": 1.0756663703100897,
        "p": 0.24464085087237875,
        "separated": false
      },
      "ent_Issuer_Corporate_\u2014_current": {
        "coef": 2.0444966096353236,
        "se": 1.094120354693598,
        "p": 0.06167551894175088,
        "separated": false
      },
      "ent_Issuer_Corporate_\u2014_former": {
        "coef": -22.85950629556611,
        "se": 273006.3515345981,
        "p": 0.9999331911253457,
        "separated": true
      },
      "ent_Investment_professional": {
        "coef": -22.251288885166804,
        "se": 116419.09840867313,
        "p": 0.9998474995941901,
        "separated": true
      },
      "ent_Academic_researcher": {
        "coef": 1.7378554206283763,
        "se": 1.4330562806089047,
        "p": 0.22524772408217586,
        "separated": false
      },
      "ent_Industry_practitioner_technologist": {
        "coef": 0.8918886015493828,
        "se": 1.0727780165684084,
        "p": 0.40575772293537626,
        "separated": false
      },
      "ent_Legal_practitioner": {
        "coef": 2.5812617391842383,
        "se": 1.1185151373076094,
        "p": 0.02101262586860379,
        "separated": false
      },
      "ent_Trade_association_advocacy_organization": {
        "coef": 2.7434514763574103,
        "se": 1.4111421372972426,
        "p": 0.051879117440671765,
        "separated": false
      },
      "ent_Student": {
        "coef": 2.510725557850367,
        "se": 1.1229839380339752,
        "p": 0.025367321994241247,
        "separated": false
      },
      "log_words": {
        "coef": 0.5539558567575592,
        "se": 0.24476930609179226,
        "p": 0.02362488293016151,
        "separated": false
      }
    }
  },
  "lpm": {
    "n": 1920,
    "r2": 0.041633125022392914,
    "adj_r2": 0.03661286899841387,
    "cov_type": "HC1",
    "by_var": {
      "const": {
        "coef": -0.018344612496258426,
        "se": 0.012618492923012183,
        "p": 0.14600511547648445,
        "separated": false
      },
      "ent_Accountant_CPA": {
        "coef": 0.02577163733123148,
        "se": 0.03638516171435302,
        "p": 0.478758511456151,
        "separated": false
      },
      "ent_Issuer_Corporate_\u2014_current": {
        "coef": 0.06527414545890152,
        "se": 0.07492513611373156,
        "p": 0.3836495730017122,
        "separated": false
      },
      "ent_Issuer_Corporate_\u2014_former": {
        "coef": -0.010684652062040162,
        "se": 0.003274495773390486,
        "p": 0.0011024280413993626,
        "separated": true
      },
      "ent_Investment_professional": {
        "coef": -0.01126087093074451,
        "se": 0.003584839314931037,
        "p": 0.0016822925630007033,
        "separated": true
      },
      "ent_Academic_researcher": {
        "coef": 0.17199517498653136,
        "se": 0.1736831436007353,
        "p": 0.32203662796835764,
        "separated": false
      },
      "ent_Industry_practitioner_technologist": {
        "coef": 0.016069837806985284,
        "se": 0.027710213247516834,
        "p": 0.5619653811090249,
        "separated": false
      },
      "ent_Legal_practitioner": {
        "coef": 0.1127991254481624,
        "se": 0.11844302983618918,
        "p": 0.34091991047422054,
        "separated": false
      },
      "ent_Trade_association_advocacy_organization": {
        "coef": 0.30765734381507037,
        "se": 0.27097746909229303,
        "p": 0.2562239487549931,
        "separated": false
      },
      "ent_Student": {
        "coef": 0.11213276673758854,
        "se": 0.1189125739954499,
        "p": 0.34568860488655684,
        "separated": false
      },
      "log_words": {
        "coef": 0.006763407759532307,
        "se": 0.0034900662352615537,
        "p": 0.0526351302060523,
        "separated": false
      }
    }
  },
  "ordinal": {
    "n": 1961,
    "ll": -269.87691904431256,
    "mcfadden": 0.1428478047836469,
    "n_oppose": 1899,
    "n_conditional": 41,
    "n_support": 21,
    "cutpoints": [
      6.3180395197195915,
      7.53643440417135
    ],
    "by_var": {
      "ent_Accountant_CPA": {
        "coef": 1.3863047044433938,
        "se": 0.647089108705198,
        "p": 0.032163668979134113,
        "separated": false
      },
      "ent_Issuer_Corporate_\u2014_current": {
        "coef": 2.7327678401063435,
        "se": 0.5150117186747033,
        "p": 1.1191905646468612e-07,
        "separated": false
      },
      "ent_Issuer_Corporate_\u2014_former": {
        "coef": 2.1295457804188405,
        "se": 0.6663368951292677,
        "p": 0.0013939563461761565,
        "separated": false
      },
      "ent_Investment_professional": {
        "coef": 0.10004900240951417,
        "se": 1.0368121299421562,
        "p": 0.9231260538504122,
        "separated": false
      },
      "ent_Academic_researcher": {
        "coef": 2.3137339642749932,
        "se": 0.7633872825704895,
        "p": 0.0024384349442076146,
        "separated": false
      },
      "ent_Industry_practitioner_technologist": {
        "coef": 0.870674683457114,
        "se": 0.6569303123922963,
        "p": 0.1850489893353804,
        "separated": false
      },
      "ent_Legal_practitioner": {
        "coef": 1.6583658279325155,
        "se": 1.102783933969449,
        "p": 0.13263302346934006,
        "separated": false
      },
      "ent_Trade_association_advocacy_organization": {
        "coef": 2.078178824818129,
        "se": 1.320836857095131,
        "p": 0.11563076222872645,
        "separated": false
      },
      "ent_Student": {
        "coef": 1.5692812041406923,
        "se": 1.1041507812658036,
        "p": 0.15524227588541312,
        "separated": false
      },
      "log_words": {
        "coef": 0.5997268449790163,
        "se": 0.136924082533327,
        "p": 1.1868184074569681e-05,
        "separated": false
      },
      "0/1": {
        "coef": 6.3180395197195915,
        "se": 0.6137261841898459,
        "p": 7.456156282828004e-25,
        "separated": false
      },
      "1/2": {
        "coef": 0.1975343240113388,
        "se": 0.15913565575092015,
        "p": 0.21449672100428852,
        "separated": false
      }
    }
  },
  "po_lr_test": {
    "lr": 16.08008564515569,
    "df": 10,
    "p": 0.09736269245797358,
    "ordinal_ll": -269.87691904431256,
    "multinomial_ll": -261.8368762217347
  },
  "var_order": [
    "const",
    "ent_Accountant_CPA",
    "ent_Issuer_Corporate_\u2014_current",
    "ent_Issuer_Corporate_\u2014_former",
    "ent_Investment_professional",
    "ent_Academic_researcher",
    "ent_Industry_practitioner_technologist",
    "ent_Legal_practitioner",
    "ent_Trade_association_advocacy_organization",
    "ent_Student",
    "log_words"
  ],
  "labels": {
    "const": "Constant",
    "log_words": "log(words+1)",
    "ent_Accountant_CPA": "Accountant CPA",
    "ent_Issuer_Corporate_\u2014_current": "Issuer-current",
    "ent_Issuer_Corporate_\u2014_former": "Issuer-former",
    "ent_Investment_professional": "Investment prof.",
    "ent_Academic_researcher": "Academic",
    "ent_Industry_practitioner_technologist": "Industry pract.",
    "ent_Legal_practitioner": "Legal pract.",
    "ent_Trade_association_advocacy_organization": "Trade assoc.",
    "ent_Student": "Student"
  }
}