{
  "as_of": "2026-06-18",
  "n_records": 1896,
  "logit": {
    "n": 1828,
    "ll": -101.07450240170405,
    "mcfadden": 0.11859632394076414,
    "n_support": 21,
    "n_oppose": 1807,
    "by_var": {
      "const": {
        "coef": -6.995259184615598,
        "se": 1.0744054395073472,
        "p": 7.474223754969606e-11,
        "separated": false
      },
      "ent_Accountant_CPA": {
        "coef": 1.2143835031283357,
        "se": 1.0747038850343735,
        "p": 0.2584887269648274,
        "separated": false
      },
      "ent_Issuer_Corporate_\u2014_current": {
        "coef": 2.1381163275920767,
        "se": 1.105890635693831,
        "p": 0.053188346808285845,
        "separated": false
      },
      "ent_Issuer_Corporate_\u2014_former": {
        "coef": -18.694074145259137,
        "se": 33302.45956572976,
        "p": 0.9995521137912883,
        "separated": true
      },
      "ent_Investment_professional": {
        "coef": -17.097391481883264,
        "se": 8699.035357442406,
        "p": 0.9984318104996703,
        "separated": true
      },
      "ent_Academic_researcher": {
        "coef": 1.7280583659639255,
        "se": 1.4287111858609913,
        "p": 0.22646216134317054,
        "separated": false
      },
      "ent_Industry_practitioner_technologist": {
        "coef": 0.954717114050928,
        "se": 1.075065923758667,
        "p": 0.3745114445818678,
        "separated": false
      },
      "ent_Legal_practitioner": {
        "coef": 2.7427854881944778,
        "se": 1.1292222197456607,
        "p": 0.015144056414374843,
        "separated": false
      },
      "ent_Trade_association_advocacy_organization": {
        "coef": 2.725266411994148,
        "se": 1.409193932282103,
        "p": 0.05312313201819239,
        "separated": false
      },
      "ent_Student": {
        "coef": 2.472840082008417,
        "se": 1.1223747015635395,
        "p": 0.027579140123565903,
        "separated": false
      },
      "log_words": {
        "coef": 0.5430187866816645,
        "se": 0.24415568810730717,
        "p": 0.026143887745543617,
        "separated": false
      }
    }
  },
  "lpm": {
    "n": 1828,
    "r2": 0.04311780330937165,
    "adj_r2": 0.03785152814871873,
    "cov_type": "HC1",
    "by_var": {
      "const": {
        "coef": -0.019062254557112714,
        "se": 0.013416312340763731,
        "p": 0.15536715159130204,
        "separated": false
      },
      "ent_Accountant_CPA": {
        "coef": 0.02528854839171016,
        "se": 0.03639567997085707,
        "p": 0.48716635562403343,
        "separated": false
      },
      "ent_Issuer_Corporate_\u2014_current": {
        "coef": 0.07814904710138099,
        "se": 0.08800852771745385,
        "p": 0.3745561875000235,
        "separated": false
      },
      "ent_Issuer_Corporate_\u2014_former": {
        "coef": -0.011144190801903191,
        "se": 0.003422752683916324,
        "p": 0.0011302769993075782,
        "separated": true
      },
      "ent_Investment_professional": {
        "coef": -0.01260803911263689,
        "se": 0.00402570228000328,
        "p": 0.0017368752233457047,
        "separated": true
      },
      "ent_Academic_researcher": {
        "coef": 0.17083327690777567,
        "se": 0.17344431546642072,
        "p": 0.3246506186567709,
        "separated": false
      },
      "ent_Industry_practitioner_technologist": {
        "coef": 0.01840884027419331,
        "se": 0.03118120333949506,
        "p": 0.5549341652500709,
        "separated": false
      },
      "ent_Legal_practitioner": {
        "coef": 0.1307280769926803,
        "se": 0.1338245133602715,
        "p": 0.32863749432667466,
        "separated": false
      },
      "ent_Trade_association_advocacy_organization": {
        "coef": 0.30658988355536165,
        "se": 0.2709412559610793,
        "p": 0.2578138822812148,
        "separated": false
      },
      "ent_Student": {
        "coef": 0.11158472101264234,
        "se": 0.11900801798008286,
        "p": 0.34843790138583564,
        "separated": false
      },
      "log_words": {
        "coef": 0.007037674224187433,
        "se": 0.0036992597861963197,
        "p": 0.057111733685298045,
        "separated": false
      }
    }
  },
  "ordinal": {
    "n": 1868,
    "ll": -263.59059872609294,
    "mcfadden": 0.14416659591052172,
    "n_oppose": 1807,
    "n_conditional": 40,
    "n_support": 21,
    "cutpoints": [
      6.544921175209896,
      7.749309131331231
    ],
    "by_var": {
      "ent_Accountant_CPA": {
        "coef": 1.3092795983163301,
        "se": 0.6503439354305781,
        "p": 0.044092431056860816,
        "separated": false
      },
      "ent_Issuer_Corporate_\u2014_current": {
        "coef": 2.5063548756393432,
        "se": 0.5538313820565377,
        "p": 6.025753435867204e-06,
        "separated": false
      },
      "ent_Issuer_Corporate_\u2014_former": {
        "coef": 2.0691904407930037,
        "se": 0.6672069950552002,
        "p": 0.0019269113337161481,
        "separated": false
      },
      "ent_Investment_professional": {
        "coef": 0.026537404088232946,
        "se": 1.0375670631540121,
        "p": 0.9795950763337825,
        "separated": false
      },
      "ent_Academic_researcher": {
        "coef": 2.096702585181085,
        "se": 0.7710536216802424,
        "p": 0.00654262800866107,
        "separated": false
      },
      "ent_Industry_practitioner_technologist": {
        "coef": 0.8505852464077444,
        "se": 0.6666768298222906,
        "p": 0.20200557194780744,
        "separated": false
      },
      "ent_Legal_practitioner": {
        "coef": 1.8144029593947462,
        "se": 1.1221678678035003,
        "p": 0.10590569140506101,
        "separated": false
      },
      "ent_Trade_association_advocacy_organization": {
        "coef": 1.893407178471593,
        "se": 1.324638247426379,
        "p": 0.1528959630288782,
        "separated": false
      },
      "ent_Student": {
        "coef": 1.483482797043698,
        "se": 1.107492612661331,
        "p": 0.1804089995039171,
        "separated": false
      },
      "log_words": {
        "coef": 0.6619284405961655,
        "se": 0.13867363809143277,
        "p": 1.8124733292525608e-06,
        "separated": false
      },
      "0/1": {
        "coef": 6.544921175209896,
        "se": 0.6288542252324927,
        "p": 2.2869866077300513e-25,
        "separated": false
      },
      "1/2": {
        "coef": 0.18597151767618544,
        "se": 0.16087615423929644,
        "p": 0.24768450456431268,
        "separated": false
      }
    }
  },
  "po_lr_test": {
    "lr": 16.312999001094965,
    "df": 10,
    "p": 0.09101617010569607,
    "ordinal_ll": -263.59059872609294,
    "multinomial_ll": -255.43409922554545
  },
  "var_order": [
    "const",
    "ent_Accountant_CPA",
    "ent_Issuer_Corporate_\u2014_current",
    "ent_Issuer_Corporate_\u2014_former",
    "ent_Investment_professional",
    "ent_Academic_researcher",
    "ent_Industry_practitioner_technologist",
    "ent_Legal_practitioner",
    "ent_Trade_association_advocacy_organization",
    "ent_Student",
    "log_words"
  ],
  "labels": {
    "const": "Constant",
    "log_words": "log(words+1)",
    "ent_Accountant_CPA": "Accountant CPA",
    "ent_Issuer_Corporate_\u2014_current": "Issuer-current",
    "ent_Issuer_Corporate_\u2014_former": "Issuer-former",
    "ent_Investment_professional": "Investment prof.",
    "ent_Academic_researcher": "Academic",
    "ent_Industry_practitioner_technologist": "Industry pract.",
    "ent_Legal_practitioner": "Legal pract.",
    "ent_Trade_association_advocacy_organization": "Trade assoc.",
    "ent_Student": "Student"
  }
}