{
  "as_of": "2026-06-09",
  "n_records": 845,
  "logit": {
    "n": 778,
    "ll": -47.650253915449206,
    "mcfadden": 0.23106074099446494,
    "n_support": 12,
    "n_oppose": 766,
    "by_var": {
      "const": {
        "coef": -7.253623730277715,
        "se": NaN,
        "p": NaN,
        "separated": false
      },
      "ent_Accountant_CPA": {
        "coef": 1.5839980493130967,
        "se": NaN,
        "p": NaN,
        "separated": false
      },
      "ent_Issuer_Corporate_\u2014_current": {
        "coef": 2.381799436277203,
        "se": NaN,
        "p": NaN,
        "separated": false
      },
      "ent_Issuer_Corporate_\u2014_former": {
        "coef": -5.59895544543608,
        "se": NaN,
        "p": NaN,
        "separated": true
      },
      "ent_Investment_professional": {
        "coef": -11.329564170760403,
        "se": NaN,
        "p": NaN,
        "separated": true
      },
      "ent_Academic_researcher": {
        "coef": 1.8234659147965624,
        "se": NaN,
        "p": NaN,
        "separated": false
      },
      "ent_Industry_practitioner_technologist": {
        "coef": -13.234951004112029,
        "se": NaN,
        "p": NaN,
        "separated": true
      },
      "ent_Legal_practitioner": {
        "coef": 46.8154785484375,
        "se": NaN,
        "p": NaN,
        "separated": true
      },
      "ent_Trade_association_advocacy_organization": {
        "coef": 0.0,
        "se": NaN,
        "p": NaN,
        "separated": false
      },
      "ent_Student": {
        "coef": 3.454805493679187,
        "se": NaN,
        "p": NaN,
        "separated": false
      },
      "log_words": {
        "coef": 0.636732860334001,
        "se": NaN,
        "p": NaN,
        "separated": false
      }
    }
  },
  "lpm": {
    "n": 778,
    "r2": 0.14897797976035898,
    "adj_r2": 0.1390050654606757,
    "cov_type": "HC1",
    "by_var": {
      "const": {
        "coef": -0.025959814314190005,
        "se": 0.020750150594712143,
        "p": 0.21091028618529162,
        "separated": false
      },
      "ent_Accountant_CPA": {
        "coef": 0.0478401323719859,
        "se": 0.06076439073726653,
        "p": 0.4311031149534501,
        "separated": false
      },
      "ent_Issuer_Corporate_\u2014_current": {
        "coef": 0.14694353710327468,
        "se": 0.1568758106014272,
        "p": 0.34891956981630623,
        "separated": false
      },
      "ent_Issuer_Corporate_\u2014_former": {
        "coef": -0.014674736875227613,
        "se": 0.0060204648165399395,
        "p": 0.014790207013090657,
        "separated": true
      },
      "ent_Investment_professional": {
        "coef": -0.015534073748994695,
        "se": 0.006797943872429374,
        "p": 0.02230616967853018,
        "separated": true
      },
      "ent_Academic_researcher": {
        "coef": 0.21508761120358774,
        "se": 0.20768528573987516,
        "p": 0.3003691755325143,
        "separated": false
      },
      "ent_Industry_practitioner_technologist": {
        "coef": -0.016536183112348675,
        "se": 0.007360033775477715,
        "p": 0.024655772283476127,
        "separated": true
      },
      "ent_Legal_practitioner": {
        "coef": 0.9919272882707809,
        "se": 0.003218308821819122,
        "p": 0.0,
        "separated": true
      },
      "ent_Trade_association_advocacy_organization": {
        "coef": 8.204184955699285e-17,
        "se": 1.848471875156741e-17,
        "p": 9.064661353871498e-06,
        "separated": false
      },
      "ent_Student": {
        "coef": 0.3149843000346353,
        "se": 0.27970197268474767,
        "p": 0.2601051750757538,
        "separated": false
      },
      "log_words": {
        "coef": 0.009289464551352392,
        "se": 0.005864869213337989,
        "p": 0.11321266638322779,
        "separated": false
      }
    }
  },
  "ordinal": {
    "n": 803,
    "ll": -128.13781194160723,
    "mcfadden": 0.2606546051912648,
    "n_oppose": 766,
    "n_conditional": 25,
    "n_support": 12,
    "cutpoints": [
      7.004692544071911,
      8.490055990328495
    ],
    "by_var": {
      "ent_Accountant_CPA": {
        "coef": 1.7648895663396138,
        "se": NaN,
        "p": NaN,
        "separated": false
      },
      "ent_Issuer_Corporate_\u2014_current": {
        "coef": 2.6970482482231013,
        "se": NaN,
        "p": NaN,
        "separated": false
      },
      "ent_Issuer_Corporate_\u2014_former": {
        "coef": 2.129015222927763,
        "se": NaN,
        "p": NaN,
        "separated": false
      },
      "ent_Investment_professional": {
        "coef": -9.875265752549966,
        "se": NaN,
        "p": NaN,
        "separated": true
      },
      "ent_Academic_researcher": {
        "coef": 2.155524495853131,
        "se": NaN,
        "p": NaN,
        "separated": false
      },
      "ent_Industry_practitioner_technologist": {
        "coef": -0.36918801542282903,
        "se": NaN,
        "p": NaN,
        "separated": false
      },
      "ent_Legal_practitioner": {
        "coef": 33.110067287682675,
        "se": NaN,
        "p": NaN,
        "separated": true
      },
      "ent_Trade_association_advocacy_organization": {
        "coef": 0.0,
        "se": NaN,
        "p": NaN,
        "separated": false
      },
      "ent_Student": {
        "coef": 2.6783090277442914,
        "se": NaN,
        "p": NaN,
        "separated": false
      },
      "log_words": {
        "coef": 0.7841492355774251,
        "se": NaN,
        "p": NaN,
        "separated": false
      },
      "0/1": {
        "coef": 7.004692544071911,
        "se": NaN,
        "p": NaN,
        "separated": false
      },
      "1/2": {
        "coef": 0.39565948726343075,
        "se": NaN,
        "p": NaN,
        "separated": false
      }
    }
  },
  "po_lr_test": {
    "lr": 12.626838910255401,
    "df": 10,
    "p": 0.24529024446278969,
    "ordinal_ll": -128.13781194160723,
    "multinomial_ll": -121.82439248647952
  },
  "var_order": [
    "const",
    "ent_Accountant_CPA",
    "ent_Issuer_Corporate_\u2014_current",
    "ent_Issuer_Corporate_\u2014_former",
    "ent_Investment_professional",
    "ent_Academic_researcher",
    "ent_Industry_practitioner_technologist",
    "ent_Legal_practitioner",
    "ent_Trade_association_advocacy_organization",
    "ent_Student",
    "log_words"
  ],
  "labels": {
    "const": "Constant",
    "log_words": "log(words+1)",
    "ent_Accountant_CPA": "Accountant CPA",
    "ent_Issuer_Corporate_\u2014_current": "Issuer-current",
    "ent_Issuer_Corporate_\u2014_former": "Issuer-former",
    "ent_Investment_professional": "Investment prof.",
    "ent_Academic_researcher": "Academic",
    "ent_Industry_practitioner_technologist": "Industry pract.",
    "ent_Legal_practitioner": "Legal pract.",
    "ent_Trade_association_advocacy_organization": "Trade assoc.",
    "ent_Student": "Student"
  }
}