{
  "as_of": "2026-06-18",
  "n_records": 1896,
  "logit": {
    "n": 1786,
    "ll": -100.53106263182079,
    "mcfadden": 0.11956569266758454,
    "n_support": 21,
    "n_oppose": 1765,
    "by_var": {
      "const": {
        "coef": -6.981889928098501,
        "se": 1.0726066186148029,
        "p": 7.551508159657188e-11,
        "separated": false
      },
      "ent_Accountant_CPA": {
        "coef": 1.2202550793195672,
        "se": 1.0766048035309632,
        "p": 0.2570341518171413,
        "separated": false
      },
      "ent_Issuer_Corporate_\u2014_current": {
        "coef": 2.116859447640585,
        "se": 1.1058073425916124,
        "p": 0.05558039651003871,
        "separated": false
      },
      "ent_Issuer_Corporate_\u2014_former": {
        "coef": -18.25447786060463,
        "se": 28838.38830673801,
        "p": 0.9994949452471849,
        "separated": true
      },
      "ent_Investment_professional": {
        "coef": -32.609841288903766,
        "se": 20956934.505326707,
        "p": 0.999998758459216,
        "separated": true
      },
      "ent_Academic_researcher": {
        "coef": 1.7027076951897668,
        "se": 1.4274249546998978,
        "p": 0.23292707089114872,
        "separated": false
      },
      "ent_Industry_practitioner_technologist": {
        "coef": 0.9638413927766424,
        "se": 1.0762221041663946,
        "p": 0.3704779152973581,
        "separated": false
      },
      "ent_Legal_practitioner": {
        "coef": 2.721951617763104,
        "se": 1.1292200045593064,
        "p": 0.01593195548766289,
        "separated": false
      },
      "ent_Trade_association_advocacy_organization": {
        "coef": 2.7011462903086634,
        "se": 1.4082489861867815,
        "p": 0.055099780971371366,
        "separated": false
      },
      "ent_Student": {
        "coef": 2.67118083576775,
        "se": 1.1316102697113661,
        "p": 0.018249675055004556,
        "separated": false
      },
      "log_words": {
        "coef": 0.5446301069766102,
        "se": 0.24346785419497113,
        "p": 0.0252883488516636,
        "separated": false
      }
    }
  },
  "lpm": {
    "n": 1786,
    "r2": 0.04406353532323193,
    "adj_r2": 0.03867797777575721,
    "cov_type": "HC1",
    "by_var": {
      "const": {
        "coef": -0.01968845290490632,
        "se": 0.01359948419332412,
        "p": 0.14769110226053547,
        "separated": false
      },
      "ent_Accountant_CPA": {
        "coef": 0.026324057697868955,
        "se": 0.03777622386803369,
        "p": 0.48590170656054377,
        "separated": false
      },
      "ent_Issuer_Corporate_\u2014_current": {
        "coef": 0.07785505938013278,
        "se": 0.088041846607219,
        "p": 0.3765364065814547,
        "separated": false
      },
      "ent_Issuer_Corporate_\u2014_former": {
        "coef": -0.010558901483356042,
        "se": 0.003092814579942001,
        "p": 0.0006401410618502143,
        "separated": true
      },
      "ent_Investment_professional": {
        "coef": -0.012748468442529916,
        "se": 0.004037926095208518,
        "p": 0.0015930176850885,
        "separated": true
      },
      "ent_Academic_researcher": {
        "coef": 0.17006486720909292,
        "se": 0.17331484088936747,
        "p": 0.32647038431694886,
        "separated": false
      },
      "ent_Industry_practitioner_technologist": {
        "coef": 0.019148771847739627,
        "se": 0.03216102664378837,
        "p": 0.5515741185791481,
        "separated": false
      },
      "ent_Legal_practitioner": {
        "coef": 0.1304523348772824,
        "se": 0.1338648825420097,
        "p": 0.3298046064797494,
        "separated": false
      },
      "ent_Trade_association_advocacy_organization": {
        "coef": 0.3058915461788978,
        "se": 0.2709064419090574,
        "p": 0.25883839615524296,
        "separated": false
      },
      "ent_Student": {
        "coef": 0.12995321878352975,
        "se": 0.13431363190338,
        "p": 0.33327635965460956,
        "separated": false
      },
      "log_words": {
        "coef": 0.007241178374180854,
        "se": 0.00375021015748225,
        "p": 0.053498798277330784,
        "separated": false
      }
    }
  },
  "ordinal": {
    "n": 1826,
    "ll": -262.0222588049942,
    "mcfadden": 0.14534442413716242,
    "n_oppose": 1765,
    "n_conditional": 40,
    "n_support": 21,
    "cutpoints": [
      6.540168991399777,
      7.746910036583214
    ],
    "by_var": {
      "ent_Accountant_CPA": {
        "coef": 1.3137740015790527,
        "se": 0.6525790041630901,
        "p": 0.044093278955456804,
        "separated": false
      },
      "ent_Issuer_Corporate_\u2014_current": {
        "coef": 2.4840932630661765,
        "se": 0.5539035363876462,
        "p": 7.301530969596943e-06,
        "separated": false
      },
      "ent_Issuer_Corporate_\u2014_former": {
        "coef": 2.1853243228586168,
        "se": 0.6692254631809018,
        "p": 0.001092891255067209,
        "separated": false
      },
      "ent_Investment_professional": {
        "coef": 0.09052716771198513,
        "se": 1.0394247489871613,
        "p": 0.9305971703339708,
        "separated": false
      },
      "ent_Academic_researcher": {
        "coef": 2.0684413217070463,
        "se": 0.7711412820226575,
        "p": 0.007311528904161734,
        "separated": false
      },
      "ent_Industry_practitioner_technologist": {
        "coef": 0.8553762384158973,
        "se": 0.6687357004904139,
        "p": 0.20086373703051086,
        "separated": false
      },
      "ent_Legal_practitioner": {
        "coef": 1.7906021613597336,
        "se": 1.1234337346865466,
        "p": 0.11096618503244991,
        "separated": false
      },
      "ent_Trade_association_advocacy_organization": {
        "coef": 1.8681215538826434,
        "se": 1.3245958697028621,
        "p": 0.15844131475805956,
        "separated": false
      },
      "ent_Student": {
        "coef": 1.7117088050269975,
        "se": 1.1228319178752693,
        "p": 0.12739462883073793,
        "separated": false
      },
      "log_words": {
        "coef": 0.6653577154713302,
        "se": 0.13866107857576057,
        "p": 1.5990130342102957e-06,
        "separated": false
      },
      "0/1": {
        "coef": 6.540168991399777,
        "se": 0.6296249142459164,
        "p": 2.8294660390978378e-25,
        "separated": false
      },
      "1/2": {
        "coef": 0.1879233749247074,
        "se": 0.16077937569857886,
        "p": 0.24247309022309804,
        "separated": false
      }
    }
  },
  "po_lr_test": {
    "lr": 16.455326784672536,
    "df": 10,
    "p": 0.08731900996925412,
    "ordinal_ll": -262.0222588049942,
    "multinomial_ll": -253.7945954126579
  },
  "var_order": [
    "const",
    "ent_Accountant_CPA",
    "ent_Issuer_Corporate_\u2014_current",
    "ent_Issuer_Corporate_\u2014_former",
    "ent_Investment_professional",
    "ent_Academic_researcher",
    "ent_Industry_practitioner_technologist",
    "ent_Legal_practitioner",
    "ent_Trade_association_advocacy_organization",
    "ent_Student",
    "log_words"
  ],
  "labels": {
    "const": "Constant",
    "log_words": "log(words+1)",
    "ent_Accountant_CPA": "Accountant CPA",
    "ent_Issuer_Corporate_\u2014_current": "Issuer-current",
    "ent_Issuer_Corporate_\u2014_former": "Issuer-former",
    "ent_Investment_professional": "Investment prof.",
    "ent_Academic_researcher": "Academic",
    "ent_Industry_practitioner_technologist": "Industry pract.",
    "ent_Legal_practitioner": "Legal pract.",
    "ent_Trade_association_advocacy_organization": "Trade assoc.",
    "ent_Student": "Student"
  }
}