{
  "as_of": "2026-06-02",
  "n_records": 532,
  "logit": {
    "n": 461,
    "ll": -38.52646527686238,
    "mcfadden": 0.20067711420205891,
    "n_support": 10,
    "n_oppose": 451,
    "by_var": {
      "const": {
        "coef": -7.2216195467380295,
        "se": 1.5552292251393491,
        "p": 3.4264918212244155e-06,
        "separated": false
      },
      "ent_Accountant_CPA": {
        "coef": 1.60969320426961,
        "se": 1.1374427259590834,
        "p": 0.15701392112378781,
        "separated": false
      },
      "ent_Issuer_Corporate_\u2014_current": {
        "coef": 2.1103246454399294,
        "se": 1.2535339912522296,
        "p": 0.09227831296577624,
        "separated": false
      },
      "ent_Issuer_Corporate_\u2014_former": {
        "coef": -22.07202509909593,
        "se": 223961.59734326942,
        "p": 0.9999213663046137,
        "separated": true
      },
      "ent_Investment_professional": {
        "coef": -27.054212146628974,
        "se": 1348434.702784912,
        "p": 0.9999839917067319,
        "separated": true
      },
      "ent_Academic_researcher": {
        "coef": 1.5372161005387566,
        "se": 1.6490843761019538,
        "p": 0.3512520865727662,
        "separated": false
      },
      "ent_Industry_practitioner_technologist": {
        "coef": -28.035655904126937,
        "se": 1839787.0644040208,
        "p": 0.999987841409786,
        "separated": true
      },
      "ent_Student": {
        "coef": 3.0824762118292095,
        "se": 1.3512468954593666,
        "p": 0.022536098523328982,
        "separated": false
      },
      "log_words": {
        "coef": 0.7045640690189146,
        "se": 0.3197859538271188,
        "p": 0.027578087621794527,
        "separated": false
      }
    }
  },
  "lpm": {
    "n": 461,
    "r2": 0.09356740897785099,
    "adj_r2": 0.07752435426949433,
    "cov_type": "HC1",
    "by_var": {
      "const": {
        "coef": -0.03855266152819116,
        "se": 0.025297803661200286,
        "p": 0.1275204746579565,
        "separated": false
      },
      "ent_Accountant_CPA": {
        "coef": 0.058374754647058866,
        "se": 0.07419839777710432,
        "p": 0.43143481576090026,
        "separated": false
      },
      "ent_Issuer_Corporate_\u2014_current": {
        "coef": 0.16926131859483984,
        "se": 0.18761370322885082,
        "p": 0.366961291759588,
        "separated": false
      },
      "ent_Issuer_Corporate_\u2014_former": {
        "coef": -0.0205524907393984,
        "se": 0.008654160765890886,
        "p": 0.01755521997990022,
        "separated": true
      },
      "ent_Investment_professional": {
        "coef": -0.02275038814331225,
        "se": 0.010411710865044669,
        "p": 0.028883213987568136,
        "separated": true
      },
      "ent_Academic_researcher": {
        "coef": 0.2773951149315844,
        "se": 0.26091551918174616,
        "p": 0.28770910052544807,
        "separated": false
      },
      "ent_Industry_practitioner_technologist": {
        "coef": -0.02722630368147728,
        "se": 0.012926714247402774,
        "p": 0.035186592691743214,
        "separated": true
      },
      "ent_Student": {
        "coef": 0.3065728248230422,
        "se": 0.2833767047980068,
        "p": 0.2793164614455519,
        "separated": false
      },
      "log_words": {
        "coef": 0.013693075096641395,
        "se": 0.007549025930131295,
        "p": 0.0696952245262666,
        "separated": false
      }
    }
  },
  "ordinal": {
    "n": 486,
    "ll": -111.62864223356307,
    "mcfadden": 0.2392131176354817,
    "n_oppose": 451,
    "n_conditional": 25,
    "n_support": 10,
    "cutpoints": [
      6.368084102291639,
      7.990967395702052
    ],
    "by_var": {
      "ent_Accountant_CPA": {
        "coef": 1.7290769730713402,
        "se": 0.7123144646768031,
        "p": 0.015207193671429125,
        "separated": false
      },
      "ent_Issuer_Corporate_\u2014_current": {
        "coef": 2.447399851101133,
        "se": 0.6636863360737256,
        "p": 0.00022639238199781414,
        "separated": false
      },
      "ent_Issuer_Corporate_\u2014_former": {
        "coef": 1.8847972756657674,
        "se": 0.8637619274118388,
        "p": 0.029103658966294514,
        "separated": false
      },
      "ent_Investment_professional": {
        "coef": -12.598984336626016,
        "se": 583.8676458479563,
        "p": 0.9827841890527079,
        "separated": true
      },
      "ent_Academic_researcher": {
        "coef": 2.089667160573037,
        "se": 0.871594066109249,
        "p": 0.016506327061049552,
        "separated": false
      },
      "ent_Industry_practitioner_technologist": {
        "coef": -0.5446153421858102,
        "se": 1.1365203134282063,
        "p": 0.6317996038866227,
        "separated": false
      },
      "ent_Student": {
        "coef": 2.2751909605643417,
        "se": 1.4042626901979598,
        "p": 0.1051886256593955,
        "separated": false
      },
      "log_words": {
        "coef": 0.7394901807981306,
        "se": 0.17898385005768455,
        "p": 3.6024247744398936e-05,
        "separated": false
      },
      "0/1": {
        "coef": 6.368084102291639,
        "se": 0.8884958281975729,
        "p": 7.651144163258974e-13,
        "separated": false
      },
      "1/2": {
        "coef": 0.48420437800512584,
        "se": 0.20091337061802095,
        "p": 0.015951833952599016,
        "separated": false
      }
    }
  },
  "po_lr_test": {
    "lr": 11.738758130358207,
    "df": 8,
    "p": 0.16324597148396958,
    "ordinal_ll": -111.62864223356307,
    "multinomial_ll": -105.75926316838397
  },
  "var_order": [
    "const",
    "ent_Accountant_CPA",
    "ent_Issuer_Corporate_\u2014_current",
    "ent_Issuer_Corporate_\u2014_former",
    "ent_Investment_professional",
    "ent_Academic_researcher",
    "ent_Industry_practitioner_technologist",
    "ent_Student",
    "log_words"
  ],
  "labels": {
    "const": "Constant",
    "log_words": "log(words+1)",
    "ent_Accountant_CPA": "Accountant CPA",
    "ent_Issuer_Corporate_\u2014_current": "Issuer-current",
    "ent_Issuer_Corporate_\u2014_former": "Issuer-former",
    "ent_Investment_professional": "Investment prof.",
    "ent_Academic_researcher": "Academic",
    "ent_Industry_practitioner_technologist": "Industry pract.",
    "ent_Student": "Student"
  }
}