{
  "as_of": "2026-06-12",
  "n_records": 1225,
  "logit": {
    "n": 1077,
    "ll": -67.19828642112623,
    "mcfadden": 0.14942454638385005,
    "n_support": 15,
    "n_oppose": 1062,
    "by_var": {
      "const": {
        "coef": -6.7549242795665245,
        "se": 1.2417833715540847,
        "p": 5.337150542158981e-08,
        "separated": false
      },
      "ent_Accountant_CPA": {
        "coef": 1.4724199183349929,
        "se": 1.0854052794479057,
        "p": 0.17492031690382603,
        "separated": false
      },
      "ent_Issuer_Corporate_\u2014_current": {
        "coef": 2.139834304845708,
        "se": 1.1341412520698613,
        "p": 0.05919475434837175,
        "separated": false
      },
      "ent_Issuer_Corporate_\u2014_former": {
        "coef": -16.928034023256995,
        "se": 15098.88095464985,
        "p": 0.9991054559471718,
        "separated": true
      },
      "ent_Investment_professional": {
        "coef": -22.13816216869512,
        "se": 126832.76209874733,
        "p": 0.9998607323737418,
        "separated": true
      },
      "ent_Academic_researcher": {
        "coef": 1.7519144929482324,
        "se": 1.4820860505098605,
        "p": 0.23718193295452683,
        "separated": false
      },
      "ent_Industry_practitioner_technologist": {
        "coef": 1.036173471716,
        "se": 1.1004726966762859,
        "p": 0.3464121859681637,
        "separated": false
      },
      "ent_Legal_practitioner": {
        "coef": 4.602993932677553,
        "se": 1.4676622772210444,
        "p": 0.0017110810909673599,
        "separated": false
      },
      "ent_Trade_association_advocacy_organization": {
        "coef": -5.105622002404506,
        "se": 98.89548355252091,
        "p": 0.9588263493036266,
        "separated": true
      },
      "ent_Student": {
        "coef": 3.177678612504443,
        "se": 1.2320384708497671,
        "p": 0.009902827243681784,
        "separated": false
      },
      "log_words": {
        "coef": 0.5083489537514423,
        "se": 0.27757094981301667,
        "p": 0.0670378972643838,
        "separated": false
      }
    }
  },
  "lpm": {
    "n": 1077,
    "r2": 0.07125626213595526,
    "adj_r2": 0.0625438443323526,
    "cov_type": "HC1",
    "by_var": {
      "const": {
        "coef": -0.01879877919634269,
        "se": 0.01712877201704801,
        "p": 0.272424107440289,
        "separated": false
      },
      "ent_Accountant_CPA": {
        "coef": 0.035145447735956216,
        "se": 0.04659783942349193,
        "p": 0.45071165083055753,
        "separated": false
      },
      "ent_Issuer_Corporate_\u2014_current": {
        "coef": 0.08580501230666704,
        "se": 0.09680748627233686,
        "p": 0.37543064046425934,
        "separated": false
      },
      "ent_Issuer_Corporate_\u2014_former": {
        "coef": -0.01124912849329094,
        "se": 0.004067887773850032,
        "p": 0.005686196228668224,
        "separated": true
      },
      "ent_Investment_professional": {
        "coef": -0.013710010493088905,
        "se": 0.005484050053437955,
        "p": 0.012420063506185873,
        "separated": true
      },
      "ent_Academic_researcher": {
        "coef": 0.16924459582344284,
        "se": 0.17281425529349578,
        "p": 0.32741006026637376,
        "separated": false
      },
      "ent_Industry_practitioner_technologist": {
        "coef": 0.02213949474940882,
        "se": 0.03566948722388871,
        "p": 0.5348072868157834,
        "separated": false
      },
      "ent_Legal_practitioner": {
        "coef": 0.4882437799948046,
        "se": 0.3582856202889238,
        "p": 0.17297006861523712,
        "separated": false
      },
      "ent_Trade_association_advocacy_organization": {
        "coef": -0.01921843818514582,
        "se": 0.008628129906905094,
        "p": 0.02591945636187907,
        "separated": true
      },
      "ent_Student": {
        "coef": 0.23411760217477934,
        "se": 0.22131860176746027,
        "p": 0.29013265290737156,
        "separated": false
      },
      "log_words": {
        "coef": 0.007231051040721309,
        "se": 0.0047842657127768525,
        "p": 0.1306806170211045,
        "separated": false
      }
    }
  },
  "ordinal": {
    "n": 1109,
    "ll": -183.11992610694222,
    "mcfadden": 0.18247273012927967,
    "n_oppose": 1062,
    "n_conditional": 32,
    "n_support": 15,
    "cutpoints": [
      6.486385993947231,
      7.82955661212325
    ],
    "by_var": {
      "ent_Accountant_CPA": {
        "coef": 1.4693838660398844,
        "se": 0.6627267764028544,
        "p": 0.026610864636947236,
        "separated": false
      },
      "ent_Issuer_Corporate_\u2014_current": {
        "coef": 2.409895388934292,
        "se": 0.5746544399648191,
        "p": 2.74510270331068e-05,
        "separated": false
      },
      "ent_Issuer_Corporate_\u2014_former": {
        "coef": 2.1419016868715555,
        "se": 0.6843817094177077,
        "p": 0.0017499165319115363,
        "separated": false
      },
      "ent_Investment_professional": {
        "coef": -10.010129285954203,
        "se": 165.65225038092265,
        "p": 0.9518143013993646,
        "separated": true
      },
      "ent_Academic_researcher": {
        "coef": 1.9185611448781794,
        "se": 0.7938064327448745,
        "p": 0.015652754695425805,
        "separated": false
      },
      "ent_Industry_practitioner_technologist": {
        "coef": 0.35944473706838914,
        "se": 0.8082616659999026,
        "p": 0.6565269348219382,
        "separated": false
      },
      "ent_Legal_practitioner": {
        "coef": 4.261770291249646,
        "se": 1.6335890722388526,
        "p": 0.009085007113274346,
        "separated": false
      },
      "ent_Trade_association_advocacy_organization": {
        "coef": -3.9215745161631865,
        "se": 30.046238795371917,
        "p": 0.8961566266220226,
        "separated": true
      },
      "ent_Student": {
        "coef": 2.1333050373194253,
        "se": 1.2379257709423195,
        "p": 0.08483610464752604,
        "separated": false
      },
      "log_words": {
        "coef": 0.6856492988443752,
        "se": 0.15416356885385538,
        "p": 8.685755808798511e-06,
        "separated": false
      },
      "0/1": {
        "coef": 6.486385993947231,
        "se": 0.7214313128662968,
        "p": 2.4500013907422773e-19,
        "separated": false
      },
      "1/2": {
        "coef": 0.2950329520452336,
        "se": 0.17898734382319278,
        "p": 0.09928182804455463,
        "separated": false
      }
    }
  },
  "po_lr_test": {
    "lr": 13.324367126065567,
    "df": 10,
    "p": 0.2060972438839721,
    "ordinal_ll": -183.11992610694222,
    "multinomial_ll": -176.45774254390943
  },
  "var_order": [
    "const",
    "ent_Accountant_CPA",
    "ent_Issuer_Corporate_\u2014_current",
    "ent_Issuer_Corporate_\u2014_former",
    "ent_Investment_professional",
    "ent_Academic_researcher",
    "ent_Industry_practitioner_technologist",
    "ent_Legal_practitioner",
    "ent_Trade_association_advocacy_organization",
    "ent_Student",
    "log_words"
  ],
  "labels": {
    "const": "Constant",
    "log_words": "log(words+1)",
    "ent_Accountant_CPA": "Accountant CPA",
    "ent_Issuer_Corporate_\u2014_current": "Issuer-current",
    "ent_Issuer_Corporate_\u2014_former": "Issuer-former",
    "ent_Investment_professional": "Investment prof.",
    "ent_Academic_researcher": "Academic",
    "ent_Industry_practitioner_technologist": "Industry pract.",
    "ent_Legal_practitioner": "Legal pract.",
    "ent_Trade_association_advocacy_organization": "Trade assoc.",
    "ent_Student": "Student"
  }
}