{
  "as_of": "2026-05-19",
  "n_records": 263,
  "logit": {
    "n": 238,
    "ll": -27.044967764488806,
    "mcfadden": 0.22743335560967515,
    "n_support": 8,
    "n_oppose": 230,
    "by_var": {
      "const": {
        "coef": -6.015565873867844,
        "se": 1.71054816146008,
        "p": 0.0004368692469153774,
        "separated": false
      },
      "ent_Accountant_CPA": {
        "coef": 1.5685530995604609,
        "se": 1.1767482364774537,
        "p": 0.18254638931442368,
        "separated": false
      },
      "ent_Issuer_Corporate_\u2014_current": {
        "coef": 1.9913705861697626,
        "se": 1.2786292059573117,
        "p": 0.11936933698519048,
        "separated": false
      },
      "ent_Issuer_Corporate_\u2014_former": {
        "coef": -21.883260753722308,
        "se": 171768.89287511166,
        "p": 0.9998983499540811,
        "separated": true
      },
      "ent_Investment_professional": {
        "coef": -22.72958023351214,
        "se": 162717.16621819275,
        "p": 0.9998885453729046,
        "separated": true
      },
      "ent_Academic_researcher": {
        "coef": 2.2157053572340164,
        "se": 1.892839545105047,
        "p": 0.2417707757207228,
        "separated": false
      },
      "ent_Industry_practitioner_technologist": {
        "coef": -26.22152958266314,
        "se": 887753.1555128932,
        "p": 0.999976432915522,
        "separated": true
      },
      "ent_Student": {
        "coef": 3.664862040006843,
        "se": 1.5633160908980814,
        "p": 0.019063481039941103,
        "separated": false
      },
      "log_words": {
        "coef": 0.5048667825036659,
        "se": 0.3560471795676235,
        "p": 0.15619742167129866,
        "separated": false
      }
    }
  },
  "lpm": {
    "n": 238,
    "r2": 0.15046508031443673,
    "adj_r2": 0.12078700451756108,
    "cov_type": "HC1",
    "by_var": {
      "const": {
        "coef": -0.035931474892575144,
        "se": 0.036125191855654895,
        "p": 0.31991254309193595,
        "separated": false
      },
      "ent_Accountant_CPA": {
        "coef": 0.06907775616851988,
        "se": 0.08803020098331374,
        "p": 0.4326264352594723,
        "separated": false
      },
      "ent_Issuer_Corporate_\u2014_current": {
        "coef": 0.16393168528868932,
        "se": 0.1916248973823652,
        "p": 0.39228426455606025,
        "separated": false
      },
      "ent_Issuer_Corporate_\u2014_former": {
        "coef": -0.025483968186155857,
        "se": 0.013269905332380396,
        "p": 0.05480318976136543,
        "separated": true
      },
      "ent_Investment_professional": {
        "coef": -0.028746039495322055,
        "se": 0.016224218995962655,
        "p": 0.07642808725535702,
        "separated": true
      },
      "ent_Academic_researcher": {
        "coef": 0.42884266393641757,
        "se": 0.3499838549887225,
        "p": 0.22045419499393604,
        "separated": false
      },
      "ent_Industry_practitioner_technologist": {
        "coef": -0.027978503634050883,
        "se": 0.01580058096982091,
        "p": 0.07660623357764534,
        "separated": true
      },
      "ent_Student": {
        "coef": 0.46968323304888254,
        "se": 0.3730074866221501,
        "p": 0.20796564709340215,
        "separated": false
      },
      "log_words": {
        "coef": 0.01422830737941802,
        "se": 0.010824604528165305,
        "p": 0.18869773568446024,
        "separated": false
      }
    }
  },
  "ordinal": {
    "n": 261,
    "ll": -87.17181184766233,
    "mcfadden": 0.22740357640206665,
    "n_oppose": 230,
    "n_conditional": 23,
    "n_support": 8,
    "cutpoints": [
      5.254692187116917,
      7.092590751765323
    ],
    "by_var": {
      "ent_Accountant_CPA": {
        "coef": 1.4809099207476972,
        "se": 0.7321009854368401,
        "p": 0.04309151090892012,
        "separated": false
      },
      "ent_Issuer_Corporate_\u2014_current": {
        "coef": 2.2181317848692372,
        "se": 0.6463083694654016,
        "p": 0.0005991425647086141,
        "separated": false
      },
      "ent_Issuer_Corporate_\u2014_former": {
        "coef": 0.763551055828771,
        "se": 1.1318468976184923,
        "p": 0.49992592479172493,
        "separated": false
      },
      "ent_Investment_professional": {
        "coef": -9.542234156864001,
        "se": 116.96889403268607,
        "p": 0.9349813057290904,
        "separated": true
      },
      "ent_Academic_researcher": {
        "coef": 2.449689875997513,
        "se": 1.0394693743020507,
        "p": 0.018439454026404328,
        "separated": false
      },
      "ent_Industry_practitioner_technologist": {
        "coef": -0.4589774342066976,
        "se": 1.1401779797641896,
        "p": 0.68728008048649,
        "separated": false
      },
      "ent_Student": {
        "coef": 3.3473002458973404,
        "se": 1.9473466865481461,
        "p": 0.08563201857608074,
        "separated": false
      },
      "log_words": {
        "coef": 0.6071539918386675,
        "se": 0.18440892894892502,
        "p": 0.0009932465892797924,
        "separated": false
      },
      "0/1": {
        "coef": 5.254692187116917,
        "se": 0.9132408517628201,
        "p": 8.721021354414511e-09,
        "separated": false
      },
      "1/2": {
        "coef": 0.6086228345152697,
        "se": 0.20940643239379614,
        "p": 0.0036559153459741157,
        "separated": false
      }
    }
  },
  "po_lr_test": {
    "lr": 9.136367148689402,
    "df": 8,
    "p": 0.33092319917917545,
    "ordinal_ll": -87.17181184766233,
    "multinomial_ll": -82.60362827331763
  },
  "var_order": [
    "const",
    "ent_Accountant_CPA",
    "ent_Issuer_Corporate_\u2014_current",
    "ent_Issuer_Corporate_\u2014_former",
    "ent_Investment_professional",
    "ent_Academic_researcher",
    "ent_Industry_practitioner_technologist",
    "ent_Student",
    "log_words"
  ],
  "labels": {
    "const": "Constant",
    "log_words": "log(words+1)",
    "ent_Accountant_CPA": "Accountant CPA",
    "ent_Issuer_Corporate_\u2014_current": "Issuer-current",
    "ent_Issuer_Corporate_\u2014_former": "Issuer-former",
    "ent_Investment_professional": "Investment prof.",
    "ent_Academic_researcher": "Academic",
    "ent_Industry_practitioner_technologist": "Industry pract.",
    "ent_Student": "Student"
  }
}