{
  "as_of": "2026-06-02",
  "n_records": 532,
  "logit": {
    "n": 496,
    "ll": -38.910803079043,
    "mcfadden": 0.20490271122688697,
    "n_support": 10,
    "n_oppose": 486,
    "by_var": {
      "const": {
        "coef": -7.394700160727092,
        "se": 1.560957841261365,
        "p": 2.166018279059623e-06,
        "separated": false
      },
      "ent_Accountant_CPA": {
        "coef": 1.6743862983969997,
        "se": 1.1386073233404916,
        "p": 0.14141111953666838,
        "separated": false
      },
      "ent_Issuer_Corporate_\u2014_current": {
        "coef": 2.1565882147453936,
        "se": 1.2570988982960416,
        "p": 0.08624848734103102,
        "separated": false
      },
      "ent_Issuer_Corporate_\u2014_former": {
        "coef": -38.52171665004445,
        "se": 867187238.8152759,
        "p": 0.999999964556809,
        "separated": true
      },
      "ent_Investment_professional": {
        "coef": -26.045630471370185,
        "se": 836567.1648452188,
        "p": 0.9999751587113391,
        "separated": true
      },
      "ent_Academic_researcher": {
        "coef": 1.5437883809372135,
        "se": 1.6630243444665431,
        "p": 0.35325107540363576,
        "separated": false
      },
      "ent_Industry_practitioner_technologist": {
        "coef": -31.299676229186932,
        "se": 9594133.86524961,
        "p": 0.9999973970002116,
        "separated": true
      },
      "ent_Student": {
        "coef": 3.1399289443321012,
        "se": 1.354946894269849,
        "p": 0.020482956067805893,
        "separated": false
      },
      "log_words": {
        "coef": 0.7275933610055367,
        "se": 0.32181025326686474,
        "p": 0.023763032977711544,
        "separated": false
      }
    }
  },
  "lpm": {
    "n": 496,
    "r2": 0.09416980492531979,
    "adj_r2": 0.07928963744976036,
    "cov_type": "HC1",
    "by_var": {
      "const": {
        "coef": -0.03858238239069906,
        "se": 0.024814950096365362,
        "p": 0.1199927684859657,
        "separated": false
      },
      "ent_Accountant_CPA": {
        "coef": 0.05946401780409968,
        "se": 0.07410849517045573,
        "p": 0.4223265970588801,
        "separated": false
      },
      "ent_Issuer_Corporate_\u2014_current": {
        "coef": 0.17057678102590865,
        "se": 0.18732504203535164,
        "p": 0.362510116136169,
        "separated": false
      },
      "ent_Issuer_Corporate_\u2014_former": {
        "coef": -0.01942603905930695,
        "se": 0.00821269991388162,
        "p": 0.018012272629256285,
        "separated": true
      },
      "ent_Investment_professional": {
        "coef": -0.021583153185887972,
        "se": 0.009959191431061862,
        "p": 0.03022271832713879,
        "separated": true
      },
      "ent_Academic_researcher": {
        "coef": 0.27917816957336933,
        "se": 0.26095702955535627,
        "p": 0.28469840548646397,
        "separated": false
      },
      "ent_Industry_practitioner_technologist": {
        "coef": -0.025976015482173646,
        "se": 0.012432345149639352,
        "p": 0.036672646221539276,
        "separated": true
      },
      "ent_Student": {
        "coef": 0.30781446991934414,
        "se": 0.2830078689807705,
        "p": 0.27674814867827413,
        "separated": false
      },
      "log_words": {
        "coef": 0.013438992045167767,
        "se": 0.00737389149410657,
        "p": 0.06837761604720381,
        "separated": false
      }
    }
  },
  "ordinal": {
    "n": 521,
    "ll": -112.65745909829464,
    "mcfadden": 0.2451793597828399,
    "n_oppose": 486,
    "n_conditional": 25,
    "n_support": 10,
    "cutpoints": [
      6.532957890228494,
      8.156955127855644
    ],
    "by_var": {
      "ent_Accountant_CPA": {
        "coef": 1.7970196585211144,
        "se": 0.7131534304990105,
        "p": 0.011741421423649706,
        "separated": false
      },
      "ent_Issuer_Corporate_\u2014_current": {
        "coef": 2.493675232307441,
        "se": 0.66566312056854,
        "p": 0.0001795678109674274,
        "separated": false
      },
      "ent_Issuer_Corporate_\u2014_former": {
        "coef": 1.9495344100156806,
        "se": 0.8642241923014843,
        "p": 0.02408189231645143,
        "separated": false
      },
      "ent_Investment_professional": {
        "coef": -11.645979380885803,
        "se": 372.53503178969737,
        "p": 0.9750610464203879,
        "separated": true
      },
      "ent_Academic_researcher": {
        "coef": 2.1085657272599003,
        "se": 0.8760586162002838,
        "p": 0.01608956803162248,
        "separated": false
      },
      "ent_Industry_practitioner_technologist": {
        "coef": -0.5134344549716763,
        "se": 1.1400132236631935,
        "p": 0.6524394361864003,
        "separated": false
      },
      "ent_Student": {
        "coef": 2.328694381410758,
        "se": 1.4070107129479361,
        "p": 0.09791128534638048,
        "separated": false
      },
      "log_words": {
        "coef": 0.7606483542123857,
        "se": 0.1800204876436108,
        "p": 2.3857683365703802e-05,
        "separated": false
      },
      "0/1": {
        "coef": 6.532957890228494,
        "se": 0.8910373628515811,
        "p": 2.2698643876449348e-13,
        "separated": false
      },
      "1/2": {
        "coef": 0.4848905407695362,
        "se": 0.20108539975319362,
        "p": 0.01589288107070837,
        "separated": false
      }
    }
  },
  "po_lr_test": {
    "lr": 11.89396489063725,
    "df": 8,
    "p": 0.1559979838208847,
    "ordinal_ll": -112.65745909829464,
    "multinomial_ll": -106.71047665297601
  },
  "var_order": [
    "const",
    "ent_Accountant_CPA",
    "ent_Issuer_Corporate_\u2014_current",
    "ent_Issuer_Corporate_\u2014_former",
    "ent_Investment_professional",
    "ent_Academic_researcher",
    "ent_Industry_practitioner_technologist",
    "ent_Student",
    "log_words"
  ],
  "labels": {
    "const": "Constant",
    "log_words": "log(words+1)",
    "ent_Accountant_CPA": "Accountant CPA",
    "ent_Issuer_Corporate_\u2014_current": "Issuer-current",
    "ent_Issuer_Corporate_\u2014_former": "Issuer-former",
    "ent_Investment_professional": "Investment prof.",
    "ent_Academic_researcher": "Academic",
    "ent_Industry_practitioner_technologist": "Industry pract.",
    "ent_Student": "Student"
  }
}