{
  "as_of": "2026-06-10",
  "n_records": 883,
  "logit": {
    "n": 841,
    "ll": -48.367317518442995,
    "mcfadden": 0.2311688829705959,
    "n_support": 12,
    "n_oppose": 829,
    "by_var": {
      "const": {
        "coef": -7.336599612289634,
        "se": NaN,
        "p": NaN,
        "separated": false
      },
      "ent_Accountant_CPA": {
        "coef": 1.628102235508048,
        "se": NaN,
        "p": NaN,
        "separated": false
      },
      "ent_Issuer_Corporate_\u2014_current": {
        "coef": 2.483135222862118,
        "se": NaN,
        "p": NaN,
        "separated": false
      },
      "ent_Issuer_Corporate_\u2014_former": {
        "coef": -5.022067146321733,
        "se": NaN,
        "p": NaN,
        "separated": true
      },
      "ent_Investment_professional": {
        "coef": -10.304287394711906,
        "se": NaN,
        "p": NaN,
        "separated": true
      },
      "ent_Academic_researcher": {
        "coef": 1.9276293498582093,
        "se": NaN,
        "p": NaN,
        "separated": false
      },
      "ent_Industry_practitioner_technologist": {
        "coef": -12.126510558175433,
        "se": NaN,
        "p": NaN,
        "separated": true
      },
      "ent_Legal_practitioner": {
        "coef": 44.55319027262077,
        "se": NaN,
        "p": NaN,
        "separated": true
      },
      "ent_Trade_association_advocacy_organization": {
        "coef": 0.0,
        "se": NaN,
        "p": NaN,
        "separated": false
      },
      "ent_Student": {
        "coef": 3.554858982698251,
        "se": NaN,
        "p": NaN,
        "separated": false
      },
      "log_words": {
        "coef": 0.633757297457895,
        "se": NaN,
        "p": NaN,
        "separated": false
      }
    }
  },
  "lpm": {
    "n": 841,
    "r2": 0.14864938090801083,
    "adj_r2": 0.1394289770911301,
    "cov_type": "HC1",
    "by_var": {
      "const": {
        "coef": -0.024198328623198546,
        "se": 0.019702312871466784,
        "p": 0.21937289010669236,
        "separated": false
      },
      "ent_Accountant_CPA": {
        "coef": 0.04564179347909558,
        "se": 0.05726465686446474,
        "p": 0.42543214776351423,
        "separated": false
      },
      "ent_Issuer_Corporate_\u2014_current": {
        "coef": 0.14873028056299306,
        "se": 0.15648663273413985,
        "p": 0.34189156622630323,
        "separated": false
      },
      "ent_Issuer_Corporate_\u2014_former": {
        "coef": -0.013280105932342835,
        "se": 0.0054439661017296435,
        "p": 0.014710963118736516,
        "separated": true
      },
      "ent_Investment_professional": {
        "coef": -0.014072697454629492,
        "se": 0.006169610010276165,
        "p": 0.02255020192724165,
        "separated": true
      },
      "ent_Academic_researcher": {
        "coef": 0.21805411603185132,
        "se": 0.20824320820441095,
        "p": 0.29504758479358373,
        "separated": false
      },
      "ent_Industry_practitioner_technologist": {
        "coef": -0.01485355610860754,
        "se": 0.006589095089995981,
        "p": 0.024179600400539424,
        "separated": true
      },
      "ent_Legal_practitioner": {
        "coef": 0.9928091348769004,
        "se": 0.0029315090262123896,
        "p": 0.0,
        "separated": true
      },
      "ent_Trade_association_advocacy_organization": {
        "coef": -1.1436948722704317e-17,
        "se": 3.281822338296055e-17,
        "p": 0.7274693384313384,
        "separated": false
      },
      "ent_Student": {
        "coef": 0.3166643163877219,
        "se": 0.27910412933326395,
        "p": 0.25655381006622224,
        "separated": false
      },
      "log_words": {
        "coef": 0.008567944742910054,
        "se": 0.005506902695091133,
        "p": 0.11974246161812846,
        "separated": false
      }
    }
  },
  "ordinal": {
    "n": 866,
    "ll": -129.96095115884168,
    "mcfadden": 0.2623024411344871,
    "n_oppose": 829,
    "n_conditional": 25,
    "n_support": 12,
    "cutpoints": [
      7.118913207187193,
      8.60257507362725
    ],
    "by_var": {
      "ent_Accountant_CPA": {
        "coef": 1.8068699857605406,
        "se": 0.6928954019497398,
        "p": 0.009115024929015359,
        "separated": false
      },
      "ent_Issuer_Corporate_\u2014_current": {
        "coef": 2.7916915455211084,
        "se": 0.6431275006651759,
        "p": 1.4196118941624574e-05,
        "separated": false
      },
      "ent_Issuer_Corporate_\u2014_former": {
        "coef": 2.2256895084891113,
        "se": 0.8454255671135448,
        "p": 0.008472753633220169,
        "separated": false
      },
      "ent_Investment_professional": {
        "coef": -7.428352683959649,
        "se": 50.69492022473368,
        "p": 0.8835026037186452,
        "separated": true
      },
      "ent_Academic_researcher": {
        "coef": 2.244859728657277,
        "se": 0.8310088336588213,
        "p": 0.006905512074002272,
        "separated": false
      },
      "ent_Industry_practitioner_technologist": {
        "coef": -0.2946428350189373,
        "se": 1.1084677822210731,
        "p": 0.7903848368805275,
        "separated": false
      },
      "ent_Legal_practitioner": {
        "coef": 25.617958691115927,
        "se": 26232.97838081427,
        "p": 0.9992208215867305,
        "separated": true
      },
      "ent_Trade_association_advocacy_organization": {
        "coef": 0.0,
        "se": 66265392.47877617,
        "p": 1.0,
        "separated": false
      },
      "ent_Student": {
        "coef": 2.749720483378563,
        "se": 1.4041663761904635,
        "p": 0.050199709357090755,
        "separated": false
      },
      "log_words": {
        "coef": 0.7880522029993888,
        "se": 0.1784438322826124,
        "p": 1.004288945746408e-05,
        "separated": false
      },
      "0/1": {
        "coef": 7.118913207187193,
        "se": 0.8700376891060742,
        "p": 2.7846654287425035e-16,
        "separated": false
      },
      "1/2": {
        "coef": 0.39451326597959896,
        "se": 0.20179466476827265,
        "p": 0.050580323391777086,
        "separated": false
      }
    }
  },
  "po_lr_test": {
    "lr": 12.689412186607399,
    "df": 10,
    "p": 0.24155921342204445,
    "ordinal_ll": -129.96095115884168,
    "multinomial_ll": -123.61624506553798
  },
  "var_order": [
    "const",
    "ent_Accountant_CPA",
    "ent_Issuer_Corporate_\u2014_current",
    "ent_Issuer_Corporate_\u2014_former",
    "ent_Investment_professional",
    "ent_Academic_researcher",
    "ent_Industry_practitioner_technologist",
    "ent_Legal_practitioner",
    "ent_Trade_association_advocacy_organization",
    "ent_Student",
    "log_words"
  ],
  "labels": {
    "const": "Constant",
    "log_words": "log(words+1)",
    "ent_Accountant_CPA": "Accountant CPA",
    "ent_Issuer_Corporate_\u2014_current": "Issuer-current",
    "ent_Issuer_Corporate_\u2014_former": "Issuer-former",
    "ent_Investment_professional": "Investment prof.",
    "ent_Academic_researcher": "Academic",
    "ent_Industry_practitioner_technologist": "Industry pract.",
    "ent_Legal_practitioner": "Legal pract.",
    "ent_Trade_association_advocacy_organization": "Trade assoc.",
    "ent_Student": "Student"
  }
}