{
  "as_of": "2026-06-23",
  "n_records": 2180,
  "logit": {
    "n": 2109,
    "ll": -101.55476873929018,
    "mcfadden": 0.13712494570487432,
    "n_support": 21,
    "n_oppose": 2088,
    "by_var": {
      "const": {
        "coef": -7.844231722883331,
        "se": 1.0180993475687568,
        "p": 1.310686606997121e-14,
        "separated": false
      },
      "ent_Accountant_CPA": {
        "coef": 1.0924106032233276,
        "se": 1.1077416995321407,
        "p": 0.32405458284147814,
        "separated": false
      },
      "ent_Issuer_Corporate_\u2014_current": {
        "coef": 2.049593887869811,
        "se": 1.101192708668592,
        "p": 0.06270901390842634,
        "separated": false
      },
      "ent_Issuer_Corporate_\u2014_former": {
        "coef": -21.9023297335663,
        "se": 174492.70798749785,
        "p": 0.9998998495072047,
        "separated": true
      },
      "ent_Investment_professional": {
        "coef": -19.070473125189512,
        "se": 21934.635221760174,
        "p": 0.9993063010164973,
        "separated": true
      },
      "ent_Academic_researcher": {
        "coef": 1.3204433613071263,
        "se": 1.4370544468171138,
        "p": 0.35817189410117667,
        "separated": false
      },
      "ent_Industry_practitioner_technologist": {
        "coef": 0.7277146488517329,
        "se": 1.0873006905777989,
        "p": 0.5033133378961667,
        "separated": false
      },
      "ent_Legal_practitioner": {
        "coef": 1.844052507798427,
        "se": 1.3078916573982158,
        "p": 0.1585565548575787,
        "separated": false
      },
      "ent_Trade_association_advocacy_organization": {
        "coef": 1.50240182579442,
        "se": 1.4222591489836278,
        "p": 0.29080886258415795,
        "separated": false
      },
      "ent_Student": {
        "coef": 2.5091832082435435,
        "se": 1.1267219343842636,
        "p": 0.02594884806925927,
        "separated": false
      },
      "log_words": {
        "coef": 0.7086788320251859,
        "se": 0.22527091278594227,
        "p": 0.0016557895133538817,
        "separated": false
      }
    }
  },
  "lpm": {
    "n": 2109,
    "r2": 0.04111877817105536,
    "adj_r2": 0.03654832430151789,
    "cov_type": "HC1",
    "by_var": {
      "const": {
        "coef": -0.029305359348418544,
        "se": 0.014166305792934916,
        "p": 0.038577411947364956,
        "separated": false
      },
      "ent_Accountant_CPA": {
        "coef": 0.023389513956360686,
        "se": 0.035125418902246554,
        "p": 0.5054841650311226,
        "separated": false
      },
      "ent_Issuer_Corporate_\u2014_current": {
        "coef": 0.06442844213795171,
        "se": 0.07506637298468115,
        "p": 0.3907343732426669,
        "separated": false
      },
      "ent_Issuer_Corporate_\u2014_former": {
        "coef": -0.011150783141397957,
        "se": 0.0033585096956088092,
        "p": 0.0008996648558857184,
        "separated": true
      },
      "ent_Investment_professional": {
        "coef": -0.013877046824165698,
        "se": 0.00426605543005925,
        "p": 0.001142341510143575,
        "separated": true
      },
      "ent_Academic_researcher": {
        "coef": 0.16460120859750613,
        "se": 0.1726790930815557,
        "p": 0.34047848745989584,
        "separated": false
      },
      "ent_Industry_practitioner_technologist": {
        "coef": 0.013487884782911498,
        "se": 0.027937042855172328,
        "p": 0.6292407884739182,
        "separated": false
      },
      "ent_Legal_practitioner": {
        "coef": 0.1059345294053697,
        "se": 0.11058221949854082,
        "p": 0.33807751891237037,
        "separated": false
      },
      "ent_Trade_association_advocacy_organization": {
        "coef": 0.2116255382800981,
        "se": 0.2145178363780563,
        "p": 0.32387937233275654,
        "separated": false
      },
      "ent_Student": {
        "coef": 0.11080749956464275,
        "se": 0.11927226060537302,
        "p": 0.3528735770955247,
        "separated": false
      },
      "log_words": {
        "coef": 0.009425708580624179,
        "se": 0.0038471480511083353,
        "p": 0.01428360178696914,
        "separated": false
      }
    }
  },
  "ordinal": {
    "n": 2150,
    "ll": -264.63961724414185,
    "mcfadden": 0.17466665424035388,
    "n_oppose": 2088,
    "n_conditional": 41,
    "n_support": 21,
    "cutpoints": [
      7.454960369534582,
      8.712847532302826
    ],
    "by_var": {
      "ent_Accountant_CPA": {
        "coef": 1.2333481392412131,
        "se": 0.6785341586909094,
        "p": 0.06911527193625751,
        "separated": false
      },
      "ent_Issuer_Corporate_\u2014_current": {
        "coef": 2.369392402714645,
        "se": 0.5342752875637039,
        "p": 9.216712641710323e-06,
        "separated": false
      },
      "ent_Issuer_Corporate_\u2014_former": {
        "coef": 2.167648170034899,
        "se": 0.6714918181443252,
        "p": 0.0012461187898569076,
        "separated": false
      },
      "ent_Investment_professional": {
        "coef": -0.11946491674535667,
        "se": 1.05124216685322,
        "p": 0.9095218524182075,
        "separated": false
      },
      "ent_Academic_researcher": {
        "coef": 1.3291995775043035,
        "se": 0.7718054415961715,
        "p": 0.0850341756584262,
        "separated": false
      },
      "ent_Industry_practitioner_technologist": {
        "coef": 0.4782585282337417,
        "se": 0.70032027651684,
        "p": 0.49466118065515763,
        "separated": false
      },
      "ent_Legal_practitioner": {
        "coef": 1.0811091621668065,
        "se": 1.1668776651470845,
        "p": 0.3541875301788143,
        "separated": false
      },
      "ent_Trade_association_advocacy_organization": {
        "coef": 0.42432194893354247,
        "se": 1.3028910542936492,
        "p": 0.7446685739698857,
        "separated": false
      },
      "ent_Student": {
        "coef": 1.5297488627012341,
        "se": 1.1076248851992392,
        "p": 0.16724595802937503,
        "separated": false
      },
      "log_words": {
        "coef": 0.8383631189416737,
        "se": 0.13220746559068458,
        "p": 2.278800690394216e-10,
        "separated": false
      },
      "0/1": {
        "coef": 7.454960369534582,
        "se": 0.6152601708710563,
        "p": 8.60949804407119e-34,
        "separated": false
      },
      "1/2": {
        "coef": 0.2294334585226296,
        "se": 0.158660740997982,
        "p": 0.14815947679173969,
        "separated": false
      }
    }
  },
  "po_lr_test": {
    "lr": 19.165684736626247,
    "df": 10,
    "p": 0.03820800612384401,
    "ordinal_ll": -264.63961724414185,
    "multinomial_ll": -255.05677487582872
  },
  "var_order": [
    "const",
    "ent_Accountant_CPA",
    "ent_Issuer_Corporate_\u2014_current",
    "ent_Issuer_Corporate_\u2014_former",
    "ent_Investment_professional",
    "ent_Academic_researcher",
    "ent_Industry_practitioner_technologist",
    "ent_Legal_practitioner",
    "ent_Trade_association_advocacy_organization",
    "ent_Student",
    "log_words"
  ],
  "labels": {
    "const": "Constant",
    "log_words": "log(words+1)",
    "ent_Accountant_CPA": "Accountant CPA",
    "ent_Issuer_Corporate_\u2014_current": "Issuer-current",
    "ent_Issuer_Corporate_\u2014_former": "Issuer-former",
    "ent_Investment_professional": "Investment prof.",
    "ent_Academic_researcher": "Academic",
    "ent_Industry_practitioner_technologist": "Industry pract.",
    "ent_Legal_practitioner": "Legal pract.",
    "ent_Trade_association_advocacy_organization": "Trade assoc.",
    "ent_Student": "Student"
  }
}