{
  "as_of": "2026-05-22",
  "n_records": 314,
  "logit": {
    "n": 284,
    "ll": -34.61636099987599,
    "mcfadden": 0.20028240824765375,
    "n_support": 10,
    "n_oppose": 274,
    "by_var": {
      "const": {
        "coef": -6.505402771290754,
        "se": 1.5180792691713514,
        "p": 1.825048290406151e-05,
        "separated": false
      },
      "ent_Accountant_CPA": {
        "coef": 1.3450943982695402,
        "se": 1.149836710732958,
        "p": 0.24207606774839918,
        "separated": false
      },
      "ent_Issuer_Corporate_\u2014_current": {
        "coef": 1.6221823020549686,
        "se": 1.2461179055288532,
        "p": 0.19298860198363266,
        "separated": false
      },
      "ent_Issuer_Corporate_\u2014_former": {
        "coef": -6.489353885149818,
        "se": 70.72380579788887,
        "p": 0.9268916747041795,
        "separated": true
      },
      "ent_Investment_professional": {
        "coef": -9.850090691706331,
        "se": 214.7071480114308,
        "p": 0.9634083943780156,
        "separated": true
      },
      "ent_Academic_researcher": {
        "coef": 1.1229056128175992,
        "se": 1.614826325308386,
        "p": 0.4868219698441111,
        "separated": false
      },
      "ent_Industry_practitioner_technologist": {
        "coef": -11.210647507087593,
        "se": 321.6583363663104,
        "p": 0.9721972322970509,
        "separated": true
      },
      "ent_Student": {
        "coef": 3.418224628834763,
        "se": 1.5821291952238001,
        "p": 0.03073229725691165,
        "separated": false
      },
      "log_words": {
        "coef": 0.6634728073650858,
        "se": 0.30933713047944406,
        "p": 0.03196715275462979,
        "separated": false
      }
    }
  },
  "lpm": {
    "n": 284,
    "r2": 0.11166015802944818,
    "adj_r2": 0.08581754444485035,
    "cov_type": "HC1",
    "by_var": {
      "const": {
        "coef": -0.05500629834500581,
        "se": 0.03660533063969208,
        "p": 0.13292017225823935,
        "separated": false
      },
      "ent_Accountant_CPA": {
        "coef": 0.06245753424581372,
        "se": 0.08742037881660195,
        "p": 0.47494864814822346,
        "separated": false
      },
      "ent_Issuer_Corporate_\u2014_current": {
        "coef": 0.1509783253369247,
        "se": 0.1926587813744885,
        "p": 0.43324163556959316,
        "separated": false
      },
      "ent_Issuer_Corporate_\u2014_former": {
        "coef": -0.033729017272207305,
        "se": 0.013901136060042757,
        "p": 0.015251566352891656,
        "separated": true
      },
      "ent_Investment_professional": {
        "coef": -0.03722017544425873,
        "se": 0.016888955103190148,
        "p": 0.027537178718458684,
        "separated": true
      },
      "ent_Academic_researcher": {
        "coef": 0.24647927379327372,
        "se": 0.2568648045825314,
        "p": 0.33727262782409884,
        "separated": false
      },
      "ent_Industry_practitioner_technologist": {
        "coef": -0.04374849738630174,
        "se": 0.02006387221592904,
        "p": 0.029223282686514286,
        "separated": true
      },
      "ent_Student": {
        "coef": 0.4592883753862883,
        "se": 0.3772679088506532,
        "p": 0.2234496205104205,
        "separated": false
      },
      "log_words": {
        "coef": 0.020557587517407366,
        "se": 0.011073640188390134,
        "p": 0.06339036710371873,
        "separated": false
      }
    }
  },
  "ordinal": {
    "n": 309,
    "ll": -102.1789262636785,
    "mcfadden": 0.21465832221419123,
    "n_oppose": 274,
    "n_conditional": 25,
    "n_support": 10,
    "cutpoints": [
      5.59974948014294,
      7.250325898258089
    ],
    "by_var": {
      "ent_Accountant_CPA": {
        "coef": 1.4421600809474129,
        "se": 0.7253645577540001,
        "p": 0.04679105838680653,
        "separated": false
      },
      "ent_Issuer_Corporate_\u2014_current": {
        "coef": 1.9660431227545572,
        "se": 0.6642652049857395,
        "p": 0.003079125766498773,
        "separated": false
      },
      "ent_Issuer_Corporate_\u2014_former": {
        "coef": 1.3565496725479078,
        "se": 0.863926967284855,
        "p": 0.11636548070394093,
        "separated": false
      },
      "ent_Investment_professional": {
        "coef": -9.504191582203124,
        "se": 107.23224713150981,
        "p": 0.9293745014268138,
        "separated": true
      },
      "ent_Academic_researcher": {
        "coef": 1.6762468575286413,
        "se": 0.8704913093868488,
        "p": 0.05415020569930243,
        "separated": false
      },
      "ent_Industry_practitioner_technologist": {
        "coef": -0.9918975121730522,
        "se": 1.1304561826124562,
        "p": 0.3802524789158549,
        "separated": false
      },
      "ent_Student": {
        "coef": 3.2142732012073414,
        "se": 1.9444703111131327,
        "p": 0.09832418850248818,
        "separated": false
      },
      "log_words": {
        "coef": 0.6898189304689502,
        "se": 0.18110318403240275,
        "p": 0.00013953960869935169,
        "separated": false
      },
      "0/1": {
        "coef": 5.59974948014294,
        "se": 0.8956614341507618,
        "p": 4.050144594706933e-10,
        "separated": false
      },
      "1/2": {
        "coef": 0.5011245712181845,
        "se": 0.19882086838672994,
        "p": 0.011719397881680551,
        "separated": false
      }
    }
  },
  "po_lr_test": {
    "lr": 10.581432872011675,
    "df": 8,
    "p": 0.2265617044848397,
    "ordinal_ll": -102.1789262636785,
    "multinomial_ll": -96.88820982767267
  },
  "var_order": [
    "const",
    "ent_Accountant_CPA",
    "ent_Issuer_Corporate_\u2014_current",
    "ent_Issuer_Corporate_\u2014_former",
    "ent_Investment_professional",
    "ent_Academic_researcher",
    "ent_Industry_practitioner_technologist",
    "ent_Student",
    "log_words"
  ],
  "labels": {
    "const": "Constant",
    "log_words": "log(words+1)",
    "ent_Accountant_CPA": "Accountant CPA",
    "ent_Issuer_Corporate_\u2014_current": "Issuer-current",
    "ent_Issuer_Corporate_\u2014_former": "Issuer-former",
    "ent_Investment_professional": "Investment prof.",
    "ent_Academic_researcher": "Academic",
    "ent_Industry_practitioner_technologist": "Industry pract.",
    "ent_Student": "Student"
  }
}