{
  "as_of": "2026-06-12",
  "n_records": 1066,
  "logit": {
    "n": 1015,
    "ll": -56.914092600347885,
    "mcfadden": 0.18187406214450996,
    "n_support": 13,
    "n_oppose": 1002,
    "by_var": {
      "const": {
        "coef": -7.140170178554017,
        "se": 1.3485028813419337,
        "p": 1.190901242317361e-07,
        "separated": false
      },
      "ent_Accountant_CPA": {
        "coef": 1.7043465178025128,
        "se": 1.1057610595908498,
        "p": 0.12323564985158125,
        "separated": false
      },
      "ent_Issuer_Corporate_\u2014_current": {
        "coef": 2.399102272126925,
        "se": 1.1582265631501312,
        "p": 0.038325319352925116,
        "separated": false
      },
      "ent_Issuer_Corporate_\u2014_former": {
        "coef": -50.13537761507643,
        "se": 271352349148.82236,
        "p": 0.9999999998525819,
        "separated": true
      },
      "ent_Investment_professional": {
        "coef": -22.264317231364423,
        "se": 150358.31782051089,
        "p": 0.9998818531946333,
        "separated": true
      },
      "ent_Academic_researcher": {
        "coef": 1.8085784127224962,
        "se": 1.533017574784839,
        "p": 0.23809942007949814,
        "separated": false
      },
      "ent_Industry_practitioner_technologist": {
        "coef": 1.2551250946298005,
        "se": 1.116009371019333,
        "p": 0.26073541879078377,
        "separated": false
      },
      "ent_Legal_practitioner": {
        "coef": 4.80905617021185,
        "se": 1.4813690131138786,
        "p": 0.0011689118440065976,
        "separated": false
      },
      "ent_Trade_association_advocacy_organization": {
        "coef": -20.669369152783922,
        "se": 256416.2604621479,
        "p": 0.9999356836010285,
        "separated": true
      },
      "ent_Student": {
        "coef": 3.3402413869610004,
        "se": 1.2494136556841442,
        "p": 0.007507610301309602,
        "separated": false
      },
      "log_words": {
        "coef": 0.5516741880723968,
        "se": 0.29647387322608126,
        "p": 0.06277451987456718,
        "separated": false
      }
    }
  },
  "lpm": {
    "n": 1015,
    "r2": 0.08408938852973824,
    "adj_r2": 0.07496677287764397,
    "cov_type": "HC1",
    "by_var": {
      "const": {
        "coef": -0.020172305506161878,
        "se": 0.017599925304057233,
        "p": 0.25172954003770864,
        "separated": false
      },
      "ent_Accountant_CPA": {
        "coef": 0.03933776579321488,
        "se": 0.048844920950337094,
        "p": 0.4206117279682511,
        "separated": false
      },
      "ent_Issuer_Corporate_\u2014_current": {
        "coef": 0.09810594390527946,
        "se": 0.10702387159232896,
        "p": 0.35931377142227283,
        "separated": false
      },
      "ent_Issuer_Corporate_\u2014_former": {
        "coef": -0.00959954010840098,
        "se": 0.003952836835345319,
        "p": 0.015160622792820948,
        "separated": true
      },
      "ent_Investment_professional": {
        "coef": -0.012066803542850533,
        "se": 0.0054968000072342805,
        "p": 0.028146278154478985,
        "separated": true
      },
      "ent_Academic_researcher": {
        "coef": 0.1710733961187813,
        "se": 0.1727811809272018,
        "p": 0.322117467887303,
        "separated": false
      },
      "ent_Industry_practitioner_technologist": {
        "coef": 0.02529357799304443,
        "se": 0.03691068637122036,
        "p": 0.4931771152711203,
        "separated": false
      },
      "ent_Legal_practitioner": {
        "coef": 0.4898980272310355,
        "se": 0.35837092428876677,
        "p": 0.17162095535672361,
        "separated": false
      },
      "ent_Trade_association_advocacy_organization": {
        "coef": -0.01749563258349853,
        "se": 0.008763216362581993,
        "p": 0.04588112506326865,
        "separated": true
      },
      "ent_Student": {
        "coef": 0.23580975824722172,
        "se": 0.2213877939147363,
        "p": 0.2868110201719539,
        "separated": false
      },
      "log_words": {
        "coef": 0.007164616499725519,
        "se": 0.0049235303581268855,
        "p": 0.14561979639248132,
        "separated": false
      }
    }
  },
  "ordinal": {
    "n": 1046,
    "ll": -167.171982872713,
    "mcfadden": 0.20083544090863703,
    "n_oppose": 1002,
    "n_conditional": 31,
    "n_support": 13,
    "cutpoints": [
      6.630521218100527,
      8.081905655933305
    ],
    "by_var": {
      "ent_Accountant_CPA": {
        "coef": 1.605397820575824,
        "se": 0.6701158745830097,
        "p": 0.016588579042685122,
        "separated": false
      },
      "ent_Issuer_Corporate_\u2014_current": {
        "coef": 2.550309998697813,
        "se": 0.5903827372448217,
        "p": 1.5620106049907604e-05,
        "separated": false
      },
      "ent_Issuer_Corporate_\u2014_former": {
        "coef": 2.2255564888400503,
        "se": 0.6893083119704403,
        "p": 0.0012436263422368355,
        "separated": false
      },
      "ent_Investment_professional": {
        "coef": -10.716394251265562,
        "se": 248.24845350523447,
        "p": 0.9655675975115757,
        "separated": true
      },
      "ent_Academic_researcher": {
        "coef": 1.985650803623287,
        "se": 0.8037806750181218,
        "p": 0.013496626065963314,
        "separated": false
      },
      "ent_Industry_practitioner_technologist": {
        "coef": 0.464674858879214,
        "se": 0.8151522344519685,
        "p": 0.5686460096328274,
        "separated": false
      },
      "ent_Legal_practitioner": {
        "coef": 4.39182049914834,
        "se": 1.6615147151652268,
        "p": 0.00821112086978891,
        "separated": false
      },
      "ent_Trade_association_advocacy_organization": {
        "coef": -4.218389033955462,
        "se": 35.916147166215296,
        "p": 0.9065026355108932,
        "separated": true
      },
      "ent_Student": {
        "coef": 2.200130332074417,
        "se": 1.2427114855266093,
        "p": 0.07665598634428321,
        "separated": false
      },
      "log_words": {
        "coef": 0.7014971759047551,
        "se": 0.15940576975416187,
        "p": 1.0790158139731113e-05,
        "separated": false
      },
      "0/1": {
        "coef": 6.630521218100527,
        "se": 0.7531354114256705,
        "p": 1.3215407498775971e-18,
        "separated": false
      },
      "1/2": {
        "coef": 0.3725178856277441,
        "se": 0.1823404499226139,
        "p": 0.041054421667825344,
        "separated": false
      }
    }
  },
  "po_lr_test": {
    "lr": 12.281888163919461,
    "df": 10,
    "p": 0.2666336961230674,
    "ordinal_ll": -167.171982872713,
    "multinomial_ll": -161.03103879075326
  },
  "var_order": [
    "const",
    "ent_Accountant_CPA",
    "ent_Issuer_Corporate_\u2014_current",
    "ent_Issuer_Corporate_\u2014_former",
    "ent_Investment_professional",
    "ent_Academic_researcher",
    "ent_Industry_practitioner_technologist",
    "ent_Legal_practitioner",
    "ent_Trade_association_advocacy_organization",
    "ent_Student",
    "log_words"
  ],
  "labels": {
    "const": "Constant",
    "log_words": "log(words+1)",
    "ent_Accountant_CPA": "Accountant CPA",
    "ent_Issuer_Corporate_\u2014_current": "Issuer-current",
    "ent_Issuer_Corporate_\u2014_former": "Issuer-former",
    "ent_Investment_professional": "Investment prof.",
    "ent_Academic_researcher": "Academic",
    "ent_Industry_practitioner_technologist": "Industry pract.",
    "ent_Legal_practitioner": "Legal pract.",
    "ent_Trade_association_advocacy_organization": "Trade assoc.",
    "ent_Student": "Student"
  }
}