{
  "as_of": "2026-05-19",
  "n_records": 270,
  "logit": {
    "n": 244,
    "ll": -30.9714841575271,
    "mcfadden": 0.1962020564585466,
    "n_support": 9,
    "n_oppose": 235,
    "by_var": {
      "const": {
        "coef": -5.625861484907406,
        "se": 1.5691056409402133,
        "p": 0.0003365700720889631,
        "separated": false
      },
      "ent_Accountant_CPA": {
        "coef": 1.358212051461533,
        "se": 1.1526091586527079,
        "p": 0.23864498449794014,
        "separated": false
      },
      "ent_Issuer_Corporate_\u2014_current": {
        "coef": 1.8196544127228347,
        "se": 1.2554764991118037,
        "p": 0.14723329507291746,
        "separated": false
      },
      "ent_Issuer_Corporate_\u2014_former": {
        "coef": -55.27046112652749,
        "se": 2743895076381.5625,
        "p": 0.9999999999839282,
        "separated": true
      },
      "ent_Investment_professional": {
        "coef": -81.86612952698519,
        "se": 1.0303724208214125e+18,
        "p": 0.9999999999999999,
        "separated": true
      },
      "ent_Academic_researcher": {
        "coef": 2.1313765339172703,
        "se": 1.844911343627455,
        "p": 0.24797858878340717,
        "separated": false
      },
      "ent_Industry_practitioner_technologist": {
        "coef": -47.465889942679496,
        "se": 33280373002.411106,
        "p": 0.999999998862023,
        "separated": true
      },
      "ent_Student": {
        "coef": 3.464071825601953,
        "se": 1.538037740909845,
        "p": 0.024305396978568337,
        "separated": false
      },
      "log_words": {
        "coef": 0.4642931933924673,
        "se": 0.332573919936197,
        "p": 0.1626963855503154,
        "separated": false
      }
    }
  },
  "lpm": {
    "n": 244,
    "r2": 0.1324327683796358,
    "adj_r2": 0.10289856475000636,
    "cov_type": "HC1",
    "by_var": {
      "const": {
        "coef": -0.03356181944737204,
        "se": 0.036310472056113756,
        "p": 0.3553294242298365,
        "separated": false
      },
      "ent_Accountant_CPA": {
        "coef": 0.06450773290785934,
        "se": 0.08805696592958305,
        "p": 0.4638218331554369,
        "separated": false
      },
      "ent_Issuer_Corporate_\u2014_current": {
        "coef": 0.15881933050510094,
        "se": 0.19177436043023,
        "p": 0.40758144026299203,
        "separated": false
      },
      "ent_Issuer_Corporate_\u2014_former": {
        "coef": -0.03019313178860972,
        "se": 0.014019001811951566,
        "p": 0.03126142471950624,
        "separated": true
      },
      "ent_Investment_professional": {
        "coef": -0.0335794656945234,
        "se": 0.0169086651181509,
        "p": 0.04704083187771081,
        "separated": true
      },
      "ent_Academic_researcher": {
        "coef": 0.4223936575295826,
        "se": 0.3493410631464017,
        "p": 0.2266185155058592,
        "separated": false
      },
      "ent_Industry_practitioner_technologist": {
        "coef": -0.032782691968662736,
        "se": 0.016505336372935896,
        "p": 0.04701251380425837,
        "separated": true
      },
      "ent_Student": {
        "coef": 0.464789972881034,
        "se": 0.37332005748830893,
        "p": 0.2131253488918422,
        "separated": false
      },
      "log_words": {
        "coef": 0.014770308535956931,
        "se": 0.010822294010449731,
        "p": 0.17231470829715478,
        "separated": false
      }
    }
  },
  "ordinal": {
    "n": 267,
    "ll": -91.9190196537468,
    "mcfadden": 0.21370476730424048,
    "n_oppose": 235,
    "n_conditional": 23,
    "n_support": 9,
    "cutpoints": [
      5.123140264453687,
      6.827031588288987
    ],
    "by_var": {
      "ent_Accountant_CPA": {
        "coef": 1.410842981518446,
        "se": 0.7259777688864427,
        "p": 0.05197154168114741,
        "separated": false
      },
      "ent_Issuer_Corporate_\u2014_current": {
        "coef": 2.137637449945234,
        "se": 0.6369880898568997,
        "p": 0.0007912103487480259,
        "separated": false
      },
      "ent_Issuer_Corporate_\u2014_former": {
        "coef": 0.6995305982088731,
        "se": 1.129000734476043,
        "p": 0.5355201500146171,
        "separated": false
      },
      "ent_Investment_professional": {
        "coef": -11.051858732267629,
        "se": 243.19603677942266,
        "p": 0.9637532200527907,
        "separated": true
      },
      "ent_Academic_researcher": {
        "coef": 2.3606271367516967,
        "se": 1.0245728051343388,
        "p": 0.021222019350238337,
        "separated": false
      },
      "ent_Industry_practitioner_technologist": {
        "coef": -0.5005584645015598,
        "se": 1.1353509520066942,
        "p": 0.6592967253099453,
        "separated": false
      },
      "ent_Student": {
        "coef": 3.2245845228905887,
        "se": 1.890896531984021,
        "p": 0.08813467580610959,
        "separated": false
      },
      "log_words": {
        "coef": 0.5906128089720781,
        "se": 0.18012391124192711,
        "p": 0.0010420329858247689,
        "separated": false
      },
      "0/1": {
        "coef": 5.123140264453687,
        "se": 0.8847878151674888,
        "p": 7.028286227016297e-09,
        "separated": false
      },
      "1/2": {
        "coef": 0.5329146492813189,
        "se": 0.2081035134193523,
        "p": 0.010442687442004528,
        "separated": false
      }
    }
  },
  "po_lr_test": {
    "lr": 10.251674304192022,
    "df": 8,
    "p": 0.24780418090319167,
    "ordinal_ll": -91.9190196537468,
    "multinomial_ll": -86.79318250165079
  },
  "var_order": [
    "const",
    "ent_Accountant_CPA",
    "ent_Issuer_Corporate_\u2014_current",
    "ent_Issuer_Corporate_\u2014_former",
    "ent_Investment_professional",
    "ent_Academic_researcher",
    "ent_Industry_practitioner_technologist",
    "ent_Student",
    "log_words"
  ],
  "labels": {
    "const": "Constant",
    "log_words": "log(words+1)",
    "ent_Accountant_CPA": "Accountant CPA",
    "ent_Issuer_Corporate_\u2014_current": "Issuer-current",
    "ent_Issuer_Corporate_\u2014_former": "Issuer-former",
    "ent_Investment_professional": "Investment prof.",
    "ent_Academic_researcher": "Academic",
    "ent_Industry_practitioner_technologist": "Industry pract.",
    "ent_Student": "Student"
  }
}