{
  "as_of": "2026-06-16",
  "n_records": 1556,
  "logit": {
    "n": 1494,
    "ll": -92.06814286609308,
    "mcfadden": 0.13253847767353255,
    "n_support": 20,
    "n_oppose": 1474,
    "by_var": {
      "const": {
        "coef": -7.122972340127408,
        "se": 1.1242398019599469,
        "p": 2.360941039238539e-10,
        "separated": false
      },
      "ent_Accountant_CPA": {
        "coef": 1.2678116067583147,
        "se": 1.0695762450654986,
        "p": 0.23588300712531662,
        "separated": false
      },
      "ent_Issuer_Corporate_\u2014_current": {
        "coef": 2.0365550601744684,
        "se": 1.120652901552181,
        "p": 0.06917220842314659,
        "separated": false
      },
      "ent_Issuer_Corporate_\u2014_former": {
        "coef": -25.30042788805492,
        "se": 921582.8262089979,
        "p": 0.999978095489394,
        "separated": true
      },
      "ent_Investment_professional": {
        "coef": -24.092581804650155,
        "se": 291175.59529748594,
        "p": 0.9999339810776029,
        "separated": true
      },
      "ent_Academic_researcher": {
        "coef": 1.391825576659586,
        "se": 1.4555841239005496,
        "p": 0.3389725750797341,
        "separated": false
      },
      "ent_Industry_practitioner_technologist": {
        "coef": 0.7951294486197726,
        "se": 1.0823015515918915,
        "p": 0.462543327559651,
        "separated": false
      },
      "ent_Legal_practitioner": {
        "coef": 3.4452110030680894,
        "se": 1.195028587284477,
        "p": 0.003939664770438755,
        "separated": false
      },
      "ent_Trade_association_advocacy_organization": {
        "coef": 2.437783626281804,
        "se": 1.420730174645665,
        "p": 0.086186438910206,
        "separated": false
      },
      "ent_Student": {
        "coef": 2.524209324269123,
        "se": 1.136765929936056,
        "p": 0.026383618332661844,
        "separated": false
      },
      "log_words": {
        "coef": 0.6051537289652679,
        "se": 0.252235408121471,
        "p": 0.016432621006665996,
        "separated": false
      }
    }
  },
  "lpm": {
    "n": 1494,
    "r2": 0.05238113638569919,
    "adj_r2": 0.04599125868095,
    "cov_type": "HC1",
    "by_var": {
      "const": {
        "coef": -0.023560453751318242,
        "se": 0.014963062296146083,
        "p": 0.11535473253591103,
        "separated": false
      },
      "ent_Accountant_CPA": {
        "coef": 0.02859726362644211,
        "se": 0.04080049357868114,
        "p": 0.4833624006431678,
        "separated": false
      },
      "ent_Issuer_Corporate_\u2014_current": {
        "coef": 0.08455969519242428,
        "se": 0.0966736490601286,
        "p": 0.3817413579449085,
        "separated": false
      },
      "ent_Issuer_Corporate_\u2014_former": {
        "coef": -0.01214386314117856,
        "se": 0.0036596377047303967,
        "p": 0.000905594158727261,
        "separated": true
      },
      "ent_Investment_professional": {
        "coef": -0.014557707433117113,
        "se": 0.004698925032273909,
        "p": 0.001947702012807822,
        "separated": true
      },
      "ent_Academic_researcher": {
        "coef": 0.16498421576757713,
        "se": 0.17257314054753772,
        "p": 0.33905966537052357,
        "separated": false
      },
      "ent_Industry_practitioner_technologist": {
        "coef": 0.01710369097125084,
        "se": 0.032290066491923224,
        "p": 0.596327620094663,
        "separated": false
      },
      "ent_Legal_practitioner": {
        "coef": 0.23737064068313624,
        "se": 0.21886911330448428,
        "p": 0.2781288175905219,
        "separated": false
      },
      "ent_Trade_association_advocacy_organization": {
        "coef": 0.3012607222982912,
        "se": 0.27075056700929306,
        "p": 0.265842744020947,
        "separated": false
      },
      "ent_Student": {
        "coef": 0.12794518870847538,
        "se": 0.13469370469891678,
        "p": 0.3421644302608069,
        "separated": false
      },
      "log_words": {
        "coef": 0.008547568294011761,
        "se": 0.004186564829546305,
        "p": 0.04118464453400441,
        "separated": false
      }
    }
  },
  "ordinal": {
    "n": 1532,
    "ll": -238.98297093143043,
    "mcfadden": 0.1589138773493105,
    "n_oppose": 1474,
    "n_conditional": 38,
    "n_support": 20,
    "cutpoints": [
      6.62248885777359,
      7.845524698690571
    ],
    "by_var": {
      "ent_Accountant_CPA": {
        "coef": 1.355419955214242,
        "se": 0.649432169964971,
        "p": 0.036880477504725416,
        "separated": false
      },
      "ent_Issuer_Corporate_\u2014_current": {
        "coef": 2.3652287825104468,
        "se": 0.566009832479365,
        "p": 2.9308108075151192e-05,
        "separated": false
      },
      "ent_Issuer_Corporate_\u2014_former": {
        "coef": 2.0500161181037413,
        "se": 0.6708492948584713,
        "p": 0.0022442204909218382,
        "separated": false
      },
      "ent_Investment_professional": {
        "coef": -9.834428581275256,
        "se": 138.66244190081167,
        "p": 0.9434586236252112,
        "separated": true
      },
      "ent_Academic_researcher": {
        "coef": 1.8070411701632167,
        "se": 0.7811506289683637,
        "p": 0.02070576947322004,
        "separated": false
      },
      "ent_Industry_practitioner_technologist": {
        "coef": 0.6654757039840138,
        "se": 0.6753857790848027,
        "p": 0.32446357589452046,
        "separated": false
      },
      "ent_Legal_practitioner": {
        "coef": 2.662181053685518,
        "se": 1.204611258396333,
        "p": 0.027105728487205813,
        "separated": false
      },
      "ent_Trade_association_advocacy_organization": {
        "coef": 1.606362341883331,
        "se": 1.3355069274098688,
        "p": 0.22904949056306012,
        "separated": false
      },
      "ent_Student": {
        "coef": 1.559107482076731,
        "se": 1.1247184379423534,
        "p": 0.165679657797273,
        "separated": false
      },
      "log_words": {
        "coef": 0.7146010814762098,
        "se": 0.1426978512797648,
        "p": 5.50581397421583e-07,
        "separated": false
      },
      "0/1": {
        "coef": 6.62248885777359,
        "se": 0.6551797836724191,
        "p": 5.0967252743111324e-24,
        "separated": false
      },
      "1/2": {
        "coef": 0.20133616201314583,
        "se": 0.16432567174823398,
        "p": 0.22048990546639047,
        "separated": false
      }
    }
  },
  "po_lr_test": {
    "lr": 15.778293582661831,
    "df": 10,
    "p": 0.10615732795768562,
    "ordinal_ll": -238.98297093143043,
    "multinomial_ll": -231.0938241400995
  },
  "var_order": [
    "const",
    "ent_Accountant_CPA",
    "ent_Issuer_Corporate_\u2014_current",
    "ent_Issuer_Corporate_\u2014_former",
    "ent_Investment_professional",
    "ent_Academic_researcher",
    "ent_Industry_practitioner_technologist",
    "ent_Legal_practitioner",
    "ent_Trade_association_advocacy_organization",
    "ent_Student",
    "log_words"
  ],
  "labels": {
    "const": "Constant",
    "log_words": "log(words+1)",
    "ent_Accountant_CPA": "Accountant CPA",
    "ent_Issuer_Corporate_\u2014_current": "Issuer-current",
    "ent_Issuer_Corporate_\u2014_former": "Issuer-former",
    "ent_Investment_professional": "Investment prof.",
    "ent_Academic_researcher": "Academic",
    "ent_Industry_practitioner_technologist": "Industry pract.",
    "ent_Legal_practitioner": "Legal pract.",
    "ent_Trade_association_advocacy_organization": "Trade assoc.",
    "ent_Student": "Student"
  }
}