{
  "as_of": "2026-05-16",
  "n_records": 182,
  "logit": {
    "n": 164,
    "ll": -22.42286720152012,
    "mcfadden": 0.224823165153613,
    "n_support": 7,
    "n_oppose": 157,
    "by_var": {
      "const": {
        "coef": -5.160174774194873,
        "se": 1.8237352656058812,
        "p": 0.00466275238262054,
        "separated": false
      },
      "ent_Accountant_CPA": {
        "coef": -9.211184909790628,
        "se": 194.8346529115902,
        "p": 0.9622925120014053,
        "separated": true
      },
      "ent_Issuer_Corporate_\u2014_current": {
        "coef": 1.6870074225124352,
        "se": 1.273937380131275,
        "p": 0.1854211125064249,
        "separated": false
      },
      "ent_Issuer_Corporate_\u2014_former": {
        "coef": -7.980363970588801,
        "se": 147.99507118553828,
        "p": 0.9569963733636503,
        "separated": true
      },
      "ent_Investment_professional": {
        "coef": -10.98214014728943,
        "se": 387.3309727794868,
        "p": 0.9773803109514498,
        "separated": true
      },
      "ent_Academic_researcher": {
        "coef": 2.135884636368362,
        "se": 1.9174345297750388,
        "p": 0.26530993621313437,
        "separated": false
      },
      "ent_Industry_practitioner_technologist": {
        "coef": -11.615676392924213,
        "se": 553.3006821087841,
        "p": 0.9832509005814765,
        "separated": true
      },
      "ent_Student": {
        "coef": 3.2895642917227867,
        "se": 1.541854391907744,
        "p": 0.03288277785495499,
        "separated": false
      },
      "log_words": {
        "coef": 0.40171066817450424,
        "se": 0.38250324417813625,
        "p": 0.29361924624038804,
        "separated": false
      }
    }
  },
  "lpm": {
    "n": 164,
    "r2": 0.15969189350565027,
    "adj_r2": 0.11632115252529684,
    "cov_type": "HC1",
    "by_var": {
      "const": {
        "coef": -0.029027622291622895,
        "se": 0.05156057278643815,
        "p": 0.573447829019557,
        "separated": false
      },
      "ent_Accountant_CPA": {
        "coef": -0.03200559991842189,
        "se": 0.016889429164988767,
        "p": 0.05809136899455345,
        "separated": true
      },
      "ent_Issuer_Corporate_\u2014_current": {
        "coef": 0.1544341843343509,
        "se": 0.1954374613708373,
        "p": 0.4294124628635009,
        "separated": false
      },
      "ent_Issuer_Corporate_\u2014_former": {
        "coef": -0.03554354304087817,
        "se": 0.018738090264636912,
        "p": 0.0578463535085816,
        "separated": true
      },
      "ent_Investment_professional": {
        "coef": -0.03797977013642135,
        "se": 0.02142805062087779,
        "p": 0.07632281560563306,
        "separated": true
      },
      "ent_Academic_researcher": {
        "coef": 0.4180811511988067,
        "se": 0.3551185763603022,
        "p": 0.23907572934392274,
        "separated": false
      },
      "ent_Industry_practitioner_technologist": {
        "coef": -0.04306660286478006,
        "se": 0.02608532861441001,
        "p": 0.09874072505578464,
        "separated": true
      },
      "ent_Student": {
        "coef": 0.46039292009411553,
        "se": 0.37708738706881656,
        "p": 0.2221169262670325,
        "separated": false
      },
      "log_words": {
        "coef": 0.014740853682804585,
        "se": 0.014912009731172892,
        "p": 0.322896934141338,
        "separated": false
      }
    }
  },
  "ordinal": {
    "n": 182,
    "ll": -69.34100572433718,
    "mcfadden": 0.2088926367143693,
    "n_oppose": 157,
    "n_conditional": 18,
    "n_support": 7,
    "cutpoints": [
      5.535995669256929,
      7.214136170711123
    ],
    "by_var": {
      "ent_Accountant_CPA": {
        "coef": 0.8504173787369235,
        "se": 0.863363007434823,
        "p": 0.32462133073058475,
        "separated": false
      },
      "ent_Issuer_Corporate_\u2014_current": {
        "coef": 1.8193399077543257,
        "se": 0.7160571302115756,
        "p": 0.011060713807515487,
        "separated": false
      },
      "ent_Issuer_Corporate_\u2014_former": {
        "coef": 0.6125646564793517,
        "se": 1.158900881506388,
        "p": 0.5971011310667645,
        "separated": false
      },
      "ent_Investment_professional": {
        "coef": -10.940313767818562,
        "se": 199.6304145558962,
        "p": 0.9562955374138653,
        "separated": true
      },
      "ent_Academic_researcher": {
        "coef": 1.024715291646029,
        "se": 1.1270026966082494,
        "p": 0.36322375399416806,
        "separated": false
      },
      "ent_Industry_practitioner_technologist": {
        "coef": -11.275583856787678,
        "se": 233.3401118612208,
        "p": 0.9614592015689907,
        "separated": true
      },
      "ent_Student": {
        "coef": 3.0057950176154975,
        "se": 1.9889315156165757,
        "p": 0.13072191672732966,
        "separated": false
      },
      "log_words": {
        "coef": 0.7232919102585488,
        "se": 0.225765979546435,
        "p": 0.0013566241257965308,
        "separated": false
      },
      "0/1": {
        "coef": 5.535995669256929,
        "se": 1.1474535676313786,
        "p": 1.4028992537286742e-06,
        "separated": false
      },
      "1/2": {
        "coef": 0.5176863360380561,
        "se": 0.23381395570456412,
        "p": 0.02682223693824767,
        "separated": false
      }
    }
  },
  "po_lr_test": {
    "lr": 7.606239300408504,
    "df": 8,
    "p": 0.4728468095053714,
    "ordinal_ll": -69.34100572433718,
    "multinomial_ll": -65.53788607413293
  },
  "var_order": [
    "const",
    "ent_Accountant_CPA",
    "ent_Issuer_Corporate_\u2014_current",
    "ent_Issuer_Corporate_\u2014_former",
    "ent_Investment_professional",
    "ent_Academic_researcher",
    "ent_Industry_practitioner_technologist",
    "ent_Student",
    "log_words"
  ],
  "labels": {
    "const": "Constant",
    "log_words": "log(words+1)",
    "ent_Accountant_CPA": "Accountant CPA",
    "ent_Issuer_Corporate_\u2014_current": "Issuer-current",
    "ent_Issuer_Corporate_\u2014_former": "Issuer-former",
    "ent_Investment_professional": "Investment prof.",
    "ent_Academic_researcher": "Academic",
    "ent_Industry_practitioner_technologist": "Industry pract.",
    "ent_Student": "Student"
  }
}