{
  "as_of": "2026-05-20",
  "n_records": 289,
  "logit": {
    "n": 259,
    "ll": -31.538258986962852,
    "mcfadden": 0.192945299188367,
    "n_support": 9,
    "n_oppose": 250,
    "by_var": {
      "const": {
        "coef": -5.888004601145463,
        "se": 1.5429110551956404,
        "p": 0.0001355413740330541,
        "separated": false
      },
      "ent_Accountant_CPA": {
        "coef": 1.4231963371696985,
        "se": 1.1546749437557957,
        "p": 0.21774314022017482,
        "separated": false
      },
      "ent_Issuer_Corporate_\u2014_current": {
        "coef": 1.8422067938616526,
        "se": 1.2550053586118433,
        "p": 0.1421347591361749,
        "separated": false
      },
      "ent_Issuer_Corporate_\u2014_former": {
        "coef": -20.689221571085127,
        "se": 87941.7965935678,
        "p": 0.9998122893669024,
        "separated": true
      },
      "ent_Investment_professional": {
        "coef": -51.05135110774871,
        "se": 207146547590.53363,
        "p": 0.9999999998033611,
        "separated": true
      },
      "ent_Academic_researcher": {
        "coef": 1.6114881333462376,
        "se": 1.6129113970359517,
        "p": 0.31773773541443373,
        "separated": false
      },
      "ent_Industry_practitioner_technologist": {
        "coef": -23.444756539390042,
        "se": 205644.48223447587,
        "p": 0.9999090361723748,
        "separated": true
      },
      "ent_Student": {
        "coef": 3.5186266281897804,
        "se": 1.5481274165539582,
        "p": 0.023036574721249266,
        "separated": false
      },
      "log_words": {
        "coef": 0.5088774759755321,
        "se": 0.3229859111098434,
        "p": 0.11513167202644879,
        "separated": false
      }
    }
  },
  "lpm": {
    "n": 259,
    "r2": 0.1161430172631478,
    "adj_r2": 0.08785959381556852,
    "cov_type": "HC1",
    "by_var": {
      "const": {
        "coef": -0.039182713615548787,
        "se": 0.03557587486374118,
        "p": 0.2707293917278426,
        "separated": false
      },
      "ent_Accountant_CPA": {
        "coef": 0.06565084701138299,
        "se": 0.08779945350798701,
        "p": 0.4546191727721203,
        "separated": false
      },
      "ent_Issuer_Corporate_\u2014_current": {
        "coef": 0.15885879218072663,
        "se": 0.19160227126136792,
        "p": 0.4070438398739281,
        "separated": false
      },
      "ent_Issuer_Corporate_\u2014_former": {
        "coef": -0.029333170276347003,
        "se": 0.013366385054503414,
        "p": 0.028196054956613887,
        "separated": true
      },
      "ent_Investment_professional": {
        "coef": -0.032028825172042016,
        "se": 0.015695325102253663,
        "p": 0.04128461453312076,
        "separated": true
      },
      "ent_Academic_researcher": {
        "coef": 0.26298031428022633,
        "se": 0.2597285087027641,
        "p": 0.3112894803874794,
        "separated": false
      },
      "ent_Industry_practitioner_technologist": {
        "coef": -0.03211610714929431,
        "se": 0.01597970445040266,
        "p": 0.04445171713019295,
        "separated": true
      },
      "ent_Student": {
        "coef": 0.46527529524219546,
        "se": 0.37381750902189825,
        "p": 0.21325715413702584,
        "separated": false
      },
      "log_words": {
        "coef": 0.01587328866351535,
        "se": 0.010520432784556102,
        "p": 0.13134845069834256,
        "separated": false
      }
    }
  },
  "ordinal": {
    "n": 283,
    "ll": -95.77677126543615,
    "mcfadden": 0.21007499505066207,
    "n_oppose": 250,
    "n_conditional": 24,
    "n_support": 9,
    "cutpoints": [
      5.335137508952245,
      7.048885364468295
    ],
    "by_var": {
      "ent_Accountant_CPA": {
        "coef": 1.4223471167986947,
        "se": 0.7258307706362078,
        "p": 0.050041088631081955,
        "separated": false
      },
      "ent_Issuer_Corporate_\u2014_current": {
        "coef": 2.020468902232263,
        "se": 0.6673328221510885,
        "p": 0.0024644053075374276,
        "separated": false
      },
      "ent_Issuer_Corporate_\u2014_former": {
        "coef": 0.6953561673298241,
        "se": 1.1283765196460043,
        "p": 0.5377329618861191,
        "separated": false
      },
      "ent_Investment_professional": {
        "coef": -9.816516033884804,
        "se": 126.25483086519225,
        "p": 0.9380256416026231,
        "separated": true
      },
      "ent_Academic_researcher": {
        "coef": 1.8098216703753882,
        "se": 0.8687538938714773,
        "p": 0.03722947769549027,
        "separated": false
      },
      "ent_Industry_practitioner_technologist": {
        "coef": -0.5627771655268687,
        "se": 1.1403117156203821,
        "p": 0.6216386900993496,
        "separated": false
      },
      "ent_Student": {
        "coef": 3.2301859022733037,
        "se": 1.9257746815555379,
        "p": 0.09347530473368859,
        "separated": false
      },
      "log_words": {
        "coef": 0.6360687828663808,
        "se": 0.18090253203345125,
        "p": 0.00043795980267521733,
        "separated": false
      },
      "0/1": {
        "coef": 5.335137508952245,
        "se": 0.893505071634404,
        "p": 2.3577345007554476e-09,
        "separated": false
      },
      "1/2": {
        "coef": 0.5386827005535892,
        "se": 0.203705682627103,
        "p": 0.008183185582404676,
        "separated": false
      }
    }
  },
  "po_lr_test": {
    "lr": 9.074930827380769,
    "df": 8,
    "p": 0.3360143931594295,
    "ordinal_ll": -95.77677126543615,
    "multinomial_ll": -91.23930585174577
  },
  "var_order": [
    "const",
    "ent_Accountant_CPA",
    "ent_Issuer_Corporate_\u2014_current",
    "ent_Issuer_Corporate_\u2014_former",
    "ent_Investment_professional",
    "ent_Academic_researcher",
    "ent_Industry_practitioner_technologist",
    "ent_Student",
    "log_words"
  ],
  "labels": {
    "const": "Constant",
    "log_words": "log(words+1)",
    "ent_Accountant_CPA": "Accountant CPA",
    "ent_Issuer_Corporate_\u2014_current": "Issuer-current",
    "ent_Issuer_Corporate_\u2014_former": "Issuer-former",
    "ent_Investment_professional": "Investment prof.",
    "ent_Academic_researcher": "Academic",
    "ent_Industry_practitioner_technologist": "Industry pract.",
    "ent_Student": "Student"
  }
}