{
  "as_of": "2026-05-22",
  "n_records": 314,
  "logit": {
    "n": 278,
    "ll": -34.49118021515619,
    "mcfadden": 0.19915172211702836,
    "n_support": 10,
    "n_oppose": 268,
    "by_var": {
      "const": {
        "coef": -6.486854786764666,
        "se": 1.5177349641242448,
        "p": 1.9196550276110533e-05,
        "separated": false
      },
      "ent_Accountant_CPA": {
        "coef": 1.324095395817049,
        "se": 1.1496169722880403,
        "p": 0.24941522127898086,
        "separated": false
      },
      "ent_Issuer_Corporate_\u2014_current": {
        "coef": 1.5975315479927699,
        "se": 1.2468686583350292,
        "p": 0.2001111972332773,
        "separated": false
      },
      "ent_Issuer_Corporate_\u2014_former": {
        "coef": -7.20474276801003,
        "se": 100.04634190291523,
        "p": 0.9425907226233043,
        "separated": true
      },
      "ent_Investment_professional": {
        "coef": -10.853870972893226,
        "se": 350.7390933050325,
        "p": 0.9753128344493979,
        "separated": true
      },
      "ent_Academic_researcher": {
        "coef": 1.0956294691821205,
        "se": 1.6159159846929245,
        "p": 0.49775661372491187,
        "separated": false
      },
      "ent_Industry_practitioner_technologist": {
        "coef": -12.270844896653793,
        "se": 553.2089620744694,
        "p": 0.982303405091776,
        "separated": true
      },
      "ent_Student": {
        "coef": 3.394972839721033,
        "se": 1.58238930512357,
        "p": 0.03191508275305976,
        "separated": false
      },
      "log_words": {
        "coef": 0.6641841910383239,
        "se": 0.30927066719110413,
        "p": 0.03174695783991944,
        "separated": false
      }
    }
  },
  "lpm": {
    "n": 278,
    "r2": 0.11159931815481283,
    "adj_r2": 0.08517848003302275,
    "cov_type": "HC1",
    "by_var": {
      "const": {
        "coef": -0.05637372488570062,
        "se": 0.0376035136460616,
        "p": 0.13383184388520497,
        "separated": false
      },
      "ent_Accountant_CPA": {
        "coef": 0.061937016132429634,
        "se": 0.0874582862135296,
        "p": 0.47882775511417497,
        "separated": false
      },
      "ent_Issuer_Corporate_\u2014_current": {
        "coef": 0.1499924796122831,
        "se": 0.19299398893840036,
        "p": 0.4370482664889277,
        "separated": false
      },
      "ent_Issuer_Corporate_\u2014_former": {
        "coef": -0.03436891963699235,
        "se": 0.014157944682251691,
        "p": 0.015201780325453926,
        "separated": true
      },
      "ent_Investment_professional": {
        "coef": -0.03793905316021781,
        "se": 0.01721892968078466,
        "p": 0.027571216464907768,
        "separated": true
      },
      "ent_Academic_researcher": {
        "coef": 0.24463760151075853,
        "se": 0.25657815261877603,
        "p": 0.3403558770589057,
        "separated": false
      },
      "ent_Industry_practitioner_technologist": {
        "coef": -0.04485738547761392,
        "se": 0.02079757283266617,
        "p": 0.0310168272392345,
        "separated": true
      },
      "ent_Student": {
        "coef": 0.4584905157363484,
        "se": 0.3778136924858114,
        "p": 0.2249249606107414,
        "separated": false
      },
      "log_words": {
        "coef": 0.021022631669936755,
        "se": 0.011345866101897181,
        "p": 0.06389825523877522,
        "separated": false
      }
    }
  },
  "ordinal": {
    "n": 303,
    "ll": -101.80682059890789,
    "mcfadden": 0.21311038454518128,
    "n_oppose": 268,
    "n_conditional": 25,
    "n_support": 10,
    "cutpoints": [
      5.567518256764956,
      7.2191919146935835
    ],
    "by_var": {
      "ent_Accountant_CPA": {
        "coef": 1.4203460180418372,
        "se": 0.7253012222846545,
        "p": 0.050196658503926614,
        "separated": false
      },
      "ent_Issuer_Corporate_\u2014_current": {
        "coef": 1.9473169542121018,
        "se": 0.6643946838262444,
        "p": 0.0033791184950617585,
        "separated": false
      },
      "ent_Issuer_Corporate_\u2014_former": {
        "coef": 1.3354498511263588,
        "se": 0.8639548159171666,
        "p": 0.12216727933591932,
        "separated": false
      },
      "ent_Investment_professional": {
        "coef": -9.051293491986206,
        "se": 84.6506739793337,
        "p": 0.9148482906591808,
        "separated": true
      },
      "ent_Academic_researcher": {
        "coef": 1.661372813104718,
        "se": 0.8706089368813604,
        "p": 0.056353969563474215,
        "separated": false
      },
      "ent_Industry_practitioner_technologist": {
        "coef": -0.9715749292285616,
        "se": 1.1367883002566956,
        "p": 0.3927357762944521,
        "separated": false
      },
      "ent_Student": {
        "coef": 3.1940995061140725,
        "se": 1.9430636037537465,
        "p": 0.10020778570333935,
        "separated": false
      },
      "log_words": {
        "coef": 0.6874928544038441,
        "se": 0.18120314883213626,
        "p": 0.0001482129477419371,
        "separated": false
      },
      "0/1": {
        "coef": 5.567518256764956,
        "se": 0.8954796235873285,
        "p": 5.055922703601861e-10,
        "separated": false
      },
      "1/2": {
        "coef": 0.5017891119577351,
        "se": 0.19872826902359925,
        "p": 0.011569790383885096,
        "separated": false
      }
    }
  },
  "po_lr_test": {
    "lr": 10.56162237897766,
    "df": 8,
    "p": 0.22779611434777114,
    "ordinal_ll": -101.80682059890789,
    "multinomial_ll": -96.52600940941906
  },
  "var_order": [
    "const",
    "ent_Accountant_CPA",
    "ent_Issuer_Corporate_\u2014_current",
    "ent_Issuer_Corporate_\u2014_former",
    "ent_Investment_professional",
    "ent_Academic_researcher",
    "ent_Industry_practitioner_technologist",
    "ent_Student",
    "log_words"
  ],
  "labels": {
    "const": "Constant",
    "log_words": "log(words+1)",
    "ent_Accountant_CPA": "Accountant CPA",
    "ent_Issuer_Corporate_\u2014_current": "Issuer-current",
    "ent_Issuer_Corporate_\u2014_former": "Issuer-former",
    "ent_Investment_professional": "Investment prof.",
    "ent_Academic_researcher": "Academic",
    "ent_Industry_practitioner_technologist": "Industry pract.",
    "ent_Student": "Student"
  }
}