{
  "as_of": "2026-06-04",
  "n_records": 622,
  "logit": {
    "n": 586,
    "ll": -49.63899787430759,
    "mcfadden": 0.15200998575780933,
    "n_support": 12,
    "n_oppose": 574,
    "by_var": {
      "const": {
        "coef": -6.085981414919334,
        "se": 1.2971696466071976,
        "p": 2.7089257907259955e-06,
        "separated": false
      },
      "ent_Accountant_CPA": {
        "coef": 1.7173157504193088,
        "se": 1.1158631084105242,
        "p": 0.12380376535495423,
        "separated": false
      },
      "ent_Issuer_Corporate_\u2014_current": {
        "coef": 2.439724823622019,
        "se": 1.2305846844535557,
        "p": 0.04741506818200266,
        "separated": false
      },
      "ent_Issuer_Corporate_\u2014_former": {
        "coef": -188.37958689948974,
        "se": 2.662581099122248e+41,
        "p": 1.0,
        "separated": true
      },
      "ent_Investment_professional": {
        "coef": -19.599957787910295,
        "se": 34067.51581247227,
        "p": 0.9995409555855285,
        "separated": true
      },
      "ent_Academic_researcher": {
        "coef": 2.3416139469709907,
        "se": 1.5564499223286243,
        "p": 0.13246341213795437,
        "separated": false
      },
      "ent_Industry_practitioner_technologist": {
        "coef": 1.1633463312287382,
        "se": 1.1366400894984523,
        "p": 0.30607349571560494,
        "separated": false
      },
      "ent_Student": {
        "coef": 3.2889769732889675,
        "se": 1.3155926559476743,
        "p": 0.012419455002479063,
        "separated": false
      },
      "log_words": {
        "coef": 0.43440163658281916,
        "se": 0.2860854727280048,
        "p": 0.1289052655404417,
        "separated": false
      }
    }
  },
  "lpm": {
    "n": 586,
    "r2": 0.07636106875236026,
    "adj_r2": 0.06355498305048646,
    "cov_type": "HC1",
    "by_var": {
      "const": {
        "coef": -0.02106465300107602,
        "se": 0.02508664126263262,
        "p": 0.40109002010185146,
        "separated": false
      },
      "ent_Accountant_CPA": {
        "coef": 0.0610708963600267,
        "se": 0.07412559700638097,
        "p": 0.41000544950526385,
        "separated": false
      },
      "ent_Issuer_Corporate_\u2014_current": {
        "coef": 0.17626652862416434,
        "se": 0.18529731595448362,
        "p": 0.34147075311086694,
        "separated": false
      },
      "ent_Issuer_Corporate_\u2014_former": {
        "coef": -0.01765991915412422,
        "se": 0.007543441249022662,
        "p": 0.019227229165042586,
        "separated": true
      },
      "ent_Investment_professional": {
        "coef": -0.018535527221494503,
        "se": 0.008422181354015111,
        "p": 0.027750265511963284,
        "separated": true
      },
      "ent_Academic_researcher": {
        "coef": 0.2933078989961194,
        "se": 0.2643919669165311,
        "p": 0.26727160556863394,
        "separated": false
      },
      "ent_Industry_practitioner_technologist": {
        "coef": 0.03865592102526169,
        "se": 0.05994883797714821,
        "p": 0.5190469605166617,
        "separated": false
      },
      "ent_Student": {
        "coef": 0.3121718237148031,
        "se": 0.2800040342698199,
        "p": 0.26490043094201443,
        "separated": false
      },
      "log_words": {
        "coef": 0.008852824253555356,
        "se": 0.007085489384806296,
        "p": 0.21150777690784528,
        "separated": false
      }
    }
  },
  "ordinal": {
    "n": 611,
    "ll": -126.7605919022429,
    "mcfadden": 0.2219658145695077,
    "n_oppose": 574,
    "n_conditional": 25,
    "n_support": 12,
    "cutpoints": [
      6.111812210436312,
      7.53551367906314
    ],
    "by_var": {
      "ent_Accountant_CPA": {
        "coef": 1.8758994638409798,
        "se": 0.7019541284652046,
        "p": 0.007531169633440078,
        "separated": false
      },
      "ent_Issuer_Corporate_\u2014_current": {
        "coef": 2.6438791247337305,
        "se": 0.6519421183194753,
        "p": 5.0050861283336924e-05,
        "separated": false
      },
      "ent_Issuer_Corporate_\u2014_former": {
        "coef": 1.8783649585937525,
        "se": 0.841923691636266,
        "p": 0.02567851685608773,
        "separated": false
      },
      "ent_Investment_professional": {
        "coef": -8.034618397315791,
        "se": 62.23689289223601,
        "p": 0.8972806131011408,
        "separated": true
      },
      "ent_Academic_researcher": {
        "coef": 2.376728055885758,
        "se": 0.854369323832552,
        "p": 0.005404986845094085,
        "separated": false
      },
      "ent_Industry_practitioner_technologist": {
        "coef": 0.5132922901002682,
        "se": 0.8520958727623809,
        "p": 0.5469159259699434,
        "separated": false
      },
      "ent_Student": {
        "coef": 2.4840816394309067,
        "se": 1.382831049329827,
        "p": 0.0724350679836258,
        "separated": false
      },
      "log_words": {
        "coef": 0.647882460997826,
        "se": 0.16950535000422826,
        "p": 0.0001322691539028088,
        "separated": false
      },
      "0/1": {
        "coef": 6.111812210436312,
        "se": 0.8170218603418531,
        "p": 7.398509233658253e-14,
        "separated": false
      },
      "1/2": {
        "coef": 0.3532601481934176,
        "se": 0.2000631812442899,
        "p": 0.07743898664405349,
        "separated": false
      }
    }
  },
  "po_lr_test": {
    "lr": 14.02540774741766,
    "df": 8,
    "p": 0.08110557181444433,
    "ordinal_ll": -126.7605919022429,
    "multinomial_ll": -119.74788802853406
  },
  "var_order": [
    "const",
    "ent_Accountant_CPA",
    "ent_Issuer_Corporate_\u2014_current",
    "ent_Issuer_Corporate_\u2014_former",
    "ent_Investment_professional",
    "ent_Academic_researcher",
    "ent_Industry_practitioner_technologist",
    "ent_Student",
    "log_words"
  ],
  "labels": {
    "const": "Constant",
    "log_words": "log(words+1)",
    "ent_Accountant_CPA": "Accountant CPA",
    "ent_Issuer_Corporate_\u2014_current": "Issuer-current",
    "ent_Issuer_Corporate_\u2014_former": "Issuer-former",
    "ent_Investment_professional": "Investment prof.",
    "ent_Academic_researcher": "Academic",
    "ent_Industry_practitioner_technologist": "Industry pract.",
    "ent_Student": "Student"
  }
}