{
  "as_of": "2026-06-05",
  "n_records": 699,
  "logit": {
    "n": 618,
    "ll": -45.40359395227081,
    "mcfadden": 0.2328104435982825,
    "n_support": 12,
    "n_oppose": 606,
    "by_var": {
      "const": {
        "coef": -6.877786152929241,
        "se": 1.4150354030431067,
        "p": 1.1708689497275177e-06,
        "separated": false
      },
      "ent_Accountant_CPA": {
        "coef": 1.729580112211953,
        "se": 1.1222878506793874,
        "p": 0.12328761350655625,
        "separated": false
      },
      "ent_Issuer_Corporate_\u2014_current": {
        "coef": 2.310660260766741,
        "se": 1.2434383999829643,
        "p": 0.0631288571529453,
        "separated": false
      },
      "ent_Issuer_Corporate_\u2014_former": {
        "coef": -24.569627961439497,
        "se": 730415.9424307744,
        "p": 0.9999731608722201,
        "separated": true
      },
      "ent_Investment_professional": {
        "coef": -22.70870931580073,
        "se": 153247.9900778612,
        "p": 0.9998817672683125,
        "separated": true
      },
      "ent_Academic_researcher": {
        "coef": 1.9103954330947606,
        "se": 1.6145622144462524,
        "p": 0.23671874654695757,
        "separated": false
      },
      "ent_Industry_practitioner_technologist": {
        "coef": -29.138136810710893,
        "se": 3456103.3929022853,
        "p": 0.9999932730978074,
        "separated": true
      },
      "ent_Legal_practitioner": {
        "coef": 26.75546528074672,
        "se": 62774.73542883099,
        "p": 0.9996599305138852,
        "separated": true
      },
      "ent_Student": {
        "coef": 3.23568638685958,
        "se": 1.3330686465724555,
        "p": 0.015213909284117727,
        "separated": false
      },
      "log_words": {
        "coef": 0.6051316190588971,
        "se": 0.30418041045219485,
        "p": 0.046658842509382986,
        "separated": false
      }
    }
  },
  "lpm": {
    "n": 618,
    "r2": 0.1587293801546753,
    "adj_r2": 0.14627636111091225,
    "cov_type": "HC1",
    "by_var": {
      "const": {
        "coef": -0.02757627537535631,
        "se": 0.023180911608030576,
        "p": 0.23419918575662246,
        "separated": false
      },
      "ent_Accountant_CPA": {
        "coef": 0.06098782941099511,
        "se": 0.07406449556362629,
        "p": 0.41025658702395795,
        "separated": false
      },
      "ent_Issuer_Corporate_\u2014_current": {
        "coef": 0.17477557645423575,
        "se": 0.18583197235881702,
        "p": 0.3469594764888049,
        "separated": false
      },
      "ent_Issuer_Corporate_\u2014_former": {
        "coef": -0.01806591397196071,
        "se": 0.00740400329954583,
        "p": 0.014686460651173806,
        "separated": true
      },
      "ent_Investment_professional": {
        "coef": -0.018855106654077143,
        "se": 0.008201364878097807,
        "p": 0.02150377060862666,
        "separated": true
      },
      "ent_Academic_researcher": {
        "coef": 0.28890660962161124,
        "se": 0.2632948904418333,
        "p": 0.27252167949486106,
        "separated": false
      },
      "ent_Industry_practitioner_technologist": {
        "coef": -0.021669773083184338,
        "se": 0.009957926036914368,
        "p": 0.02954530481719802,
        "separated": true
      },
      "ent_Legal_practitioner": {
        "coef": 0.9893497181186932,
        "se": 0.004133035983391466,
        "p": 0.0,
        "separated": true
      },
      "ent_Student": {
        "coef": 0.3111403174697687,
        "se": 0.2809598355760766,
        "p": 0.26811272681187703,
        "separated": false
      },
      "log_words": {
        "coef": 0.010434260686468204,
        "se": 0.006664192825692733,
        "p": 0.11741415754876526,
        "separated": false
      }
    }
  },
  "ordinal": {
    "n": 643,
    "ll": -122.17073545641921,
    "mcfadden": 0.25899201483593504,
    "n_oppose": 606,
    "n_conditional": 25,
    "n_support": 12,
    "cutpoints": [
      6.580590229131733,
      8.095252583400002
    ],
    "by_var": {
      "ent_Accountant_CPA": {
        "coef": 1.9223963438055858,
        "se": NaN,
        "p": NaN,
        "separated": false
      },
      "ent_Issuer_Corporate_\u2014_current": {
        "coef": 2.612300012093709,
        "se": NaN,
        "p": NaN,
        "separated": false
      },
      "ent_Issuer_Corporate_\u2014_former": {
        "coef": 1.9088716599242437,
        "se": NaN,
        "p": NaN,
        "separated": false
      },
      "ent_Investment_professional": {
        "coef": -10.882902717676606,
        "se": NaN,
        "p": NaN,
        "separated": true
      },
      "ent_Academic_researcher": {
        "coef": 2.238118880742355,
        "se": NaN,
        "p": NaN,
        "separated": false
      },
      "ent_Industry_practitioner_technologist": {
        "coef": -0.39638373631296553,
        "se": NaN,
        "p": NaN,
        "separated": false
      },
      "ent_Legal_practitioner": {
        "coef": 33.98890337145214,
        "se": NaN,
        "p": NaN,
        "separated": true
      },
      "ent_Student": {
        "coef": 2.4759779382012925,
        "se": NaN,
        "p": NaN,
        "separated": false
      },
      "log_words": {
        "coef": 0.742010468901201,
        "se": NaN,
        "p": NaN,
        "separated": false
      },
      "0/1": {
        "coef": 6.580590229131733,
        "se": NaN,
        "p": NaN,
        "separated": false
      },
      "1/2": {
        "coef": 0.41519254565267555,
        "se": NaN,
        "p": NaN,
        "separated": false
      }
    }
  },
  "po_lr_test": {
    "lr": 13.332362932186697,
    "df": 9,
    "p": 0.14813481294077813,
    "ordinal_ll": -122.17073545641921,
    "multinomial_ll": -115.50455399032586
  },
  "var_order": [
    "const",
    "ent_Accountant_CPA",
    "ent_Issuer_Corporate_\u2014_current",
    "ent_Issuer_Corporate_\u2014_former",
    "ent_Investment_professional",
    "ent_Academic_researcher",
    "ent_Industry_practitioner_technologist",
    "ent_Legal_practitioner",
    "ent_Student",
    "log_words"
  ],
  "labels": {
    "const": "Constant",
    "log_words": "log(words+1)",
    "ent_Accountant_CPA": "Accountant CPA",
    "ent_Issuer_Corporate_\u2014_current": "Issuer-current",
    "ent_Issuer_Corporate_\u2014_former": "Issuer-former",
    "ent_Investment_professional": "Investment prof.",
    "ent_Academic_researcher": "Academic",
    "ent_Industry_practitioner_technologist": "Industry pract.",
    "ent_Legal_practitioner": "Legal pract.",
    "ent_Student": "Student"
  }
}