{
  "as_of": "2026-05-22",
  "n_records": 307,
  "logit": {
    "n": 273,
    "ll": -34.40711008445097,
    "mcfadden": 0.19765972288816547,
    "n_support": 10,
    "n_oppose": 263,
    "by_var": {
      "const": {
        "coef": -6.431132165991124,
        "se": 1.5180283129656174,
        "p": 2.270274468531111e-05,
        "separated": false
      },
      "ent_Accountant_CPA": {
        "coef": 1.308164257104516,
        "se": 1.149280248414778,
        "p": 0.2550175534470106,
        "separated": false
      },
      "ent_Issuer_Corporate_\u2014_current": {
        "coef": 1.5899396646171453,
        "se": 1.2456361978639379,
        "p": 0.20181142713518263,
        "separated": false
      },
      "ent_Issuer_Corporate_\u2014_former": {
        "coef": -6.802604692508234,
        "se": 81.10040443111893,
        "p": 0.9331527944240938,
        "separated": true
      },
      "ent_Investment_professional": {
        "coef": -10.21584985329016,
        "se": 253.63447761612116,
        "p": 0.9678716175865737,
        "separated": true
      },
      "ent_Academic_researcher": {
        "coef": 1.1042225495076439,
        "se": 1.611288076978066,
        "p": 0.49315195738211404,
        "separated": false
      },
      "ent_Industry_practitioner_technologist": {
        "coef": -11.55613476701513,
        "se": 386.06709221906556,
        "p": 0.9761205112056426,
        "separated": true
      },
      "ent_Student": {
        "coef": 3.380378635087544,
        "se": 1.5795739993716402,
        "p": 0.03235014825006116,
        "separated": false
      },
      "log_words": {
        "coef": 0.6554190280944967,
        "se": 0.3090289404047274,
        "p": 0.033930341681527344,
        "separated": false
      }
    }
  },
  "lpm": {
    "n": 273,
    "r2": 0.11120935534928811,
    "adj_r2": 0.08427630551138776,
    "cov_type": "HC1",
    "by_var": {
      "const": {
        "coef": -0.05573359935190493,
        "se": 0.037610710056193465,
        "p": 0.13837901816499557,
        "separated": false
      },
      "ent_Accountant_CPA": {
        "coef": 0.061526117648099045,
        "se": 0.08752339411749603,
        "p": 0.48207588894747955,
        "separated": false
      },
      "ent_Issuer_Corporate_\u2014_current": {
        "coef": 0.14963807943426233,
        "se": 0.19303808266323724,
        "p": 0.43823692062257114,
        "separated": false
      },
      "ent_Issuer_Corporate_\u2014_former": {
        "coef": -0.03476532294020483,
        "se": 0.014306595856739721,
        "p": 0.01509796383016595,
        "separated": true
      },
      "ent_Investment_professional": {
        "coef": -0.038325867577077205,
        "se": 0.01734270622585422,
        "p": 0.027111218314366577,
        "separated": true
      },
      "ent_Academic_researcher": {
        "coef": 0.24438711253389142,
        "se": 0.2567078826089544,
        "p": 0.3410945947858329,
        "separated": false
      },
      "ent_Industry_practitioner_technologist": {
        "coef": -0.04522561820784529,
        "se": 0.020910891627980613,
        "p": 0.030558251728675743,
        "separated": true
      },
      "ent_Student": {
        "coef": 0.45811329100510206,
        "se": 0.3778872949565443,
        "p": 0.22539703396335697,
        "separated": false
      },
      "log_words": {
        "coef": 0.020966167780105602,
        "se": 0.011352691838115075,
        "p": 0.06477592125405675,
        "separated": false
      }
    }
  },
  "ordinal": {
    "n": 298,
    "ll": -101.58056293636099,
    "mcfadden": 0.21108358998660182,
    "n_oppose": 263,
    "n_conditional": 25,
    "n_support": 10,
    "cutpoints": [
      5.5157079091504535,
      7.166893063137297
    ],
    "by_var": {
      "ent_Accountant_CPA": {
        "coef": 1.4034164790003216,
        "se": 0.7250202678245582,
        "p": 0.05290534244201077,
        "separated": false
      },
      "ent_Issuer_Corporate_\u2014_current": {
        "coef": 1.9392115461718378,
        "se": 0.6636554297307329,
        "p": 0.003477740748737623,
        "separated": false
      },
      "ent_Issuer_Corporate_\u2014_former": {
        "coef": 1.3207529198386545,
        "se": 0.8637899314721827,
        "p": 0.1262592451756304,
        "separated": false
      },
      "ent_Investment_professional": {
        "coef": -9.10296704123722,
        "se": 86.38691326490708,
        "p": 0.9160787481928244,
        "separated": true
      },
      "ent_Academic_researcher": {
        "coef": 1.6632749996525138,
        "se": 0.8687964194372867,
        "p": 0.055561551399349825,
        "separated": false
      },
      "ent_Industry_practitioner_technologist": {
        "coef": -0.9735703501715605,
        "se": 1.135242483754969,
        "p": 0.3911199943290915,
        "separated": false
      },
      "ent_Student": {
        "coef": 3.178449520375699,
        "se": 1.936969089215124,
        "p": 0.10080992823300627,
        "separated": false
      },
      "log_words": {
        "coef": 0.6796567988894884,
        "se": 0.18088600813002714,
        "p": 0.00017170420126404068,
        "separated": false
      },
      "0/1": {
        "coef": 5.5157079091504535,
        "se": 0.8950835115883536,
        "p": 7.172886051907937e-10,
        "separated": false
      },
      "1/2": {
        "coef": 0.5014933052198973,
        "se": 0.1986752271958308,
        "p": 0.011596642287313544,
        "separated": false
      }
    }
  },
  "po_lr_test": {
    "lr": 10.506370509552482,
    "df": 8,
    "p": 0.23126690202567501,
    "ordinal_ll": -101.58056293636099,
    "multinomial_ll": -96.32737768158475
  },
  "var_order": [
    "const",
    "ent_Accountant_CPA",
    "ent_Issuer_Corporate_\u2014_current",
    "ent_Issuer_Corporate_\u2014_former",
    "ent_Investment_professional",
    "ent_Academic_researcher",
    "ent_Industry_practitioner_technologist",
    "ent_Student",
    "log_words"
  ],
  "labels": {
    "const": "Constant",
    "log_words": "log(words+1)",
    "ent_Accountant_CPA": "Accountant CPA",
    "ent_Issuer_Corporate_\u2014_current": "Issuer-current",
    "ent_Issuer_Corporate_\u2014_former": "Issuer-former",
    "ent_Investment_professional": "Investment prof.",
    "ent_Academic_researcher": "Academic",
    "ent_Industry_practitioner_technologist": "Industry pract.",
    "ent_Student": "Student"
  }
}