{
  "as_of": "2026-06-26",
  "n_records": 2194,
  "logit": {
    "n": 2123,
    "ll": -107.85590942685032,
    "mcfadden": 0.20632886190037303,
    "n_support": 25,
    "n_oppose": 2098,
    "by_var": {
      "const": {
        "coef": -8.387422306728315,
        "se": 0.9552680689616302,
        "p": 1.6321823344072543e-18,
        "separated": false
      },
      "ent_Accountant_CPA": {
        "coef": 0.7445355559657736,
        "se": 1.1443100610440275,
        "p": 0.5152779675569441,
        "separated": false
      },
      "ent_Issuer_Corporate_\u2014_current": {
        "coef": 2.285991613989547,
        "se": 0.9423232335580449,
        "p": 0.015270045039469698,
        "separated": false
      },
      "ent_Issuer_Corporate_\u2014_former": {
        "coef": -5.445267490349628,
        "se": 46.18130967416087,
        "p": 0.9061384675262469,
        "separated": true
      },
      "ent_Investment_professional": {
        "coef": 0.07769637714446052,
        "se": 1.1251275514309542,
        "p": 0.944945349238782,
        "separated": false
      },
      "ent_Academic_researcher": {
        "coef": 0.8259292642505759,
        "se": 1.1842310120618178,
        "p": 0.48552790556463155,
        "separated": false
      },
      "ent_Industry_practitioner_technologist": {
        "coef": 0.49845677951838685,
        "se": 1.0904436387888994,
        "p": 0.6475892886079557,
        "separated": false
      },
      "ent_Legal_practitioner": {
        "coef": 1.5940639264764898,
        "se": 1.3632781722901248,
        "p": 0.24228787657337836,
        "separated": false
      },
      "ent_Trade_association_advocacy_organization": {
        "coef": 1.860383784170778,
        "se": 1.1789095020500708,
        "p": 0.11455302371457705,
        "separated": false
      },
      "ent_Student": {
        "coef": 2.4425954158552035,
        "se": 1.129403981228209,
        "p": 0.030561983388761396,
        "separated": false
      },
      "log_words": {
        "coef": 0.8319618383141869,
        "se": 0.20567216896038754,
        "p": 5.230367351749732e-05,
        "separated": false
      }
    }
  },
  "lpm": {
    "n": 2123,
    "r2": 0.08135371847531636,
    "adj_r2": 0.07700406752112765,
    "cov_type": "HC1",
    "by_var": {
      "const": {
        "coef": -0.046545885928218234,
        "se": 0.017321485489090866,
        "p": 0.00720589001488077,
        "separated": false
      },
      "ent_Accountant_CPA": {
        "coef": 0.018407465420652174,
        "se": 0.03409804420767992,
        "p": 0.5893078394106177,
        "separated": false
      },
      "ent_Issuer_Corporate_\u2014_current": {
        "coef": 0.12386742292214988,
        "se": 0.09126599956533316,
        "p": 0.17471346520848063,
        "separated": false
      },
      "ent_Issuer_Corporate_\u2014_former": {
        "coef": -0.013054230269806729,
        "se": 0.0038834630281371777,
        "p": 0.0007752257563704056,
        "separated": true
      },
      "ent_Investment_professional": {
        "coef": 0.003262125149952752,
        "se": 0.023804970470057737,
        "p": 0.8910027640990844,
        "separated": false
      },
      "ent_Academic_researcher": {
        "coef": 0.19356447169705493,
        "se": 0.14747577713961862,
        "p": 0.18934573767605434,
        "separated": false
      },
      "ent_Industry_practitioner_technologist": {
        "coef": 0.008563335086520098,
        "se": 0.027449682941728844,
        "p": 0.755067268194784,
        "separated": false
      },
      "ent_Legal_practitioner": {
        "coef": 0.10028582731224406,
        "se": 0.10873670881858624,
        "p": 0.35638189362045625,
        "separated": false
      },
      "ent_Trade_association_advocacy_organization": {
        "coef": 0.3462297039364809,
        "se": 0.21769975775132042,
        "p": 0.11174466081315752,
        "separated": false
      },
      "ent_Student": {
        "coef": 0.10746470225800389,
        "se": 0.11997498585441323,
        "p": 0.3703991737018305,
        "separated": false
      },
      "log_words": {
        "coef": 0.013885983489289261,
        "se": 0.004623250229007367,
        "p": 0.0026688379263148016,
        "separated": false
      }
    }
  },
  "ordinal": {
    "n": 2164,
    "ll": -273.34383556506316,
    "mcfadden": 0.19395155405742415,
    "n_oppose": 2098,
    "n_conditional": 41,
    "n_support": 25,
    "cutpoints": [
      7.48171104747461,
      8.65005402076017
    ],
    "by_var": {
      "ent_Accountant_CPA": {
        "coef": 1.0515543519845154,
        "se": 0.687243927294515,
        "p": 0.1259911072054884,
        "separated": false
      },
      "ent_Issuer_Corporate_\u2014_current": {
        "coef": 2.4149941516577087,
        "se": 0.5217327494324108,
        "p": 3.6779892522328974e-06,
        "separated": false
      },
      "ent_Issuer_Corporate_\u2014_former": {
        "coef": 2.159816886622427,
        "se": 0.6710302698645475,
        "p": 0.0012879203428174375,
        "separated": false
      },
      "ent_Investment_professional": {
        "coef": -0.07112327946533568,
        "se": 0.7899694758253344,
        "p": 0.928261033702688,
        "separated": false
      },
      "ent_Academic_researcher": {
        "coef": 1.0197557653465474,
        "se": 0.7294124760340972,
        "p": 0.16209778410266773,
        "separated": false
      },
      "ent_Industry_practitioner_technologist": {
        "coef": 0.3745115606060215,
        "se": 0.7002441451260174,
        "p": 0.5927674315907311,
        "separated": false
      },
      "ent_Legal_practitioner": {
        "coef": 1.0394422435066615,
        "se": 1.176034686518646,
        "p": 0.37677536141583945,
        "separated": false
      },
      "ent_Trade_association_advocacy_organization": {
        "coef": 1.3739418975657482,
        "se": 1.0669343222604077,
        "p": 0.19783390835297765,
        "separated": false
      },
      "ent_Student": {
        "coef": 1.5124106537940092,
        "se": 1.1126747862245157,
        "p": 0.17406526099989106,
        "separated": false
      },
      "log_words": {
        "coef": 0.8439292540222066,
        "se": 0.12735473081219548,
        "p": 3.434995865364343e-11,
        "separated": false
      },
      "0/1": {
        "coef": 7.48171104747461,
        "se": 0.5950743289356077,
        "p": 2.982305130553124e-36,
        "separated": false
      },
      "1/2": {
        "coef": 0.15558648281341306,
        "se": 0.15709042269429985,
        "p": 0.3219658060449676,
        "separated": false
      }
    }
  },
  "po_lr_test": {
    "lr": 12.9185537526389,
    "df": 10,
    "p": 0.22826129437445397,
    "ordinal_ll": -273.34383556506316,
    "multinomial_ll": -266.8845586887437
  },
  "var_order": [
    "const",
    "ent_Accountant_CPA",
    "ent_Issuer_Corporate_\u2014_current",
    "ent_Issuer_Corporate_\u2014_former",
    "ent_Investment_professional",
    "ent_Academic_researcher",
    "ent_Industry_practitioner_technologist",
    "ent_Legal_practitioner",
    "ent_Trade_association_advocacy_organization",
    "ent_Student",
    "log_words"
  ],
  "labels": {
    "const": "Constant",
    "log_words": "log(words+1)",
    "ent_Accountant_CPA": "Accountant CPA",
    "ent_Issuer_Corporate_\u2014_current": "Issuer-current",
    "ent_Issuer_Corporate_\u2014_former": "Issuer-former",
    "ent_Investment_professional": "Investment prof.",
    "ent_Academic_researcher": "Academic",
    "ent_Industry_practitioner_technologist": "Industry pract.",
    "ent_Legal_practitioner": "Legal pract.",
    "ent_Trade_association_advocacy_organization": "Trade assoc.",
    "ent_Student": "Student"
  }
}