{
  "as_of": "2026-05-31",
  "n_records": 462,
  "logit": {
    "n": 429,
    "ll": -37.98969600398061,
    "mcfadden": 0.19973258495478996,
    "n_support": 10,
    "n_oppose": 419,
    "by_var": {
      "const": {
        "coef": -7.172890787462178,
        "se": 1.5583619605279215,
        "p": 4.167683781723243e-06,
        "separated": false
      },
      "ent_Accountant_CPA": {
        "coef": 1.5199534218675408,
        "se": 1.1375910141815941,
        "p": 0.18151139948054473,
        "separated": false
      },
      "ent_Issuer_Corporate_\u2014_current": {
        "coef": 2.0087352355540182,
        "se": 1.2562253553226725,
        "p": 0.10981513856744347,
        "separated": false
      },
      "ent_Issuer_Corporate_\u2014_former": {
        "coef": -6.4619097295307935,
        "se": 87.38822370489174,
        "p": 0.9410542625787165,
        "separated": true
      },
      "ent_Investment_professional": {
        "coef": -11.73391952937609,
        "se": 614.6995973864646,
        "p": 0.9847702117909836,
        "separated": true
      },
      "ent_Academic_researcher": {
        "coef": 1.4216555194721991,
        "se": 1.6557033798344698,
        "p": 0.3905383727148136,
        "separated": false
      },
      "ent_Industry_practitioner_technologist": {
        "coef": -12.958879514892935,
        "se": 930.9745616038242,
        "p": 0.9888940510009139,
        "separated": true
      },
      "ent_Student": {
        "coef": 2.9894777158579195,
        "se": 1.3527638418279166,
        "p": 0.027111851712073833,
        "separated": false
      },
      "log_words": {
        "coef": 0.7135661030164364,
        "se": 0.32086325906596774,
        "p": 0.0261555293806496,
        "separated": false
      }
    }
  },
  "lpm": {
    "n": 429,
    "r2": 0.09371579599624935,
    "adj_r2": 0.07645323972951135,
    "cov_type": "HC1",
    "by_var": {
      "const": {
        "coef": -0.041107118346731336,
        "se": 0.026841628077689583,
        "p": 0.12565354957181904,
        "separated": false
      },
      "ent_Accountant_CPA": {
        "coef": 0.05665468699775378,
        "se": 0.07426116910437594,
        "p": 0.4455162810738915,
        "separated": false
      },
      "ent_Issuer_Corporate_\u2014_current": {
        "coef": 0.16662869244132167,
        "se": 0.18832708530892267,
        "p": 0.37627342528982255,
        "separated": false
      },
      "ent_Issuer_Corporate_\u2014_former": {
        "coef": -0.02242258850313742,
        "se": 0.009433624590070704,
        "p": 0.017459792797590787,
        "separated": true
      },
      "ent_Investment_professional": {
        "coef": -0.025828408989309166,
        "se": 0.01186661941634935,
        "p": 0.02951341343878114,
        "separated": true
      },
      "ent_Academic_researcher": {
        "coef": 0.2728760757901576,
        "se": 0.26023130764752817,
        "p": 0.2943666322118589,
        "separated": false
      },
      "ent_Industry_practitioner_technologist": {
        "coef": -0.02959599663279782,
        "se": 0.01400418552261854,
        "p": 0.0345692882577304,
        "separated": true
      },
      "ent_Student": {
        "coef": 0.3042380008481169,
        "se": 0.28425575640375683,
        "p": 0.2844857748918257,
        "separated": false
      },
      "log_words": {
        "coef": 0.014718125466024625,
        "se": 0.008064809100001928,
        "p": 0.06800385748049319,
        "separated": false
      }
    }
  },
  "ordinal": {
    "n": 454,
    "ll": -110.55778955521178,
    "mcfadden": 0.2335706588091817,
    "n_oppose": 419,
    "n_conditional": 25,
    "n_support": 10,
    "cutpoints": [
      6.295199492370069,
      7.9173148397019375
    ],
    "by_var": {
      "ent_Accountant_CPA": {
        "coef": 1.6275874932675654,
        "se": 0.7124288773678156,
        "p": 0.022338560132111406,
        "separated": false
      },
      "ent_Issuer_Corporate_\u2014_current": {
        "coef": 2.3393958787337827,
        "se": 0.6674280629076126,
        "p": 0.0004564517964234535,
        "separated": false
      },
      "ent_Issuer_Corporate_\u2014_former": {
        "coef": 1.7823283862762962,
        "se": 0.8639925476323562,
        "p": 0.039122332538516685,
        "separated": false
      },
      "ent_Investment_professional": {
        "coef": -11.427150978702443,
        "se": 312.5101156763633,
        "p": 0.970831293068573,
        "separated": true
      },
      "ent_Academic_researcher": {
        "coef": 1.9734148923885724,
        "se": 0.882684504004023,
        "p": 0.025371640923871498,
        "separated": false
      },
      "ent_Industry_practitioner_technologist": {
        "coef": -0.6573512067812012,
        "se": 1.1426377719909093,
        "p": 0.5650933353664386,
        "separated": false
      },
      "ent_Student": {
        "coef": 2.169142962384236,
        "se": 1.4058762788781394,
        "p": 0.12285220113609237,
        "separated": false
      },
      "log_words": {
        "coef": 0.7456950288735241,
        "se": 0.18587955363888073,
        "p": 6.02802951733899e-05,
        "separated": false
      },
      "0/1": {
        "coef": 6.295199492370069,
        "se": 0.9123250104465054,
        "p": 5.193961307727772e-12,
        "separated": false
      },
      "1/2": {
        "coef": 0.48373106742604655,
        "se": 0.20090731091001987,
        "p": 0.016051936468530596,
        "separated": false
      }
    }
  },
  "po_lr_test": {
    "lr": 11.545035952444579,
    "df": 8,
    "p": 0.17268654521102966,
    "ordinal_ll": -110.55778955521178,
    "multinomial_ll": -104.7852715789895
  },
  "var_order": [
    "const",
    "ent_Accountant_CPA",
    "ent_Issuer_Corporate_\u2014_current",
    "ent_Issuer_Corporate_\u2014_former",
    "ent_Investment_professional",
    "ent_Academic_researcher",
    "ent_Industry_practitioner_technologist",
    "ent_Student",
    "log_words"
  ],
  "labels": {
    "const": "Constant",
    "log_words": "log(words+1)",
    "ent_Accountant_CPA": "Accountant CPA",
    "ent_Issuer_Corporate_\u2014_current": "Issuer-current",
    "ent_Issuer_Corporate_\u2014_former": "Issuer-former",
    "ent_Investment_professional": "Investment prof.",
    "ent_Academic_researcher": "Academic",
    "ent_Industry_practitioner_technologist": "Industry pract.",
    "ent_Student": "Student"
  }
}