{
  "as_of": "2026-05-21",
  "n_records": 302,
  "logit": {
    "n": 262,
    "ll": -31.563747170289144,
    "mcfadden": 0.1944673763393585,
    "n_support": 9,
    "n_oppose": 253,
    "by_var": {
      "const": {
        "coef": -5.909636802817901,
        "se": 1.5401229819477598,
        "p": 0.00012448561576449923,
        "separated": false
      },
      "ent_Accountant_CPA": {
        "coef": 1.4288700453573353,
        "se": 1.1547700007056108,
        "p": 0.21595222877408948,
        "separated": false
      },
      "ent_Issuer_Corporate_\u2014_current": {
        "coef": 1.8444702969406672,
        "se": 1.2554829322999408,
        "p": 0.14179695829350947,
        "separated": false
      },
      "ent_Issuer_Corporate_\u2014_former": {
        "coef": -23.837682982031208,
        "se": 425790.60390492197,
        "p": 0.9999553308151182,
        "separated": true
      },
      "ent_Investment_professional": {
        "coef": -44.17530266262906,
        "se": 6666883256.707518,
        "p": 0.9999999947131529,
        "separated": true
      },
      "ent_Academic_researcher": {
        "coef": 1.6073821634231507,
        "se": 1.6138679105548837,
        "p": 0.3192592601193752,
        "separated": false
      },
      "ent_Industry_practitioner_technologist": {
        "coef": -50.84815786993933,
        "se": 168793976783.6107,
        "p": 0.9999999997596422,
        "separated": true
      },
      "ent_Student": {
        "coef": 3.5235228477857503,
        "se": 1.549028064924842,
        "p": 0.02292592026895579,
        "separated": false
      },
      "log_words": {
        "coef": 0.5124719064185658,
        "se": 0.32253406390680395,
        "p": 0.11208469884000112,
        "separated": false
      }
    }
  },
  "lpm": {
    "n": 262,
    "r2": 0.11637395306268328,
    "adj_r2": 0.08843320849549541,
    "cov_type": "HC1",
    "by_var": {
      "const": {
        "coef": -0.03853826619287634,
        "se": 0.034772944909592325,
        "p": 0.2677395840466765,
        "separated": false
      },
      "ent_Accountant_CPA": {
        "coef": 0.0657239591188378,
        "se": 0.08777066922722186,
        "p": 0.45396895489181865,
        "separated": false
      },
      "ent_Issuer_Corporate_\u2014_current": {
        "coef": 0.15910876342510902,
        "se": 0.19144998332775248,
        "p": 0.4059328298400354,
        "separated": false
      },
      "ent_Issuer_Corporate_\u2014_former": {
        "coef": -0.029214683264943045,
        "se": 0.013316114231410738,
        "p": 0.02824011415514586,
        "separated": true
      },
      "ent_Investment_professional": {
        "coef": -0.031880321647305365,
        "se": 0.015611482997427813,
        "p": 0.04114090002198291,
        "separated": true
      },
      "ent_Academic_researcher": {
        "coef": 0.26355556333474667,
        "se": 0.2598789109552071,
        "p": 0.3105123470358925,
        "separated": false
      },
      "ent_Industry_practitioner_technologist": {
        "coef": -0.03425887343580635,
        "se": 0.01710525861312747,
        "p": 0.045195862974496175,
        "separated": true
      },
      "ent_Student": {
        "coef": 0.46545381778222084,
        "se": 0.3735854707977803,
        "p": 0.21279749357782163,
        "separated": false
      },
      "log_words": {
        "coef": 0.015696537262007718,
        "se": 0.01034023005470792,
        "p": 0.1290127398888789,
        "separated": false
      }
    }
  },
  "ordinal": {
    "n": 287,
    "ll": -97.76235022612028,
    "mcfadden": 0.21208282988196692,
    "n_oppose": 253,
    "n_conditional": 25,
    "n_support": 9,
    "cutpoints": [
      5.3493337700370915,
      7.101791370907947
    ],
    "by_var": {
      "ent_Accountant_CPA": {
        "coef": 1.4296172385291324,
        "se": 0.7262432442855457,
        "p": 0.04900936296052523,
        "separated": false
      },
      "ent_Issuer_Corporate_\u2014_current": {
        "coef": 2.032279857744456,
        "se": 0.6688663497666995,
        "p": 0.002378423453209712,
        "separated": false
      },
      "ent_Issuer_Corporate_\u2014_former": {
        "coef": 1.360640199246411,
        "se": 0.8663111496876875,
        "p": 0.11627239528956887,
        "separated": false
      },
      "ent_Investment_professional": {
        "coef": -14.460116645819095,
        "se": 1291.245690388687,
        "p": 0.9910650136066396,
        "separated": true
      },
      "ent_Academic_researcher": {
        "coef": 1.8238948393414638,
        "se": 0.8703167369866567,
        "p": 0.03611166223680382,
        "separated": false
      },
      "ent_Industry_practitioner_technologist": {
        "coef": -0.7001261794226782,
        "se": 1.133711322252074,
        "p": 0.5368704116498917,
        "separated": false
      },
      "ent_Student": {
        "coef": 3.253412953998267,
        "se": 1.9398112924927602,
        "p": 0.09350726350576986,
        "separated": false
      },
      "log_words": {
        "coef": 0.6384010776612221,
        "se": 0.18089495268656264,
        "p": 0.000416934595493594,
        "separated": false
      },
      "0/1": {
        "coef": 5.3493337700370915,
        "se": 0.8926634710785605,
        "p": 2.065712145431493e-09,
        "separated": false
      },
      "1/2": {
        "coef": 0.5610191461223034,
        "se": 0.1997793409915496,
        "p": 0.004982020473983008,
        "separated": false
      }
    }
  },
  "po_lr_test": {
    "lr": 9.706359996060542,
    "df": 8,
    "p": 0.28624339567290735,
    "ordinal_ll": -97.76235022612028,
    "multinomial_ll": -92.90917022809
  },
  "var_order": [
    "const",
    "ent_Accountant_CPA",
    "ent_Issuer_Corporate_\u2014_current",
    "ent_Issuer_Corporate_\u2014_former",
    "ent_Investment_professional",
    "ent_Academic_researcher",
    "ent_Industry_practitioner_technologist",
    "ent_Student",
    "log_words"
  ],
  "labels": {
    "const": "Constant",
    "log_words": "log(words+1)",
    "ent_Accountant_CPA": "Accountant CPA",
    "ent_Issuer_Corporate_\u2014_current": "Issuer-current",
    "ent_Issuer_Corporate_\u2014_former": "Issuer-former",
    "ent_Investment_professional": "Investment prof.",
    "ent_Academic_researcher": "Academic",
    "ent_Industry_practitioner_technologist": "Industry pract.",
    "ent_Student": "Student"
  }
}