{
  "as_of": "2026-06-03",
  "n_records": 622,
  "logit": {
    "n": 586,
    "ll": -49.71867109162013,
    "mcfadden": 0.1506489169293319,
    "n_support": 12,
    "n_oppose": 574,
    "by_var": {
      "const": {
        "coef": -6.309216845700551,
        "se": 1.333584411503062,
        "p": 2.2339259099742202e-06,
        "separated": false
      },
      "ent_Accountant_CPA": {
        "coef": 1.5765625506254657,
        "se": 1.1104512672563727,
        "p": 0.1556806428540012,
        "separated": false
      },
      "ent_Issuer_Corporate_\u2014_current": {
        "coef": 2.2320042240392435,
        "se": 1.2276928769276816,
        "p": 0.06905684095448096,
        "separated": false
      },
      "ent_Issuer_Corporate_\u2014_former": {
        "coef": -27.557041302348214,
        "se": 3322867.031981864,
        "p": 0.9999933830220756,
        "separated": true
      },
      "ent_Investment_professional": {
        "coef": -19.57200257687614,
        "se": 30784.2384330835,
        "p": 0.9994927210019512,
        "separated": true
      },
      "ent_Academic_researcher": {
        "coef": 1.9909574284230966,
        "se": 1.5699529295618104,
        "p": 0.2047394716804548,
        "separated": false
      },
      "ent_Industry_practitioner_technologist": {
        "coef": -22.211476285533024,
        "se": 108921.08290451208,
        "p": 0.999837293264027,
        "separated": true
      },
      "ent_Student": {
        "coef": 3.1160243792864493,
        "se": 1.315834970523395,
        "p": 0.01787986464284358,
        "separated": false
      },
      "log_words": {
        "coef": 0.5147066865045743,
        "se": 0.2911088707030061,
        "p": 0.07704585704793762,
        "separated": false
      }
    }
  },
  "lpm": {
    "n": 586,
    "r2": 0.07493832332623174,
    "adj_r2": 0.06211251151792985,
    "cov_type": "HC1",
    "by_var": {
      "const": {
        "coef": -0.024216303782758207,
        "se": 0.02452891542049631,
        "p": 0.32351745747860394,
        "separated": false
      },
      "ent_Accountant_CPA": {
        "coef": 0.05894156227324541,
        "se": 0.07409327971257638,
        "p": 0.4263198994080828,
        "separated": false
      },
      "ent_Issuer_Corporate_\u2014_current": {
        "coef": 0.173009769091914,
        "se": 0.18569697681020986,
        "p": 0.35150301185902955,
        "separated": false
      },
      "ent_Issuer_Corporate_\u2014_former": {
        "coef": -0.01946260186219834,
        "se": 0.007326931925191539,
        "p": 0.007900097646836452,
        "separated": true
      },
      "ent_Investment_professional": {
        "coef": -0.021048716361160267,
        "se": 0.008578005627692861,
        "p": 0.014135529380734976,
        "separated": true
      },
      "ent_Academic_researcher": {
        "coef": 0.2877205601164463,
        "se": 0.2633415583426219,
        "p": 0.27458018231453096,
        "separated": false
      },
      "ent_Industry_practitioner_technologist": {
        "coef": -0.02439457199687349,
        "se": 0.010753784009938988,
        "p": 0.02330094020422372,
        "separated": true
      },
      "ent_Student": {
        "coef": 0.30928298552930045,
        "se": 0.2806847943527551,
        "p": 0.270510708744362,
        "separated": false
      },
      "log_words": {
        "coef": 0.010119228395313122,
        "se": 0.006902835890108276,
        "p": 0.14266127258214945,
        "separated": false
      }
    }
  },
  "ordinal": {
    "n": 611,
    "ll": -126.64170395314538,
    "mcfadden": 0.2226955278600935,
    "n_oppose": 574,
    "n_conditional": 25,
    "n_support": 12,
    "cutpoints": [
      6.244150688800624,
      7.6714269464205165
    ],
    "by_var": {
      "ent_Accountant_CPA": {
        "coef": 1.8269546801468803,
        "se": 0.7020595995866753,
        "p": 0.009260658475554743,
        "separated": false
      },
      "ent_Issuer_Corporate_\u2014_current": {
        "coef": 2.5560409689599095,
        "se": 0.6517259993367351,
        "p": 8.783287988296585e-05,
        "separated": false
      },
      "ent_Issuer_Corporate_\u2014_former": {
        "coef": 1.982672712727957,
        "se": 0.8555049672298842,
        "p": 0.020473969866170057,
        "separated": false
      },
      "ent_Investment_professional": {
        "coef": -12.834649038220228,
        "se": 662.118733846973,
        "p": 0.9845346060878943,
        "separated": true
      },
      "ent_Academic_researcher": {
        "coef": 2.240366548316048,
        "se": 0.8592289193406638,
        "p": 0.00912286630610388,
        "separated": false
      },
      "ent_Industry_practitioner_technologist": {
        "coef": -0.3494013760127508,
        "se": 1.127475626644754,
        "p": 0.7566392425904283,
        "separated": false
      },
      "ent_Student": {
        "coef": 2.4061525414018092,
        "se": 1.3873019012489165,
        "p": 0.08284507434071348,
        "separated": false
      },
      "log_words": {
        "coef": 0.6875150169315041,
        "se": 0.17256087952934948,
        "p": 6.77112013328085e-05,
        "separated": false
      },
      "0/1": {
        "coef": 6.244150688800624,
        "se": 0.8344565441157038,
        "p": 7.270297687695562e-14,
        "separated": false
      },
      "1/2": {
        "coef": 0.3557679130444772,
        "se": 0.20014743725056205,
        "p": 0.07548121171945021,
        "separated": false
      }
    }
  },
  "po_lr_test": {
    "lr": 14.543976736563764,
    "df": 8,
    "p": 0.06864310681945562,
    "ordinal_ll": -126.64170395314538,
    "multinomial_ll": -119.3697155848635
  },
  "var_order": [
    "const",
    "ent_Accountant_CPA",
    "ent_Issuer_Corporate_\u2014_current",
    "ent_Issuer_Corporate_\u2014_former",
    "ent_Investment_professional",
    "ent_Academic_researcher",
    "ent_Industry_practitioner_technologist",
    "ent_Student",
    "log_words"
  ],
  "labels": {
    "const": "Constant",
    "log_words": "log(words+1)",
    "ent_Accountant_CPA": "Accountant CPA",
    "ent_Issuer_Corporate_\u2014_current": "Issuer-current",
    "ent_Issuer_Corporate_\u2014_former": "Issuer-former",
    "ent_Investment_professional": "Investment prof.",
    "ent_Academic_researcher": "Academic",
    "ent_Industry_practitioner_technologist": "Industry pract.",
    "ent_Student": "Student"
  }
}