{
  "as_of": "2026-06-25",
  "n_records": 2190,
  "logit": {
    "n": 2119,
    "ll": -106.58476532097193,
    "mcfadden": 0.18884687132489786,
    "n_support": 24,
    "n_oppose": 2095,
    "by_var": {
      "const": {
        "coef": -8.29907569105603,
        "se": 0.9555441060640935,
        "p": 3.7813220508263075e-18,
        "separated": false
      },
      "ent_Accountant_CPA": {
        "coef": 0.7961971665403413,
        "se": 1.1311683904230705,
        "p": 0.4815128153290156,
        "separated": false
      },
      "ent_Issuer_Corporate_\u2014_current": {
        "coef": 2.2978167239494267,
        "se": 0.9399377342716418,
        "p": 0.014499365353852186,
        "separated": false
      },
      "ent_Issuer_Corporate_\u2014_former": {
        "coef": -27.423739154385924,
        "se": 2738692.086708847,
        "p": 0.9999920104278328,
        "separated": true
      },
      "ent_Investment_professional": {
        "coef": 0.24188422639500015,
        "se": 1.1257788434672715,
        "p": 0.8298768984536402,
        "separated": false
      },
      "ent_Academic_researcher": {
        "coef": 0.5185566977040599,
        "se": 1.4069359908462788,
        "p": 0.712447041692075,
        "separated": false
      },
      "ent_Industry_practitioner_technologist": {
        "coef": 0.5163318567602776,
        "se": 1.0924949724720008,
        "p": 0.6364863470034337,
        "separated": false
      },
      "ent_Legal_practitioner": {
        "coef": 1.645576038553961,
        "se": 1.3487234914730852,
        "p": 0.2224273882739789,
        "separated": false
      },
      "ent_Trade_association_advocacy_organization": {
        "coef": 1.9236280574906768,
        "se": 1.1798052543455189,
        "p": 0.10300381449901388,
        "separated": false
      },
      "ent_Student": {
        "coef": 2.4512013609480996,
        "se": 1.1294638132295807,
        "p": 0.02998908394251513,
        "separated": false
      },
      "log_words": {
        "coef": 0.8120570246502996,
        "se": 0.20647692525620281,
        "p": 8.392051881418567e-05,
        "separated": false
      }
    }
  },
  "lpm": {
    "n": 2119,
    "r2": 0.07052568776890755,
    "adj_r2": 0.06611641683802005,
    "cov_type": "HC1",
    "by_var": {
      "const": {
        "coef": -0.04404207568241307,
        "se": 0.017420365428354897,
        "p": 0.011465074931883638,
        "separated": false
      },
      "ent_Accountant_CPA": {
        "coef": 0.018824827042327064,
        "se": 0.03409424098897458,
        "p": 0.5808517789291854,
        "separated": false
      },
      "ent_Issuer_Corporate_\u2014_current": {
        "coef": 0.12442073761125264,
        "se": 0.09134118508419226,
        "p": 0.17314936895433974,
        "separated": false
      },
      "ent_Issuer_Corporate_\u2014_former": {
        "coef": -0.012777796113319872,
        "se": 0.0038314268020903388,
        "p": 0.0008530038175439597,
        "separated": true
      },
      "ent_Investment_professional": {
        "coef": 0.006672645541680777,
        "se": 0.025137998114979566,
        "p": 0.7906700559036668,
        "separated": false
      },
      "ent_Academic_researcher": {
        "coef": 0.11643904228245582,
        "se": 0.1463457204624311,
        "p": 0.4262391916393038,
        "separated": false
      },
      "ent_Industry_practitioner_technologist": {
        "coef": 0.009092111461256233,
        "se": 0.027440539306250494,
        "p": 0.7403886942087541,
        "separated": false
      },
      "ent_Legal_practitioner": {
        "coef": 0.10110617801967506,
        "se": 0.10901460082529697,
        "p": 0.3536901485341778,
        "separated": false
      },
      "ent_Trade_association_advocacy_organization": {
        "coef": 0.34840547355114637,
        "se": 0.21780349271730937,
        "p": 0.10968020757563564,
        "separated": false
      },
      "ent_Student": {
        "coef": 0.10795017061694569,
        "se": 0.11987516732966856,
        "p": 0.3678427661878364,
        "separated": false
      },
      "log_words": {
        "coef": 0.013238225895358885,
        "se": 0.004649126447400201,
        "p": 0.004406890831828643,
        "separated": false
      }
    }
  },
  "ordinal": {
    "n": 2160,
    "ll": -271.5312397836485,
    "mcfadden": 0.18835274932030222,
    "n_oppose": 2095,
    "n_conditional": 41,
    "n_support": 24,
    "cutpoints": [
      7.460989097531198,
      8.647261048867733
    ],
    "by_var": {
      "ent_Accountant_CPA": {
        "coef": 1.0558116774199051,
        "se": 0.6868042504747522,
        "p": 0.12422431529329811,
        "separated": false
      },
      "ent_Issuer_Corporate_\u2014_current": {
        "coef": 2.424817587783273,
        "se": 0.5215122780380254,
        "p": 3.3259764543693525e-06,
        "separated": false
      },
      "ent_Issuer_Corporate_\u2014_former": {
        "coef": 2.1616916018520325,
        "se": 0.6711661989626121,
        "p": 0.0012783364962560553,
        "separated": false
      },
      "ent_Investment_professional": {
        "coef": 0.09325015645061203,
        "se": 0.7884986771848442,
        "p": 0.9058593362505147,
        "separated": false
      },
      "ent_Academic_researcher": {
        "coef": 1.024882615149389,
        "se": 0.7677871041622485,
        "p": 0.18192459273316686,
        "separated": false
      },
      "ent_Industry_practitioner_technologist": {
        "coef": 0.3940572335784179,
        "se": 0.6973251930780309,
        "p": 0.5720069511512836,
        "separated": false
      },
      "ent_Legal_practitioner": {
        "coef": 1.0554402459509418,
        "se": 1.172354771228798,
        "p": 0.3679745780134491,
        "separated": false
      },
      "ent_Trade_association_advocacy_organization": {
        "coef": 1.3971917727239624,
        "se": 1.067391783201739,
        "p": 0.1905419899346421,
        "separated": false
      },
      "ent_Student": {
        "coef": 1.5159816433737083,
        "se": 1.1123031917458002,
        "p": 0.1729073344805474,
        "separated": false
      },
      "log_words": {
        "coef": 0.8392979424620465,
        "se": 0.12752181937596527,
        "p": 4.654040619349068e-11,
        "separated": false
      },
      "0/1": {
        "coef": 7.460989097531198,
        "se": 0.5953256604005859,
        "p": 4.950119365996973e-36,
        "separated": false
      },
      "1/2": {
        "coef": 0.17081557558557137,
        "se": 0.15744442166920405,
        "p": 0.2779543499486178,
        "separated": false
      }
    }
  },
  "po_lr_test": {
    "lr": 14.792949370221095,
    "df": 10,
    "p": 0.13979486591206025,
    "ordinal_ll": -271.5312397836485,
    "multinomial_ll": -264.13476509853797
  },
  "var_order": [
    "const",
    "ent_Accountant_CPA",
    "ent_Issuer_Corporate_\u2014_current",
    "ent_Issuer_Corporate_\u2014_former",
    "ent_Investment_professional",
    "ent_Academic_researcher",
    "ent_Industry_practitioner_technologist",
    "ent_Legal_practitioner",
    "ent_Trade_association_advocacy_organization",
    "ent_Student",
    "log_words"
  ],
  "labels": {
    "const": "Constant",
    "log_words": "log(words+1)",
    "ent_Accountant_CPA": "Accountant CPA",
    "ent_Issuer_Corporate_\u2014_current": "Issuer-current",
    "ent_Issuer_Corporate_\u2014_former": "Issuer-former",
    "ent_Investment_professional": "Investment prof.",
    "ent_Academic_researcher": "Academic",
    "ent_Industry_practitioner_technologist": "Industry pract.",
    "ent_Legal_practitioner": "Legal pract.",
    "ent_Trade_association_advocacy_organization": "Trade assoc.",
    "ent_Student": "Student"
  }
}