{
  "as_of": "2026-06-17",
  "n_records": 1854,
  "logit": {
    "n": 1786,
    "ll": -100.53106267109239,
    "mcfadden": 0.11956569232365044,
    "n_support": 21,
    "n_oppose": 1765,
    "by_var": {
      "const": {
        "coef": -6.981889930890976,
        "se": 1.0726066194239738,
        "p": 7.551508275626659e-11,
        "separated": false
      },
      "ent_Accountant_CPA": {
        "coef": 1.220255082089629,
        "se": 1.076604803640094,
        "p": 0.25703415078539316,
        "separated": false
      },
      "ent_Issuer_Corporate_\u2014_current": {
        "coef": 2.116859450410952,
        "se": 1.1058073426945485,
        "p": 0.05558039621287314,
        "separated": false
      },
      "ent_Issuer_Corporate_\u2014_former": {
        "coef": -14.738158501509329,
        "se": 4970.63577207489,
        "p": 0.9976342398775753,
        "separated": true
      },
      "ent_Investment_professional": {
        "coef": -32.609841224248626,
        "se": 20956933.856870867,
        "p": 0.9999987584591801,
        "separated": true
      },
      "ent_Academic_researcher": {
        "coef": 1.7027076979486586,
        "se": 1.4274249550608427,
        "p": 0.23292707025221693,
        "separated": false
      },
      "ent_Industry_practitioner_technologist": {
        "coef": 0.9638413955461436,
        "se": 1.0762221042826405,
        "p": 0.37047791397413143,
        "separated": false
      },
      "ent_Legal_practitioner": {
        "coef": 2.721951620534658,
        "se": 1.129220004650755,
        "p": 0.015931955388992506,
        "separated": false
      },
      "ent_Trade_association_advocacy_organization": {
        "coef": 2.7011462930710075,
        "se": 1.4082489864260344,
        "p": 0.05509978076400504,
        "separated": false
      },
      "ent_Student": {
        "coef": 2.6711808385387905,
        "se": 1.1316102698059909,
        "p": 0.018249674944230392,
        "separated": false
      },
      "log_words": {
        "coef": 0.544630106981126,
        "se": 0.2434678543670098,
        "p": 0.02528834895376853,
        "separated": false
      }
    }
  },
  "lpm": {
    "n": 1786,
    "r2": 0.04406353532323215,
    "adj_r2": 0.03867797777575743,
    "cov_type": "HC1",
    "by_var": {
      "const": {
        "coef": -0.01968845290490624,
        "se": 0.013599484193324135,
        "p": 0.1476911022605376,
        "separated": false
      },
      "ent_Accountant_CPA": {
        "coef": 0.026324057697869885,
        "se": 0.03777622386803534,
        "p": 0.48590170656054743,
        "separated": false
      },
      "ent_Issuer_Corporate_\u2014_current": {
        "coef": 0.07785505938013092,
        "se": 0.08804184660721685,
        "p": 0.3765364065814546,
        "separated": false
      },
      "ent_Issuer_Corporate_\u2014_former": {
        "coef": -0.010558901483356297,
        "se": 0.0030928145799420073,
        "p": 0.0006401410618500371,
        "separated": true
      },
      "ent_Investment_professional": {
        "coef": -0.012748468442530456,
        "se": 0.004037926095208722,
        "p": 0.0015930176850886399,
        "separated": true
      },
      "ent_Academic_researcher": {
        "coef": 0.17006486720908726,
        "se": 0.1733148408893613,
        "p": 0.32647038431694775,
        "separated": false
      },
      "ent_Industry_practitioner_technologist": {
        "coef": 0.019148771847740997,
        "se": 0.032161026643790225,
        "p": 0.5515741185791425,
        "separated": false
      },
      "ent_Legal_practitioner": {
        "coef": 0.1304523348772854,
        "se": 0.1338648825420118,
        "p": 0.32980460647974585,
        "separated": false
      },
      "ent_Trade_association_advocacy_organization": {
        "coef": 0.3058915461789046,
        "se": 0.2709064419090632,
        "p": 0.25883839615524273,
        "separated": false
      },
      "ent_Student": {
        "coef": 0.1299532187835352,
        "se": 0.13431363190338522,
        "p": 0.3332763596546081,
        "separated": false
      },
      "log_words": {
        "coef": 0.007241178374180803,
        "se": 0.003750210157482248,
        "p": 0.05349879827733233,
        "separated": false
      }
    }
  },
  "ordinal": {
    "n": 1826,
    "ll": -262.0222588069668,
    "mcfadden": 0.14534442413072812,
    "n_oppose": 1765,
    "n_conditional": 40,
    "n_support": 21,
    "cutpoints": [
      6.540168988971275,
      7.74691003864686
    ],
    "by_var": {
      "ent_Accountant_CPA": {
        "coef": 1.3137740909073454,
        "se": 0.652578811535244,
        "p": 0.04409320206964475,
        "separated": false
      },
      "ent_Issuer_Corporate_\u2014_current": {
        "coef": 2.484093261871252,
        "se": 0.553903305617542,
        "p": 7.301467065707155e-06,
        "separated": false
      },
      "ent_Issuer_Corporate_\u2014_former": {
        "coef": 2.1853242913469364,
        "se": 0.669225383838685,
        "p": 0.001092889942824598,
        "separated": false
      },
      "ent_Investment_professional": {
        "coef": 0.0905271098792513,
        "se": 1.039317384311526,
        "p": 0.9305900631508787,
        "separated": false
      },
      "ent_Academic_researcher": {
        "coef": 2.068441402764464,
        "se": 0.7711409338058276,
        "p": 0.007311500131692101,
        "separated": false
      },
      "ent_Industry_practitioner_technologist": {
        "coef": 0.8553761787601103,
        "se": 0.6687352592416018,
        "p": 0.20086347127322368,
        "separated": false
      },
      "ent_Legal_practitioner": {
        "coef": 1.7906021573499042,
        "se": 1.1234332090113968,
        "p": 0.11096601875404975,
        "separated": false
      },
      "ent_Trade_association_advocacy_organization": {
        "coef": 1.8681214283355445,
        "se": 1.3245957444506506,
        "p": 0.15844130337221474,
        "separated": false
      },
      "ent_Student": {
        "coef": 1.7117088125022608,
        "se": 1.1228305117338813,
        "p": 0.12739415059963494,
        "separated": false
      },
      "log_words": {
        "coef": 0.6653577148085752,
        "se": 0.13866098295286597,
        "p": 1.598986659762883e-06,
        "separated": false
      },
      "0/1": {
        "coef": 6.540168988971275,
        "se": 0.6296247913414209,
        "p": 2.8294060173183054e-25,
        "separated": false
      },
      "1/2": {
        "coef": 0.18792337864725095,
        "se": 0.1607792081203596,
        "p": 0.24247258996187115,
        "separated": false
      }
    }
  },
  "po_lr_test": {
    "lr": 16.455326788614116,
    "df": 10,
    "p": 0.08731900986872176,
    "ordinal_ll": -262.0222588069668,
    "multinomial_ll": -253.79459541265976
  },
  "var_order": [
    "const",
    "ent_Accountant_CPA",
    "ent_Issuer_Corporate_\u2014_current",
    "ent_Issuer_Corporate_\u2014_former",
    "ent_Investment_professional",
    "ent_Academic_researcher",
    "ent_Industry_practitioner_technologist",
    "ent_Legal_practitioner",
    "ent_Trade_association_advocacy_organization",
    "ent_Student",
    "log_words"
  ],
  "labels": {
    "const": "Constant",
    "log_words": "log(words+1)",
    "ent_Accountant_CPA": "Accountant CPA",
    "ent_Issuer_Corporate_\u2014_current": "Issuer-current",
    "ent_Issuer_Corporate_\u2014_former": "Issuer-former",
    "ent_Investment_professional": "Investment prof.",
    "ent_Academic_researcher": "Academic",
    "ent_Industry_practitioner_technologist": "Industry pract.",
    "ent_Legal_practitioner": "Legal pract.",
    "ent_Trade_association_advocacy_organization": "Trade assoc.",
    "ent_Student": "Student"
  }
}