{
  "as_of": "2026-06-05",
  "n_records": 751,
  "logit": {
    "n": 684,
    "ll": -46.721660032958496,
    "mcfadden": 0.22659998914279156,
    "n_support": 12,
    "n_oppose": 672,
    "by_var": {
      "const": {
        "coef": -6.923577643576714,
        "se": 1.4104397065798726,
        "p": 9.163165616034463e-07,
        "separated": false
      },
      "ent_Accountant_CPA": {
        "coef": 1.5511985827177686,
        "se": 1.1224249650056064,
        "p": 0.1669697093236039,
        "separated": false
      },
      "ent_Issuer_Corporate_\u2014_current": {
        "coef": 2.457371670759754,
        "se": 1.2390325863549245,
        "p": 0.047334078774346366,
        "separated": false
      },
      "ent_Issuer_Corporate_\u2014_former": {
        "coef": -5.679797803506182,
        "se": 61.43057574864257,
        "p": 0.9263335175030223,
        "separated": true
      },
      "ent_Investment_professional": {
        "coef": -10.73317272490786,
        "se": 411.162376678069,
        "p": 0.9791740179464311,
        "separated": true
      },
      "ent_Academic_researcher": {
        "coef": 1.839586636371755,
        "se": 1.5056087918483765,
        "p": 0.22177477347330288,
        "separated": false
      },
      "ent_Industry_practitioner_technologist": {
        "coef": -12.179616521261634,
        "se": 756.2198945359911,
        "p": 0.9871498912870067,
        "separated": true
      },
      "ent_Legal_practitioner": {
        "coef": 43.66089020223838,
        "se": 98192658216.46992,
        "p": 0.9999999996452245,
        "separated": true
      },
      "ent_Trade_association_advocacy_organization": {
        "coef": 0.0,
        "se": 44757754481.96925,
        "p": 1.0,
        "separated": false
      },
      "ent_Student": {
        "coef": 3.3660705706575538,
        "se": 1.3307697613818326,
        "p": 0.01142524592836754,
        "separated": false
      },
      "log_words": {
        "coef": 0.5876084471088108,
        "se": 0.3028167494229454,
        "p": 0.05232194334212739,
        "separated": false
      }
    }
  },
  "lpm": {
    "n": 684,
    "r2": 0.15098750822521978,
    "adj_r2": 0.13965054616887995,
    "cov_type": "HC1",
    "by_var": {
      "const": {
        "coef": -0.025106938697897443,
        "se": 0.021835938198463398,
        "p": 0.2502266899898349,
        "separated": false
      },
      "ent_Accountant_CPA": {
        "coef": 0.050662026482121175,
        "se": 0.06475998461380619,
        "p": 0.43403565105223374,
        "separated": false
      },
      "ent_Issuer_Corporate_\u2014_current": {
        "coef": 0.17760966400690245,
        "se": 0.18507493658336288,
        "p": 0.3372245918485477,
        "separated": false
      },
      "ent_Issuer_Corporate_\u2014_former": {
        "coef": -0.01595084366529694,
        "se": 0.006519874633018008,
        "p": 0.014425261562462646,
        "separated": true
      },
      "ent_Investment_professional": {
        "coef": -0.016660768010476796,
        "se": 0.00724777608543496,
        "p": 0.021519588443195934,
        "separated": true
      },
      "ent_Academic_researcher": {
        "coef": 0.21360071815093193,
        "se": 0.20767626237635434,
        "p": 0.30370182701211235,
        "separated": false
      },
      "ent_Industry_practitioner_technologist": {
        "coef": -0.019033249731423906,
        "se": 0.008707776337790902,
        "p": 0.028831987383259657,
        "separated": true
      },
      "ent_Legal_practitioner": {
        "coef": 0.9907199451995159,
        "se": 0.003683317703156357,
        "p": 0.0,
        "separated": true
      },
      "ent_Trade_association_advocacy_organization": {
        "coef": -2.2448726606522504e-18,
        "se": 8.655278466078279e-19,
        "p": 0.009496426576204881,
        "separated": false
      },
      "ent_Student": {
        "coef": 0.31366992342879,
        "se": 0.2800431277177637,
        "p": 0.26268086402552815,
        "separated": false
      },
      "log_words": {
        "coef": 0.009386219427947564,
        "se": 0.00616932272208575,
        "p": 0.12815087746635392,
        "separated": false
      }
    }
  },
  "ordinal": {
    "n": 709,
    "ll": -125.80318906140889,
    "mcfadden": 0.25378851094402544,
    "n_oppose": 672,
    "n_conditional": 25,
    "n_support": 12,
    "cutpoints": [
      6.6551340278436,
      8.145099516507344
    ],
    "by_var": {
      "ent_Accountant_CPA": {
        "coef": 1.7290222481417912,
        "se": NaN,
        "p": NaN,
        "separated": false
      },
      "ent_Issuer_Corporate_\u2014_current": {
        "coef": 2.7415882853656903,
        "se": NaN,
        "p": NaN,
        "separated": false
      },
      "ent_Issuer_Corporate_\u2014_former": {
        "coef": 2.032708731790601,
        "se": NaN,
        "p": NaN,
        "separated": false
      },
      "ent_Investment_professional": {
        "coef": -10.763238393491124,
        "se": NaN,
        "p": NaN,
        "separated": true
      },
      "ent_Academic_researcher": {
        "coef": 2.1703312311962724,
        "se": NaN,
        "p": NaN,
        "separated": false
      },
      "ent_Industry_practitioner_technologist": {
        "coef": -0.2847794337852618,
        "se": NaN,
        "p": NaN,
        "separated": false
      },
      "ent_Legal_practitioner": {
        "coef": 35.69197478942557,
        "se": NaN,
        "p": NaN,
        "separated": true
      },
      "ent_Trade_association_advocacy_organization": {
        "coef": 0.0,
        "se": NaN,
        "p": NaN,
        "separated": false
      },
      "ent_Student": {
        "coef": 2.587994916839887,
        "se": NaN,
        "p": NaN,
        "separated": false
      },
      "log_words": {
        "coef": 0.7312074157387823,
        "se": NaN,
        "p": NaN,
        "separated": false
      },
      "0/1": {
        "coef": 6.6551340278436,
        "se": NaN,
        "p": NaN,
        "separated": false
      },
      "1/2": {
        "coef": 0.3987529577184837,
        "se": NaN,
        "p": NaN,
        "separated": false
      }
    }
  },
  "po_lr_test": {
    "lr": 12.51431443955866,
    "df": 10,
    "p": 0.2521080136546021,
    "ordinal_ll": -125.80318906140889,
    "multinomial_ll": -119.54603184162956
  },
  "var_order": [
    "const",
    "ent_Accountant_CPA",
    "ent_Issuer_Corporate_\u2014_current",
    "ent_Issuer_Corporate_\u2014_former",
    "ent_Investment_professional",
    "ent_Academic_researcher",
    "ent_Industry_practitioner_technologist",
    "ent_Legal_practitioner",
    "ent_Trade_association_advocacy_organization",
    "ent_Student",
    "log_words"
  ],
  "labels": {
    "const": "Constant",
    "log_words": "log(words+1)",
    "ent_Accountant_CPA": "Accountant CPA",
    "ent_Issuer_Corporate_\u2014_current": "Issuer-current",
    "ent_Issuer_Corporate_\u2014_former": "Issuer-former",
    "ent_Investment_professional": "Investment prof.",
    "ent_Academic_researcher": "Academic",
    "ent_Industry_practitioner_technologist": "Industry pract.",
    "ent_Legal_practitioner": "Legal pract.",
    "ent_Trade_association_advocacy_organization": "Trade assoc.",
    "ent_Student": "Student"
  }
}