{
  "as_of": "2026-06-09",
  "n_records": 845,
  "logit": {
    "n": 803,
    "ll": -47.896638920574674,
    "mcfadden": 0.2318256821642074,
    "n_support": 12,
    "n_oppose": 791,
    "by_var": {
      "const": {
        "coef": -7.298622567493564,
        "se": NaN,
        "p": NaN,
        "separated": false
      },
      "ent_Accountant_CPA": {
        "coef": 1.622845169518278,
        "se": NaN,
        "p": NaN,
        "separated": false
      },
      "ent_Issuer_Corporate_\u2014_current": {
        "coef": 2.4119599514514003,
        "se": NaN,
        "p": NaN,
        "separated": false
      },
      "ent_Issuer_Corporate_\u2014_former": {
        "coef": -5.994749011881483,
        "se": NaN,
        "p": NaN,
        "separated": true
      },
      "ent_Investment_professional": {
        "coef": -12.144238583584421,
        "se": NaN,
        "p": NaN,
        "separated": true
      },
      "ent_Academic_researcher": {
        "coef": 1.849653295369759,
        "se": NaN,
        "p": NaN,
        "separated": false
      },
      "ent_Industry_practitioner_technologist": {
        "coef": -14.273909238228764,
        "se": NaN,
        "p": NaN,
        "separated": true
      },
      "ent_Legal_practitioner": {
        "coef": 50.929382348067485,
        "se": NaN,
        "p": NaN,
        "separated": true
      },
      "ent_Trade_association_advocacy_organization": {
        "coef": 0.0,
        "se": NaN,
        "p": NaN,
        "separated": false
      },
      "ent_Student": {
        "coef": 3.485674696934229,
        "se": NaN,
        "p": NaN,
        "separated": false
      },
      "log_words": {
        "coef": 0.6388914880915854,
        "se": NaN,
        "p": NaN,
        "separated": false
      }
    }
  },
  "lpm": {
    "n": 803,
    "r2": 0.14902886345682154,
    "adj_r2": 0.13937093126402367,
    "cov_type": "HC1",
    "by_var": {
      "const": {
        "coef": -0.025435906483819392,
        "se": 0.020379338786442696,
        "p": 0.21198628574852318,
        "separated": false
      },
      "ent_Accountant_CPA": {
        "coef": 0.04834567930145687,
        "se": 0.06074443047003165,
        "p": 0.4260979402808234,
        "separated": false
      },
      "ent_Issuer_Corporate_\u2014_current": {
        "coef": 0.14757740603947847,
        "se": 0.15674114908218503,
        "p": 0.3464303428247206,
        "separated": false
      },
      "ent_Issuer_Corporate_\u2014_former": {
        "coef": -0.014168813103383542,
        "se": 0.005817821650496938,
        "p": 0.014874697782052781,
        "separated": true
      },
      "ent_Investment_professional": {
        "coef": -0.015006371164695482,
        "se": 0.006579337143593815,
        "p": 0.022558313830165554,
        "separated": true
      },
      "ent_Academic_researcher": {
        "coef": 0.21610643281466102,
        "se": 0.2078603976760374,
        "p": 0.29849276638550903,
        "separated": false
      },
      "ent_Industry_practitioner_technologist": {
        "coef": -0.015831530710305755,
        "se": 0.00701948418765656,
        "p": 0.024110144027865706,
        "separated": true
      },
      "ent_Legal_practitioner": {
        "coef": 0.9922658920173182,
        "se": 0.003100932715742411,
        "p": 0.0,
        "separated": true
      },
      "ent_Trade_association_advocacy_organization": {
        "coef": -8.940124981811636e-17,
        "se": 7.795362140570384e-17,
        "p": 0.2514428827155316,
        "separated": false
      },
      "ent_Student": {
        "coef": 0.3155833442289294,
        "se": 0.279494484371056,
        "p": 0.2588464125252803,
        "separated": false
      },
      "log_words": {
        "coef": 0.009054034753738926,
        "se": 0.005741593121968374,
        "p": 0.11481386471700106,
        "separated": false
      }
    }
  },
  "ordinal": {
    "n": 828,
    "ll": -128.7583959885723,
    "mcfadden": 0.2620171421823686,
    "n_oppose": 791,
    "n_conditional": 25,
    "n_support": 12,
    "cutpoints": [
      7.063279833653511,
      8.548376111553203
    ],
    "by_var": {
      "ent_Accountant_CPA": {
        "coef": 1.797046659686866,
        "se": 0.6975441699408625,
        "p": 0.009987902722537807,
        "separated": false
      },
      "ent_Issuer_Corporate_\u2014_current": {
        "coef": 2.725850656041884,
        "se": 0.6434729545511066,
        "p": 2.273806605979646e-05,
        "separated": false
      },
      "ent_Issuer_Corporate_\u2014_former": {
        "coef": 2.161668027163594,
        "se": 0.8459915027068982,
        "p": 0.010613020967975038,
        "separated": false
      },
      "ent_Investment_professional": {
        "coef": -13.884759016054229,
        "se": 1242.2318677988471,
        "p": 0.9910820157919481,
        "separated": true
      },
      "ent_Academic_researcher": {
        "coef": 2.17672794000731,
        "se": 0.8307230062550764,
        "p": 0.008785726840258483,
        "separated": false
      },
      "ent_Industry_practitioner_technologist": {
        "coef": -0.3725025753315661,
        "se": 1.1143660745776716,
        "p": 0.7381735054464325,
        "separated": false
      },
      "ent_Legal_practitioner": {
        "coef": 48.334296476504164,
        "se": 105014496.64604028,
        "p": 0.9999996327631885,
        "separated": true
      },
      "ent_Trade_association_advocacy_organization": {
        "coef": 0.0,
        "se": 115307885.03050573,
        "p": 1.0,
        "separated": false
      },
      "ent_Student": {
        "coef": 2.70919831648976,
        "se": 1.40282107860006,
        "p": 0.05345213385270558,
        "separated": false
      },
      "log_words": {
        "coef": 0.7894262989370733,
        "se": 0.17725124861119781,
        "p": 8.439765825911331e-06,
        "separated": false
      },
      "0/1": {
        "coef": 7.063279833653511,
        "se": 0.8636401626744509,
        "p": 2.874024162683362e-16,
        "separated": false
      },
      "1/2": {
        "coef": 0.3954796037555424,
        "se": 0.20165807735421187,
        "p": 0.049862762002413206,
        "separated": false
      }
    }
  },
  "po_lr_test": {
    "lr": 12.665168479350228,
    "df": 10,
    "p": 0.2429996861363659,
    "ordinal_ll": -128.7583959885723,
    "multinomial_ll": -122.42581174889717
  },
  "var_order": [
    "const",
    "ent_Accountant_CPA",
    "ent_Issuer_Corporate_\u2014_current",
    "ent_Issuer_Corporate_\u2014_former",
    "ent_Investment_professional",
    "ent_Academic_researcher",
    "ent_Industry_practitioner_technologist",
    "ent_Legal_practitioner",
    "ent_Trade_association_advocacy_organization",
    "ent_Student",
    "log_words"
  ],
  "labels": {
    "const": "Constant",
    "log_words": "log(words+1)",
    "ent_Accountant_CPA": "Accountant CPA",
    "ent_Issuer_Corporate_\u2014_current": "Issuer-current",
    "ent_Issuer_Corporate_\u2014_former": "Issuer-former",
    "ent_Investment_professional": "Investment prof.",
    "ent_Academic_researcher": "Academic",
    "ent_Industry_practitioner_technologist": "Industry pract.",
    "ent_Legal_practitioner": "Legal pract.",
    "ent_Trade_association_advocacy_organization": "Trade assoc.",
    "ent_Student": "Student"
  }
}