{
  "as_of": "2026-06-22",
  "n_records": 1991,
  "logit": {
    "n": 1864,
    "ll": -101.71087140056954,
    "mcfadden": 0.11622138048653097,
    "n_support": 21,
    "n_oppose": 1843,
    "by_var": {
      "const": {
        "coef": -7.0279075876422645,
        "se": 1.0773635374515822,
        "p": 6.880179388032621e-11,
        "separated": false
      },
      "ent_Accountant_CPA": {
        "coef": 1.228681749303589,
        "se": 1.0750183736372054,
        "p": 0.2530634070866129,
        "separated": false
      },
      "ent_Issuer_Corporate_\u2014_current": {
        "coef": 2.020677078875082,
        "se": 1.0936017215151161,
        "p": 0.06464189221334031,
        "separated": false
      },
      "ent_Issuer_Corporate_\u2014_former": {
        "coef": -20.453718136209392,
        "se": 80921.27377538511,
        "p": 0.9997983261387676,
        "separated": true
      },
      "ent_Investment_professional": {
        "coef": -34.809187123713414,
        "se": 61472995.611266844,
        "p": 0.9999995481965259,
        "separated": true
      },
      "ent_Academic_researcher": {
        "coef": 1.7330739162382083,
        "se": 1.4307508881268216,
        "p": 0.2257790120342662,
        "separated": false
      },
      "ent_Industry_practitioner_technologist": {
        "coef": 0.8731202859273356,
        "se": 1.0729557209152083,
        "p": 0.4157868126499248,
        "separated": false
      },
      "ent_Legal_practitioner": {
        "coef": 2.5568480050266706,
        "se": 1.118114561844429,
        "p": 0.022210443947689982,
        "separated": false
      },
      "ent_Trade_association_advocacy_organization": {
        "coef": 2.733122299510155,
        "se": 1.4101496013038355,
        "p": 0.05260139173086745,
        "separated": false
      },
      "ent_Student": {
        "coef": 2.487390210521899,
        "se": 1.1225685526888545,
        "p": 0.026705030869305733,
        "separated": false
      },
      "log_words": {
        "coef": 0.5467344497810303,
        "se": 0.24480595696478014,
        "p": 0.02552666247298008,
        "separated": false
      }
    }
  },
  "lpm": {
    "n": 1864,
    "r2": 0.04152503079539338,
    "adj_r2": 0.03635247294755417,
    "cov_type": "HC1",
    "by_var": {
      "const": {
        "coef": -0.018708861555431687,
        "se": 0.013159978367650798,
        "p": 0.15512836067514454,
        "separated": false
      },
      "ent_Accountant_CPA": {
        "coef": 0.025481720934778056,
        "se": 0.03639166458840118,
        "p": 0.48379765207840575,
        "separated": false
      },
      "ent_Issuer_Corporate_\u2014_current": {
        "coef": 0.06497575580597849,
        "se": 0.07495641503945127,
        "p": 0.3860257562786218,
        "separated": false
      },
      "ent_Issuer_Corporate_\u2014_former": {
        "coef": -0.01096173816837457,
        "se": 0.003368263963348273,
        "p": 0.0011362504089326567,
        "separated": true
      },
      "ent_Investment_professional": {
        "coef": -0.012399618619646322,
        "se": 0.003960895735443591,
        "p": 0.0017450382135681842,
        "separated": true
      },
      "ent_Academic_researcher": {
        "coef": 0.17133543929690792,
        "se": 0.1735345840444055,
        "p": 0.3234821917726143,
        "separated": false
      },
      "ent_Industry_practitioner_technologist": {
        "coef": 0.015823084250705388,
        "se": 0.02860577347665017,
        "p": 0.5801654728769707,
        "separated": false
      },
      "ent_Legal_practitioner": {
        "coef": 0.11248854187586635,
        "se": 0.11848633706039863,
        "p": 0.34242745072091785,
        "separated": false
      },
      "ent_Trade_association_advocacy_organization": {
        "coef": 0.3070490584160584,
        "se": 0.2709583312274302,
        "p": 0.2571317036506263,
        "separated": false
      },
      "ent_Student": {
        "coef": 0.11180746149457635,
        "se": 0.11896981523701083,
        "p": 0.3473217581395638,
        "separated": false
      },
      "log_words": {
        "coef": 0.0069128297755859,
        "se": 0.0036314157884889254,
        "p": 0.05695990561505546,
        "separated": false
      }
    }
  },
  "ordinal": {
    "n": 1904,
    "ll": -265.04761881803813,
    "mcfadden": 0.14273048770627295,
    "n_oppose": 1843,
    "n_conditional": 40,
    "n_support": 21,
    "cutpoints": [
      6.610173206816318,
      7.811637049640782
    ],
    "by_var": {
      "ent_Accountant_CPA": {
        "coef": 1.3199646157342713,
        "se": 0.6509510826450858,
        "p": 0.04258599597404969,
        "separated": false
      },
      "ent_Issuer_Corporate_\u2014_current": {
        "coef": 2.4162104226841468,
        "se": 0.5419061996518217,
        "p": 8.244883087277431e-06,
        "separated": false
      },
      "ent_Issuer_Corporate_\u2014_former": {
        "coef": 2.0821091145632584,
        "se": 0.6675311349415308,
        "p": 0.0018139262191862922,
        "separated": false
      },
      "ent_Investment_professional": {
        "coef": 0.03709874979062074,
        "se": 1.0378141633829383,
        "p": 0.9714840886045158,
        "separated": false
      },
      "ent_Academic_researcher": {
        "coef": 2.0843197544111574,
        "se": 0.771919543674533,
        "p": 0.006930249849385147,
        "separated": false
      },
      "ent_Industry_practitioner_technologist": {
        "coef": 0.7671424105228429,
        "se": 0.6628160283081964,
        "p": 0.24710950431254108,
        "separated": false
      },
      "ent_Legal_practitioner": {
        "coef": 1.5969339288007685,
        "se": 1.1063455002267053,
        "p": 0.1488989600132614,
        "separated": false
      },
      "ent_Trade_association_advocacy_organization": {
        "coef": 1.8829068287507853,
        "se": 1.3255537755577838,
        "p": 0.15547145452675318,
        "separated": false
      },
      "ent_Student": {
        "coef": 1.4959479222343346,
        "se": 1.1068678157451193,
        "p": 0.1765306725627347,
        "separated": false
      },
      "log_words": {
        "coef": 0.6730642474444214,
        "se": 0.1385359227315506,
        "p": 1.1833245546341603e-06,
        "separated": false
      },
      "0/1": {
        "coef": 6.610173206816318,
        "se": 0.6292015826507795,
        "p": 8.135815738978468e-26,
        "separated": false
      },
      "1/2": {
        "coef": 0.18354068237866247,
        "se": 0.16097442848953958,
        "p": 0.2542090965974554,
        "separated": false
      }
    }
  },
  "po_lr_test": {
    "lr": 16.231731512196916,
    "df": 10,
    "p": 0.09318819627591224,
    "ordinal_ll": -265.04761881803813,
    "multinomial_ll": -256.9317530619397
  },
  "var_order": [
    "const",
    "ent_Accountant_CPA",
    "ent_Issuer_Corporate_\u2014_current",
    "ent_Issuer_Corporate_\u2014_former",
    "ent_Investment_professional",
    "ent_Academic_researcher",
    "ent_Industry_practitioner_technologist",
    "ent_Legal_practitioner",
    "ent_Trade_association_advocacy_organization",
    "ent_Student",
    "log_words"
  ],
  "labels": {
    "const": "Constant",
    "log_words": "log(words+1)",
    "ent_Accountant_CPA": "Accountant CPA",
    "ent_Issuer_Corporate_\u2014_current": "Issuer-current",
    "ent_Issuer_Corporate_\u2014_former": "Issuer-former",
    "ent_Investment_professional": "Investment prof.",
    "ent_Academic_researcher": "Academic",
    "ent_Industry_practitioner_technologist": "Industry pract.",
    "ent_Legal_practitioner": "Legal pract.",
    "ent_Trade_association_advocacy_organization": "Trade assoc.",
    "ent_Student": "Student"
  }
}