{
  "as_of": "2026-06-01",
  "n_records": 489,
  "logit": {
    "n": 455,
    "ll": -38.417694885074965,
    "mcfadden": 0.20073732179422332,
    "n_support": 10,
    "n_oppose": 445,
    "by_var": {
      "const": {
        "coef": -7.2433308287422244,
        "se": 1.5701530929132923,
        "p": 3.966372848944012e-06,
        "separated": false
      },
      "ent_Accountant_CPA": {
        "coef": 1.5914166044329663,
        "se": 1.137927593570334,
        "p": 0.16195641563805752,
        "separated": false
      },
      "ent_Issuer_Corporate_\u2014_current": {
        "coef": 2.0852324835970144,
        "se": 1.255410547904881,
        "p": 0.09671415645442843,
        "separated": false
      },
      "ent_Issuer_Corporate_\u2014_former": {
        "coef": -18.323513582217277,
        "se": 34112.498982646386,
        "p": 0.9995714166853827,
        "separated": true
      },
      "ent_Investment_professional": {
        "coef": -22.162412056396896,
        "se": 115544.22697359415,
        "p": 0.9998469586342418,
        "separated": true
      },
      "ent_Academic_researcher": {
        "coef": 1.4974498927511033,
        "se": 1.6578581045738676,
        "p": 0.3663965681129462,
        "separated": false
      },
      "ent_Industry_practitioner_technologist": {
        "coef": -21.326596745996163,
        "se": 63370.62084798993,
        "p": 0.999731481848699,
        "separated": true
      },
      "ent_Student": {
        "coef": 3.061505161172954,
        "se": 1.352740041600485,
        "p": 0.02362409663096934,
        "separated": false
      },
      "log_words": {
        "coef": 0.7130694172891084,
        "se": 0.32337459493564025,
        "p": 0.027447924649474636,
        "separated": false
      }
    }
  },
  "lpm": {
    "n": 455,
    "r2": 0.0936004666346737,
    "adj_r2": 0.07734217904067675,
    "cov_type": "HC1",
    "by_var": {
      "const": {
        "coef": -0.03929712347026729,
        "se": 0.02578419183192173,
        "p": 0.12748918937298634,
        "separated": false
      },
      "ent_Accountant_CPA": {
        "coef": 0.05811553040717357,
        "se": 0.07420728403195179,
        "p": 0.4335382735244381,
        "separated": false
      },
      "ent_Issuer_Corporate_\u2014_current": {
        "coef": 0.168787819675325,
        "se": 0.1877678285467816,
        "p": 0.36869651321023056,
        "separated": false
      },
      "ent_Issuer_Corporate_\u2014_former": {
        "coef": -0.020846943027190784,
        "se": 0.008775262215568796,
        "p": 0.017518117385076325,
        "separated": true
      },
      "ent_Investment_professional": {
        "coef": -0.02308347372788267,
        "se": 0.01056558523524006,
        "p": 0.028905019916841874,
        "separated": true
      },
      "ent_Academic_researcher": {
        "coef": 0.2764786739576553,
        "se": 0.26072639230781247,
        "p": 0.28895497482550403,
        "separated": false
      },
      "ent_Industry_practitioner_technologist": {
        "coef": -0.02763806417281789,
        "se": 0.013125152178129559,
        "p": 0.03522756418362233,
        "separated": true
      },
      "ent_Student": {
        "coef": 0.3061692517944347,
        "se": 0.2835663174179441,
        "p": 0.2802715543019423,
        "separated": false
      },
      "log_words": {
        "coef": 0.013933763598790037,
        "se": 0.007684069762497682,
        "p": 0.06978075080118924,
        "separated": false
      }
    }
  },
  "ordinal": {
    "n": 480,
    "ll": -111.33372367377484,
    "mcfadden": 0.23888182621826548,
    "n_oppose": 445,
    "n_conditional": 25,
    "n_support": 10,
    "cutpoints": [
      6.380874382700247,
      8.005515427923628
    ],
    "by_var": {
      "ent_Accountant_CPA": {
        "coef": 1.7129874695800604,
        "se": 0.7126341180375831,
        "p": 0.016228289848875227,
        "separated": false
      },
      "ent_Issuer_Corporate_\u2014_current": {
        "coef": 2.424642039549923,
        "se": 0.6646328798512047,
        "p": 0.00026419481231793664,
        "separated": false
      },
      "ent_Issuer_Corporate_\u2014_former": {
        "coef": 1.8674463584179652,
        "se": 0.8640173511520098,
        "p": 0.030668093858555966,
        "separated": false
      },
      "ent_Investment_professional": {
        "coef": -11.771775065942776,
        "se": 382.1470185498699,
        "p": 0.9754256035016178,
        "separated": true
      },
      "ent_Academic_researcher": {
        "coef": 2.0591131025039906,
        "se": 0.8741287931310583,
        "p": 0.0184919466104396,
        "separated": false
      },
      "ent_Industry_practitioner_technologist": {
        "coef": -0.5725588948511348,
        "se": 1.1384234250946537,
        "p": 0.6150063228323777,
        "separated": false
      },
      "ent_Student": {
        "coef": 2.254941726697657,
        "se": 1.4052207901801672,
        "p": 0.10856236073234761,
        "separated": false
      },
      "log_words": {
        "coef": 0.7458604130592735,
        "se": 0.1805328749646121,
        "p": 3.6050064168018964e-05,
        "separated": false
      },
      "0/1": {
        "coef": 6.380874382700247,
        "se": 0.8947985186824009,
        "p": 9.958881204473112e-13,
        "separated": false
      },
      "1/2": {
        "coef": 0.4852868961336018,
        "se": 0.20087835362586612,
        "p": 0.015699616055931533,
        "separated": false
      }
    }
  },
  "po_lr_test": {
    "lr": 11.788368699096623,
    "df": 8,
    "p": 0.16089906364903894,
    "ordinal_ll": -111.33372367377484,
    "multinomial_ll": -105.43953932422653
  },
  "var_order": [
    "const",
    "ent_Accountant_CPA",
    "ent_Issuer_Corporate_\u2014_current",
    "ent_Issuer_Corporate_\u2014_former",
    "ent_Investment_professional",
    "ent_Academic_researcher",
    "ent_Industry_practitioner_technologist",
    "ent_Student",
    "log_words"
  ],
  "labels": {
    "const": "Constant",
    "log_words": "log(words+1)",
    "ent_Accountant_CPA": "Accountant CPA",
    "ent_Issuer_Corporate_\u2014_current": "Issuer-current",
    "ent_Issuer_Corporate_\u2014_former": "Issuer-former",
    "ent_Investment_professional": "Investment prof.",
    "ent_Academic_researcher": "Academic",
    "ent_Industry_practitioner_technologist": "Industry pract.",
    "ent_Student": "Student"
  }
}