{
  "as_of": "2026-06-05",
  "n_records": 699,
  "logit": {
    "n": 659,
    "ll": -46.48154040049904,
    "mcfadden": 0.22478926232872232,
    "n_support": 12,
    "n_oppose": 647,
    "by_var": {
      "const": {
        "coef": -6.858620676923525,
        "se": 1.4107996044115232,
        "p": 1.164919037966752e-06,
        "separated": false
      },
      "ent_Accountant_CPA": {
        "coef": 1.5235269587113207,
        "se": 1.1200795188431703,
        "p": 0.17376811211231113,
        "separated": false
      },
      "ent_Issuer_Corporate_\u2014_current": {
        "coef": 2.423280963484455,
        "se": 1.2396037273059204,
        "p": 0.05059681389169302,
        "separated": false
      },
      "ent_Issuer_Corporate_\u2014_former": {
        "coef": -27.208456637183897,
        "se": 2854597.774159923,
        "p": 0.9999923950030123,
        "separated": true
      },
      "ent_Investment_professional": {
        "coef": -20.785533996589415,
        "se": 61668.55837316518,
        "p": 0.9997310711197502,
        "separated": true
      },
      "ent_Academic_researcher": {
        "coef": 1.8167133368662887,
        "se": 1.5036997369678382,
        "p": 0.22698483883118237,
        "separated": false
      },
      "ent_Industry_practitioner_technologist": {
        "coef": -32.4781410745992,
        "se": 19457412.727297425,
        "p": 0.9999986681781545,
        "separated": true
      },
      "ent_Legal_practitioner": {
        "coef": 25.52403493360436,
        "se": 32753.954366875936,
        "p": 0.9993782359493557,
        "separated": true
      },
      "ent_Student": {
        "coef": 3.3371337535223544,
        "se": 1.3292579672014715,
        "p": 0.012055219795549065,
        "separated": false
      },
      "log_words": {
        "coef": 0.5808947304249429,
        "se": 0.3026130318245275,
        "p": 0.05490896433088473,
        "separated": false
      }
    }
  },
  "lpm": {
    "n": 659,
    "r2": 0.15071567263939945,
    "adj_r2": 0.13893823204426003,
    "cov_type": "HC1",
    "by_var": {
      "const": {
        "coef": -0.025162936464803873,
        "se": 0.022219197257823023,
        "p": 0.2574300414130791,
        "separated": false
      },
      "ent_Accountant_CPA": {
        "coef": 0.05020207112844904,
        "se": 0.06479126795010244,
        "p": 0.43844146065914813,
        "separated": false
      },
      "ent_Issuer_Corporate_\u2014_current": {
        "coef": 0.17706956773505542,
        "se": 0.18519887488265724,
        "p": 0.3390191958608272,
        "separated": false
      },
      "ent_Issuer_Corporate_\u2014_former": {
        "coef": -0.016410123868983103,
        "se": 0.0066856097353811105,
        "p": 0.01410633645621428,
        "separated": true
      },
      "ent_Investment_professional": {
        "coef": -0.017128957813142456,
        "se": 0.007418160217529095,
        "p": 0.020940395749962547,
        "separated": true
      },
      "ent_Academic_researcher": {
        "coef": 0.2128848086525607,
        "se": 0.20760400230383388,
        "p": 0.3051570752420827,
        "separated": false
      },
      "ent_Industry_practitioner_technologist": {
        "coef": -0.019692688846864155,
        "se": 0.0090421897323522,
        "p": 0.029415921686742445,
        "separated": true
      },
      "ent_Legal_practitioner": {
        "coef": 0.9903443838513182,
        "se": 0.003835241810083507,
        "p": 0.0,
        "separated": true
      },
      "ent_Student": {
        "coef": 0.3131640502654464,
        "se": 0.2801997124607588,
        "p": 0.2637182715132945,
        "separated": false
      },
      "log_words": {
        "coef": 0.009504017122318287,
        "se": 0.0062749845313054345,
        "p": 0.1298767386327843,
        "separated": false
      }
    }
  },
  "ordinal": {
    "n": 684,
    "ll": -125.21038844442985,
    "mcfadden": 0.251243253617935,
    "n_oppose": 647,
    "n_conditional": 25,
    "n_support": 12,
    "cutpoints": [
      6.58343062140251,
      8.073107332639823
    ],
    "by_var": {
      "ent_Accountant_CPA": {
        "coef": 1.6981324717396824,
        "se": NaN,
        "p": NaN,
        "separated": false
      },
      "ent_Issuer_Corporate_\u2014_current": {
        "coef": 2.7163113915732966,
        "se": NaN,
        "p": NaN,
        "separated": false
      },
      "ent_Issuer_Corporate_\u2014_former": {
        "coef": 2.000816089998067,
        "se": NaN,
        "p": NaN,
        "separated": false
      },
      "ent_Investment_professional": {
        "coef": -9.498062096974706,
        "se": NaN,
        "p": NaN,
        "separated": true
      },
      "ent_Academic_researcher": {
        "coef": 2.1549946192024363,
        "se": NaN,
        "p": NaN,
        "separated": false
      },
      "ent_Industry_practitioner_technologist": {
        "coef": -0.27570373157923395,
        "se": NaN,
        "p": NaN,
        "separated": false
      },
      "ent_Legal_practitioner": {
        "coef": 30.757701618121636,
        "se": NaN,
        "p": NaN,
        "separated": true
      },
      "ent_Student": {
        "coef": 2.564327110158895,
        "se": NaN,
        "p": NaN,
        "separated": false
      },
      "log_words": {
        "coef": 0.7228481994748117,
        "se": NaN,
        "p": NaN,
        "separated": false
      },
      "0/1": {
        "coef": 6.58343062140251,
        "se": NaN,
        "p": NaN,
        "separated": false
      },
      "1/2": {
        "coef": 0.398559124091517,
        "se": NaN,
        "p": NaN,
        "separated": false
      }
    }
  },
  "po_lr_test": {
    "lr": 12.459146023316094,
    "df": 9,
    "p": 0.18864447507676096,
    "ordinal_ll": -125.21038844442985,
    "multinomial_ll": -118.9808154327718
  },
  "var_order": [
    "const",
    "ent_Accountant_CPA",
    "ent_Issuer_Corporate_\u2014_current",
    "ent_Issuer_Corporate_\u2014_former",
    "ent_Investment_professional",
    "ent_Academic_researcher",
    "ent_Industry_practitioner_technologist",
    "ent_Legal_practitioner",
    "ent_Student",
    "log_words"
  ],
  "labels": {
    "const": "Constant",
    "log_words": "log(words+1)",
    "ent_Accountant_CPA": "Accountant CPA",
    "ent_Issuer_Corporate_\u2014_current": "Issuer-current",
    "ent_Issuer_Corporate_\u2014_former": "Issuer-former",
    "ent_Investment_professional": "Investment prof.",
    "ent_Academic_researcher": "Academic",
    "ent_Industry_practitioner_technologist": "Industry pract.",
    "ent_Legal_practitioner": "Legal pract.",
    "ent_Student": "Student"
  }
}