{
  "as_of": "2026-05-19",
  "n_records": 262,
  "logit": {
    "n": 227,
    "ll": -26.772329378286315,
    "mcfadden": 0.22671181765524573,
    "n_support": 8,
    "n_oppose": 219,
    "by_var": {
      "const": {
        "coef": -6.01495517992417,
        "se": 1.7100542761527295,
        "p": 0.0004357866610964739,
        "separated": false
      },
      "ent_Accountant_CPA": {
        "coef": 1.5016661962522766,
        "se": 1.1772995947101312,
        "p": 0.20212614594561207,
        "separated": false
      },
      "ent_Issuer_Corporate_\u2014_current": {
        "coef": 1.9103278955863108,
        "se": 1.2817620789494846,
        "p": 0.1361212056036381,
        "separated": false
      },
      "ent_Issuer_Corporate_\u2014_former": {
        "coef": -35.017868791117564,
        "se": 118287114.36974458,
        "p": 0.999999763793233,
        "separated": true
      },
      "ent_Investment_professional": {
        "coef": -22.07339006604723,
        "se": 112779.10371520021,
        "p": 0.9998438361678214,
        "separated": true
      },
      "ent_Academic_researcher": {
        "coef": 2.102771588720629,
        "se": 1.9008442568550201,
        "p": 0.2686268338837742,
        "separated": false
      },
      "ent_Industry_practitioner_technologist": {
        "coef": -24.44394164742195,
        "se": 359592.71524420835,
        "p": 0.9999457624061784,
        "separated": true
      },
      "ent_Student": {
        "coef": 3.5947650370614945,
        "se": 1.5672542460090853,
        "p": 0.021809424877908174,
        "separated": false
      },
      "log_words": {
        "coef": 0.519790537996977,
        "se": 0.35693074542069464,
        "p": 0.1453156717125657,
        "separated": false
      }
    }
  },
  "lpm": {
    "n": 227,
    "r2": 0.15041426517144763,
    "adj_r2": 0.11923680701260164,
    "cov_type": "HC1",
    "by_var": {
      "const": {
        "coef": -0.03883490957686686,
        "se": 0.038176446016599266,
        "p": 0.3090355140102229,
        "separated": false
      },
      "ent_Accountant_CPA": {
        "coef": 0.0674629436697301,
        "se": 0.08809423102758822,
        "p": 0.44379273673393604,
        "separated": false
      },
      "ent_Issuer_Corporate_\u2014_current": {
        "coef": 0.16120324630502225,
        "se": 0.19261055114242898,
        "p": 0.40262696135971254,
        "separated": false
      },
      "ent_Issuer_Corporate_\u2014_former": {
        "coef": -0.027384492215966283,
        "se": 0.014290666922527846,
        "p": 0.05533326646626102,
        "separated": true
      },
      "ent_Investment_professional": {
        "coef": -0.030901725013939285,
        "se": 0.017471727558808343,
        "p": 0.07694891725380812,
        "separated": true
      },
      "ent_Academic_researcher": {
        "coef": 0.42336953727414117,
        "se": 0.3497103291877782,
        "p": 0.226037546633432,
        "separated": false
      },
      "ent_Industry_practitioner_technologist": {
        "coef": -0.03146749015911173,
        "se": 0.018045232146350017,
        "p": 0.08119189858195178,
        "separated": true
      },
      "ent_Student": {
        "coef": 0.4674046841351567,
        "se": 0.3743749883762407,
        "p": 0.21185044148067245,
        "separated": false
      },
      "log_words": {
        "coef": 0.015341255488164134,
        "se": 0.01152749325433865,
        "p": 0.1832414814158564,
        "separated": false
      }
    }
  },
  "ordinal": {
    "n": 250,
    "ll": -86.20946034133041,
    "mcfadden": 0.22617292125418764,
    "n_oppose": 219,
    "n_conditional": 23,
    "n_support": 8,
    "cutpoints": [
      5.227236784240096,
      7.07027951662836
    ],
    "by_var": {
      "ent_Accountant_CPA": {
        "coef": 1.4139792163409777,
        "se": 0.7326528175726679,
        "p": 0.05361372487858654,
        "separated": false
      },
      "ent_Issuer_Corporate_\u2014_current": {
        "coef": 2.1420465094771632,
        "se": 0.6482656618514149,
        "p": 0.0009522316793353063,
        "separated": false
      },
      "ent_Issuer_Corporate_\u2014_former": {
        "coef": 0.6935760765660153,
        "se": 1.132351803587483,
        "p": 0.5402008082846803,
        "separated": false
      },
      "ent_Investment_professional": {
        "coef": -8.911555728305938,
        "se": 82.21332128702333,
        "p": 0.9136819545613384,
        "separated": true
      },
      "ent_Academic_researcher": {
        "coef": 2.363855109421855,
        "se": 1.0454851950074642,
        "p": 0.023758482141533945,
        "separated": false
      },
      "ent_Industry_practitioner_technologist": {
        "coef": -0.5076917075671799,
        "se": 1.1502811045411352,
        "p": 0.6589501053248906,
        "separated": false
      },
      "ent_Student": {
        "coef": 3.2802658262243156,
        "se": 1.9559352980199407,
        "p": 0.09352625371495982,
        "separated": false
      },
      "log_words": {
        "coef": 0.6161835679964272,
        "se": 0.1858442192507451,
        "p": 0.0009144930242048259,
        "separated": false
      },
      "0/1": {
        "coef": 5.227236784240096,
        "se": 0.9163796685417612,
        "p": 1.168728875408855e-08,
        "separated": false
      },
      "1/2": {
        "coef": 0.6114178647391609,
        "se": 0.20914378455315752,
        "p": 0.0034619459761606303,
        "separated": false
      }
    }
  },
  "po_lr_test": {
    "lr": 9.201324876657509,
    "df": 8,
    "p": 0.3255982732508752,
    "ordinal_ll": -86.20946034133041,
    "multinomial_ll": -81.60879790300166
  },
  "var_order": [
    "const",
    "ent_Accountant_CPA",
    "ent_Issuer_Corporate_\u2014_current",
    "ent_Issuer_Corporate_\u2014_former",
    "ent_Investment_professional",
    "ent_Academic_researcher",
    "ent_Industry_practitioner_technologist",
    "ent_Student",
    "log_words"
  ],
  "labels": {
    "const": "Constant",
    "log_words": "log(words+1)",
    "ent_Accountant_CPA": "Accountant CPA",
    "ent_Issuer_Corporate_\u2014_current": "Issuer-current",
    "ent_Issuer_Corporate_\u2014_former": "Issuer-former",
    "ent_Investment_professional": "Investment prof.",
    "ent_Academic_researcher": "Academic",
    "ent_Industry_practitioner_technologist": "Industry pract.",
    "ent_Student": "Student"
  }
}