{
  "as_of": "2026-07-01",
  "n_records": 2274,
  "logit": {
    "n": 2200,
    "ll": -113.19139310805242,
    "mcfadden": 0.19856995915315323,
    "n_support": 26,
    "n_oppose": 2174,
    "by_var": {
      "const": {
        "coef": -8.653960242731609,
        "se": 0.9612151581658809,
        "p": 2.1934070817749916e-19,
        "separated": false
      },
      "ent_Accountant_CPA": {
        "coef": 0.6635422332285803,
        "se": 1.1432593753525926,
        "p": 0.5616481534550783,
        "separated": false
      },
      "ent_Issuer_Corporate_\u2014_current": {
        "coef": 2.1976767412338893,
        "se": 0.9569929628154187,
        "p": 0.021650746736181913,
        "separated": false
      },
      "ent_Issuer_Corporate_\u2014_former": {
        "coef": 0.17304314146014366,
        "se": 2.8078963357628375,
        "p": 0.9508596156927154,
        "separated": true
      },
      "ent_Investment_professional": {
        "coef": -0.10721126336524614,
        "se": 1.1235680521418439,
        "p": 0.9239809482118224,
        "separated": false
      },
      "ent_Academic_researcher": {
        "coef": 0.1447509624424824,
        "se": 1.1635726889943843,
        "p": 0.900996858701441,
        "separated": false
      },
      "ent_Industry_practitioner_technologist": {
        "coef": 0.4005828866561576,
        "se": 1.0931243625007767,
        "p": 0.7140242215501583,
        "separated": false
      },
      "ent_Legal_practitioner": {
        "coef": 1.2380413440000608,
        "se": 1.3411805519214401,
        "p": 0.35595603622222194,
        "separated": false
      },
      "ent_Trade_association_advocacy_organization": {
        "coef": 1.381216642391793,
        "se": 1.116486830065663,
        "p": 0.21604637407640914,
        "separated": false
      },
      "ent_Student": {
        "coef": 2.394729981802079,
        "se": 1.1302883251528104,
        "p": 0.03411671814108682,
        "separated": false
      },
      "log_words": {
        "coef": 0.8943829390287216,
        "se": 0.2042495175202944,
        "p": 1.192939756342271e-05,
        "separated": false
      }
    }
  },
  "lpm": {
    "n": 2200,
    "r2": 0.06901582129768336,
    "adj_r2": 0.06476280997423745,
    "cov_type": "HC1",
    "by_var": {
      "const": {
        "coef": -0.04994903042615878,
        "se": 0.01755228619007638,
        "p": 0.004431004038504002,
        "separated": false
      },
      "ent_Accountant_CPA": {
        "coef": 0.017928808205597176,
        "se": 0.0341118556730366,
        "p": 0.5991739622372158,
        "separated": false
      },
      "ent_Issuer_Corporate_\u2014_current": {
        "coef": 0.1232095450330815,
        "se": 0.09120344007644024,
        "p": 0.17671757002720623,
        "separated": false
      },
      "ent_Issuer_Corporate_\u2014_former": {
        "coef": -0.013340523836922222,
        "se": 0.003946756479916548,
        "p": 0.000724532983838135,
        "separated": true
      },
      "ent_Investment_professional": {
        "coef": 0.00046293698319997863,
        "se": 0.021606060972452355,
        "p": 0.9829056294937906,
        "separated": false
      },
      "ent_Academic_researcher": {
        "coef": 0.12405127484162681,
        "se": 0.11109459961028814,
        "p": 0.26415366758743675,
        "separated": false
      },
      "ent_Industry_practitioner_technologist": {
        "coef": 0.007936906260372828,
        "se": 0.02745949339137739,
        "p": 0.7725503694581799,
        "separated": false
      },
      "ent_Legal_practitioner": {
        "coef": 0.08369193888257014,
        "se": 0.0971793958659322,
        "p": 0.3891219890174541,
        "separated": false
      },
      "ent_Trade_association_advocacy_organization": {
        "coef": 0.27695018107581304,
        "se": 0.1911602409757216,
        "p": 0.147397500542288,
        "separated": false
      },
      "ent_Student": {
        "coef": 0.10690101626351184,
        "se": 0.12006642207947758,
        "p": 0.37327852943568085,
        "separated": false
      },
      "log_words": {
        "coef": 0.01474557033784337,
        "se": 0.004676446704687023,
        "p": 0.0016151495261826489,
        "separated": false
      }
    }
  },
  "ordinal": {
    "n": 2244,
    "ll": -288.85726119961976,
    "mcfadden": 0.19269162917584837,
    "n_oppose": 2174,
    "n_conditional": 44,
    "n_support": 26,
    "cutpoints": [
      7.581258590318469,
      8.759425814718565
    ],
    "by_var": {
      "ent_Accountant_CPA": {
        "coef": 1.3095204716710007,
        "se": 0.573173705900231,
        "p": 0.022331396584901367,
        "separated": false
      },
      "ent_Issuer_Corporate_\u2014_current": {
        "coef": 2.390816654178156,
        "se": 0.5206614755838482,
        "p": 4.3926431200306505e-06,
        "separated": false
      },
      "ent_Issuer_Corporate_\u2014_former": {
        "coef": 2.1558386012416437,
        "se": 0.670660319213034,
        "p": 0.0013067123273787303,
        "separated": false
      },
      "ent_Investment_professional": {
        "coef": -0.16202187927348172,
        "se": 0.7833849027633366,
        "p": 0.8361482291475928,
        "separated": false
      },
      "ent_Academic_researcher": {
        "coef": 0.5768743206925644,
        "se": 0.7123043451328642,
        "p": 0.41801457224307215,
        "separated": false
      },
      "ent_Industry_practitioner_technologist": {
        "coef": 0.3482707814522669,
        "se": 0.6977865195699229,
        "p": 0.6177033552559059,
        "separated": false
      },
      "ent_Legal_practitioner": {
        "coef": 0.7303730655827639,
        "se": 1.1594093021143428,
        "p": 0.5287255059020248,
        "separated": false
      },
      "ent_Trade_association_advocacy_organization": {
        "coef": 0.925369941046417,
        "se": 0.9990432266582694,
        "p": 0.3543128740318908,
        "separated": false
      },
      "ent_Student": {
        "coef": 1.5028383565543557,
        "se": 1.1115740375469878,
        "p": 0.17637811902097866,
        "separated": false
      },
      "log_words": {
        "coef": 0.8662799803678345,
        "se": 0.12416259445534797,
        "p": 3.015918939550597e-12,
        "separated": false
      },
      "0/1": {
        "coef": 7.581258590318469,
        "se": 0.5843050282375806,
        "p": 1.6997235912429915e-38,
        "separated": false
      },
      "1/2": {
        "coef": 0.16396003135159257,
        "se": 0.15143068169034968,
        "p": 0.2789239171976934,
        "separated": false
      }
    }
  },
  "po_lr_test": {
    "lr": 14.497719846692235,
    "df": 10,
    "p": 0.1514751529403049,
    "ordinal_ll": -288.85726119961976,
    "multinomial_ll": -281.60840127627364
  },
  "var_order": [
    "const",
    "ent_Accountant_CPA",
    "ent_Issuer_Corporate_\u2014_current",
    "ent_Issuer_Corporate_\u2014_former",
    "ent_Investment_professional",
    "ent_Academic_researcher",
    "ent_Industry_practitioner_technologist",
    "ent_Legal_practitioner",
    "ent_Trade_association_advocacy_organization",
    "ent_Student",
    "log_words"
  ],
  "labels": {
    "const": "Constant",
    "log_words": "log(words+1)",
    "ent_Accountant_CPA": "Accountant CPA",
    "ent_Issuer_Corporate_\u2014_current": "Issuer-current",
    "ent_Issuer_Corporate_\u2014_former": "Issuer-former",
    "ent_Investment_professional": "Investment prof.",
    "ent_Academic_researcher": "Academic",
    "ent_Industry_practitioner_technologist": "Industry pract.",
    "ent_Legal_practitioner": "Legal pract.",
    "ent_Trade_association_advocacy_organization": "Trade assoc.",
    "ent_Student": "Student"
  }
}