{
  "as_of": "2026-06-22",
  "n_records": 2067,
  "logit": {
    "n": 1996,
    "ll": -102.64614980738158,
    "mcfadden": 0.11915214739123137,
    "n_support": 21,
    "n_oppose": 1975,
    "by_var": {
      "const": {
        "coef": -7.166598703135576,
        "se": 1.0798434594335873,
        "p": 3.207803336124111e-11,
        "separated": false
      },
      "ent_Accountant_CPA": {
        "coef": 1.2424084102887791,
        "se": 1.075173275908471,
        "p": 0.2478683409477055,
        "separated": false
      },
      "ent_Issuer_Corporate_\u2014_current": {
        "coef": 2.0753789998892227,
        "se": 1.0949595288545746,
        "p": 0.058040310215977005,
        "separated": false
      },
      "ent_Issuer_Corporate_\u2014_former": {
        "coef": -19.19509775661727,
        "se": 44454.732353629995,
        "p": 0.999655481635895,
        "separated": true
      },
      "ent_Investment_professional": {
        "coef": -17.783472952149776,
        "se": 12659.020631261892,
        "p": 0.9988791270468482,
        "separated": true
      },
      "ent_Academic_researcher": {
        "coef": 1.7417132897659815,
        "se": 1.4381888878675853,
        "p": 0.2258776715215235,
        "separated": false
      },
      "ent_Industry_practitioner_technologist": {
        "coef": 0.9201324191437144,
        "se": 1.0737602773779291,
        "p": 0.3914861327866085,
        "separated": false
      },
      "ent_Legal_practitioner": {
        "coef": 2.613017465414767,
        "se": 1.119158716802632,
        "p": 0.019553605327385714,
        "separated": false
      },
      "ent_Trade_association_advocacy_organization": {
        "coef": 2.7552383733849157,
        "se": 1.4136490592382362,
        "p": 0.051292353443392585,
        "separated": false
      },
      "ent_Student": {
        "coef": 2.5409470673768713,
        "se": 1.123685726026773,
        "p": 0.023743079973470756,
        "separated": false
      },
      "log_words": {
        "coef": 0.5641963845784314,
        "se": 0.24572657430924663,
        "p": 0.021673980408615998,
        "separated": false
      }
    }
  },
  "lpm": {
    "n": 1996,
    "r2": 0.041731293080043974,
    "adj_r2": 0.03690374291923826,
    "cov_type": "HC1",
    "by_var": {
      "const": {
        "coef": -0.018090346980226192,
        "se": 0.012243902075511386,
        "p": 0.13954205943311743,
        "separated": false
      },
      "ent_Accountant_CPA": {
        "coef": 0.024718380336768833,
        "se": 0.03511298812198329,
        "p": 0.4814534059177715,
        "separated": false
      },
      "ent_Issuer_Corporate_\u2014_current": {
        "coef": 0.06561887673312852,
        "se": 0.07489866398365777,
        "p": 0.3809745317541532,
        "separated": false
      },
      "ent_Issuer_Corporate_\u2014_former": {
        "coef": -0.01035917827427507,
        "se": 0.003187401081674423,
        "p": 0.0011538912559668944,
        "separated": true
      },
      "ent_Investment_professional": {
        "coef": -0.010923889558103443,
        "se": 0.0034917325055000546,
        "p": 0.0017570025509946398,
        "separated": true
      },
      "ent_Academic_researcher": {
        "coef": 0.1726665474789839,
        "se": 0.1737906481568216,
        "p": 0.3204508277392183,
        "separated": false
      },
      "ent_Industry_practitioner_technologist": {
        "coef": 0.016415747531687334,
        "se": 0.02769462894248216,
        "p": 0.5533543657622878,
        "separated": false
      },
      "ent_Legal_practitioner": {
        "coef": 0.11315487949910481,
        "se": 0.11840473982005015,
        "p": 0.33924315894471024,
        "separated": false
      },
      "ent_Trade_association_advocacy_organization": {
        "coef": 0.30828220746586665,
        "se": 0.27098487993961107,
        "p": 0.25527242666393557,
        "separated": false
      },
      "ent_Student": {
        "coef": 0.11250182854333823,
        "se": 0.11886389816267155,
        "p": 0.34390585063289947,
        "separated": false
      },
      "log_words": {
        "coef": 0.006628336707424285,
        "se": 0.0033935295353560418,
        "p": 0.050792591627683924,
        "separated": false
      }
    }
  },
  "ordinal": {
    "n": 2037,
    "ll": -271.2924385574912,
    "mcfadden": 0.14485630633845825,
    "n_oppose": 1975,
    "n_conditional": 41,
    "n_support": 21,
    "cutpoints": [
      6.392404180286444,
      7.61081395285564
    ],
    "by_var": {
      "ent_Accountant_CPA": {
        "coef": 1.378899068604799,
        "se": 0.6455730161989528,
        "p": 0.03268508249706397,
        "separated": false
      },
      "ent_Issuer_Corporate_\u2014_current": {
        "coef": 2.761927903891632,
        "se": 0.5158235295043493,
        "p": 8.58385714431364e-08,
        "separated": false
      },
      "ent_Issuer_Corporate_\u2014_former": {
        "coef": 2.162009695160337,
        "se": 0.6667392624563819,
        "p": 0.0011841883838333881,
        "separated": false
      },
      "ent_Investment_professional": {
        "coef": 0.1306858940313088,
        "se": 1.0372402251314803,
        "p": 0.8997367891890794,
        "separated": false
      },
      "ent_Academic_researcher": {
        "coef": 2.326462648190678,
        "se": 0.7656274009895296,
        "p": 0.002376521545510883,
        "separated": false
      },
      "ent_Industry_practitioner_technologist": {
        "coef": 0.8962479513753799,
        "se": 0.658226131982166,
        "p": 0.17332067731202105,
        "separated": false
      },
      "ent_Legal_practitioner": {
        "coef": 1.6907212939376028,
        "se": 1.1029985065303671,
        "p": 0.12531504473810107,
        "separated": false
      },
      "ent_Trade_association_advocacy_organization": {
        "coef": 2.0917997487914466,
        "se": 1.3224166601067173,
        "p": 0.11369504925615968,
        "separated": false
      },
      "ent_Student": {
        "coef": 1.6001237117726708,
        "se": 1.104342608551544,
        "p": 0.14735496327011846,
        "separated": false
      },
      "log_words": {
        "coef": 0.608636140571459,
        "se": 0.13745126782851402,
        "p": 9.510472251099163e-06,
        "separated": false
      },
      "0/1": {
        "coef": 6.392404180286444,
        "se": 0.6152873380017724,
        "p": 2.7738398965594753e-25,
        "separated": false
      },
      "1/2": {
        "coef": 0.19754654338837843,
        "se": 0.15917720687954884,
        "p": 0.21458804262640052,
        "separated": false
      }
    }
  },
  "po_lr_test": {
    "lr": 16.12771808018522,
    "df": 10,
    "p": 0.09603422740919698,
    "ordinal_ll": -271.2924385574912,
    "multinomial_ll": -263.2285795173986
  },
  "var_order": [
    "const",
    "ent_Accountant_CPA",
    "ent_Issuer_Corporate_\u2014_current",
    "ent_Issuer_Corporate_\u2014_former",
    "ent_Investment_professional",
    "ent_Academic_researcher",
    "ent_Industry_practitioner_technologist",
    "ent_Legal_practitioner",
    "ent_Trade_association_advocacy_organization",
    "ent_Student",
    "log_words"
  ],
  "labels": {
    "const": "Constant",
    "log_words": "log(words+1)",
    "ent_Accountant_CPA": "Accountant CPA",
    "ent_Issuer_Corporate_\u2014_current": "Issuer-current",
    "ent_Issuer_Corporate_\u2014_former": "Issuer-former",
    "ent_Investment_professional": "Investment prof.",
    "ent_Academic_researcher": "Academic",
    "ent_Industry_practitioner_technologist": "Industry pract.",
    "ent_Legal_practitioner": "Legal pract.",
    "ent_Trade_association_advocacy_organization": "Trade assoc.",
    "ent_Student": "Student"
  }
}