{
  "as_of": "2026-06-30",
  "n_records": 2243,
  "logit": {
    "n": 2125,
    "ll": -108.46734594846515,
    "mcfadden": 0.20196858961819875,
    "n_support": 25,
    "n_oppose": 2100,
    "by_var": {
      "const": {
        "coef": -8.311526451700942,
        "se": 0.9514962875456039,
        "p": 2.4318903507781935e-18,
        "separated": false
      },
      "ent_Accountant_CPA": {
        "coef": 0.7917381560409981,
        "se": 1.131520242146301,
        "p": 0.4841072557130426,
        "separated": false
      },
      "ent_Issuer_Corporate_\u2014_current": {
        "coef": 2.2949680161647383,
        "se": 0.9405588026988574,
        "p": 0.01468706576987565,
        "separated": false
      },
      "ent_Issuer_Corporate_\u2014_former": {
        "coef": -18.970603720315797,
        "se": 39995.74799790225,
        "p": 0.9996215509896004,
        "separated": true
      },
      "ent_Investment_professional": {
        "coef": 0.09397782102494967,
        "se": 1.1288264358301814,
        "p": 0.9336506290333946,
        "separated": false
      },
      "ent_Academic_researcher": {
        "coef": 0.5490579487809253,
        "se": 1.196606231461197,
        "p": 0.6463447794654607,
        "separated": false
      },
      "ent_Industry_practitioner_technologist": {
        "coef": 0.5126636282426504,
        "se": 1.0924787237276952,
        "p": 0.6388791827726263,
        "separated": false
      },
      "ent_Legal_practitioner": {
        "coef": 1.6409046072630586,
        "se": 1.349593950574103,
        "p": 0.22404184133756744,
        "separated": false
      },
      "ent_Trade_association_advocacy_organization": {
        "coef": 1.914622942945124,
        "se": 1.17832067354771,
        "p": 0.10418935191744928,
        "separated": false
      },
      "ent_Student": {
        "coef": 2.450282140500812,
        "se": 1.129519683035317,
        "p": 0.03005890150682595,
        "separated": false
      },
      "log_words": {
        "coef": 0.8147409356224098,
        "se": 0.2054332300485358,
        "p": 7.309968584879196e-05,
        "separated": false
      }
    }
  },
  "lpm": {
    "n": 2125,
    "r2": 0.07868338170649603,
    "adj_r2": 0.07432521416489946,
    "cov_type": "HC1",
    "by_var": {
      "const": {
        "coef": -0.04547184506633621,
        "se": 0.017227674500942165,
        "p": 0.008303698009798842,
        "separated": false
      },
      "ent_Accountant_CPA": {
        "coef": 0.01858828995836529,
        "se": 0.03409493388424985,
        "p": 0.585621376991393,
        "separated": false
      },
      "ent_Issuer_Corporate_\u2014_current": {
        "coef": 0.12410797903585113,
        "se": 0.09129660746555471,
        "p": 0.1740220536599706,
        "separated": false
      },
      "ent_Issuer_Corporate_\u2014_former": {
        "coef": -0.012929246035525685,
        "se": 0.0038502745582116656,
        "p": 0.000785068376681485,
        "separated": true
      },
      "ent_Investment_professional": {
        "coef": 0.0035518181965002275,
        "se": 0.023811616921589385,
        "p": 0.881424816821978,
        "separated": false
      },
      "ent_Academic_researcher": {
        "coef": 0.16423336009871578,
        "se": 0.13414547305409116,
        "p": 0.2208417266163214,
        "separated": false
      },
      "ent_Industry_practitioner_technologist": {
        "coef": 0.00879228092909744,
        "se": 0.027441165146910716,
        "p": 0.7486614901271964,
        "separated": false
      },
      "ent_Legal_practitioner": {
        "coef": 0.10064538430360591,
        "se": 0.1088647383936385,
        "p": 0.3552263686155036,
        "separated": false
      },
      "ent_Trade_association_advocacy_organization": {
        "coef": 0.34715391914952903,
        "se": 0.21772427072910627,
        "p": 0.1108317287980757,
        "separated": false
      },
      "ent_Student": {
        "coef": 0.10767983585271207,
        "se": 0.11992811805009958,
        "p": 0.3692549646594828,
        "separated": false
      },
      "log_words": {
        "coef": 0.013606627612981256,
        "se": 0.004599125287138932,
        "p": 0.003091150640007178,
        "separated": false
      }
    }
  },
  "ordinal": {
    "n": 2166,
    "ll": -274.7357919537067,
    "mcfadden": 0.1899947888180692,
    "n_oppose": 2100,
    "n_conditional": 41,
    "n_support": 25,
    "cutpoints": [
      7.40758476513993,
      8.565148395796967
    ],
    "by_var": {
      "ent_Accountant_CPA": {
        "coef": 1.0705012285926145,
        "se": 0.6840787705970762,
        "p": 0.11761103460191645,
        "separated": false
      },
      "ent_Issuer_Corporate_\u2014_current": {
        "coef": 2.4317802930024914,
        "se": 0.5203866287477608,
        "p": 2.9679404795141646e-06,
        "separated": false
      },
      "ent_Issuer_Corporate_\u2014_former": {
        "coef": 2.1620493937211878,
        "se": 0.6706026315282667,
        "p": 0.001263959500766408,
        "separated": false
      },
      "ent_Investment_professional": {
        "coef": -0.046186880902129246,
        "se": 0.7884093027719219,
        "p": 0.9532847578965897,
        "separated": false
      },
      "ent_Academic_researcher": {
        "coef": 0.8236785371245908,
        "se": 0.7362902779897165,
        "p": 0.2632735917281197,
        "separated": false
      },
      "ent_Industry_practitioner_technologist": {
        "coef": 0.39995769665624825,
        "se": 0.6982220365164099,
        "p": 0.5667644910402018,
        "separated": false
      },
      "ent_Legal_practitioner": {
        "coef": 1.0558349184314717,
        "se": 1.1745916776216843,
        "p": 0.36870844074136133,
        "separated": false
      },
      "ent_Trade_association_advocacy_organization": {
        "coef": 1.4194804995683827,
        "se": 1.0649221329948495,
        "p": 0.18255051094213082,
        "separated": false
      },
      "ent_Student": {
        "coef": 1.5243742647126632,
        "se": 1.1112216838721762,
        "p": 0.1701256067426421,
        "separated": false
      },
      "log_words": {
        "coef": 0.8271714196855078,
        "se": 0.1271175427940763,
        "p": 7.65959368761213e-11,
        "separated": false
      },
      "0/1": {
        "coef": 7.40758476513993,
        "se": 0.5924685596028918,
        "p": 7.196215395913077e-36,
        "separated": false
      },
      "1/2": {
        "coef": 0.14631747795720193,
        "se": 0.1570469587051974,
        "p": 0.35150203250306233,
        "separated": false
      }
    }
  },
  "po_lr_test": {
    "lr": 12.583043376339788,
    "df": 10,
    "p": 0.24792720716125194,
    "ordinal_ll": -274.7357919537067,
    "multinomial_ll": -268.44427026553683
  },
  "var_order": [
    "const",
    "ent_Accountant_CPA",
    "ent_Issuer_Corporate_\u2014_current",
    "ent_Issuer_Corporate_\u2014_former",
    "ent_Investment_professional",
    "ent_Academic_researcher",
    "ent_Industry_practitioner_technologist",
    "ent_Legal_practitioner",
    "ent_Trade_association_advocacy_organization",
    "ent_Student",
    "log_words"
  ],
  "labels": {
    "const": "Constant",
    "log_words": "log(words+1)",
    "ent_Accountant_CPA": "Accountant CPA",
    "ent_Issuer_Corporate_\u2014_current": "Issuer-current",
    "ent_Issuer_Corporate_\u2014_former": "Issuer-former",
    "ent_Investment_professional": "Investment prof.",
    "ent_Academic_researcher": "Academic",
    "ent_Industry_practitioner_technologist": "Industry pract.",
    "ent_Legal_practitioner": "Legal pract.",
    "ent_Trade_association_advocacy_organization": "Trade assoc.",
    "ent_Student": "Student"
  }
}