{
  "as_of": "2026-06-23",
  "n_records": 2067,
  "logit": {
    "n": 1996,
    "ll": -102.72722833324141,
    "mcfadden": 0.11845637998514413,
    "n_support": 21,
    "n_oppose": 1975,
    "by_var": {
      "const": {
        "coef": -7.066045270161396,
        "se": 1.0453610391679833,
        "p": 1.3853521330782174e-11,
        "separated": false
      },
      "ent_Accountant_CPA": {
        "coef": 1.2114407826825349,
        "se": 1.0836557708178267,
        "p": 0.2636010348803317,
        "separated": false
      },
      "ent_Issuer_Corporate_\u2014_current": {
        "coef": 2.086910715241692,
        "se": 1.0946355155869119,
        "p": 0.05658677423742895,
        "separated": false
      },
      "ent_Issuer_Corporate_\u2014_former": {
        "coef": -11.400121150786752,
        "se": 905.06644923736,
        "p": 0.9899501963109254,
        "separated": true
      },
      "ent_Investment_professional": {
        "coef": -15.497795544112714,
        "se": 3858.457688813105,
        "p": 0.996795243192991,
        "separated": true
      },
      "ent_Academic_researcher": {
        "coef": 1.8127529992784455,
        "se": 1.4228102221538053,
        "p": 0.2026403080095216,
        "separated": false
      },
      "ent_Industry_practitioner_technologist": {
        "coef": 0.8541907288614314,
        "se": 1.0808206875566857,
        "p": 0.4293427877724546,
        "separated": false
      },
      "ent_Legal_practitioner": {
        "coef": 2.625310872224928,
        "se": 1.1181156480920114,
        "p": 0.018875639376298835,
        "separated": false
      },
      "ent_Trade_association_advocacy_organization": {
        "coef": 2.4798722584813686,
        "se": 1.5017241671417827,
        "p": 0.09866712066600718,
        "separated": false
      },
      "ent_Student": {
        "coef": 2.5597043580572034,
        "se": 1.121420491701917,
        "p": 0.022456572799908394,
        "separated": false
      },
      "log_words": {
        "coef": 0.5402404894228312,
        "se": 0.238257904410859,
        "p": 0.02336208304506375,
        "separated": false
      }
    }
  },
  "lpm": {
    "n": 1996,
    "r2": 0.04180196560955951,
    "adj_r2": 0.03697477148164807,
    "cov_type": "HC1",
    "by_var": {
      "const": {
        "coef": -0.018588004453675346,
        "se": 0.012561659918724754,
        "p": 0.1389423529662601,
        "separated": false
      },
      "ent_Accountant_CPA": {
        "coef": 0.024479348611735022,
        "se": 0.035133777950153725,
        "p": 0.485961242557737,
        "separated": false
      },
      "ent_Issuer_Corporate_\u2014_current": {
        "coef": 0.06556645355631949,
        "se": 0.07491000893909479,
        "p": 0.38142723098022313,
        "separated": false
      },
      "ent_Issuer_Corporate_\u2014_former": {
        "coef": -0.010393916597261733,
        "se": 0.0032055134857728886,
        "p": 0.0011848087386911444,
        "separated": true
      },
      "ent_Investment_professional": {
        "coef": -0.012346953984301733,
        "se": 0.004040574880513727,
        "p": 0.002245044183443404,
        "separated": true
      },
      "ent_Academic_researcher": {
        "coef": 0.17223532539629832,
        "se": 0.17364673508586131,
        "p": 0.3212599947927588,
        "separated": false
      },
      "ent_Industry_practitioner_technologist": {
        "coef": 0.015173171537452413,
        "se": 0.027890306873185274,
        "p": 0.5864206340921683,
        "separated": false
      },
      "ent_Legal_practitioner": {
        "coef": 0.11309233370347607,
        "se": 0.11842279938218203,
        "p": 0.3395838450123878,
        "separated": false
      },
      "ent_Trade_association_advocacy_organization": {
        "coef": 0.30443912163097636,
        "se": 0.26988785514796143,
        "p": 0.2593111234005896,
        "separated": false
      },
      "ent_Student": {
        "coef": 0.112427061749974,
        "se": 0.11888907449038598,
        "p": 0.3443288130952088,
        "separated": false
      },
      "log_words": {
        "coef": 0.0067523773924207595,
        "se": 0.0034701017875068433,
        "p": 0.0516699963771003,
        "separated": false
      }
    }
  },
  "ordinal": {
    "n": 2037,
    "ll": -268.9856366299183,
    "mcfadden": 0.1521276004864971,
    "n_oppose": 1975,
    "n_conditional": 41,
    "n_support": 21,
    "cutpoints": [
      6.712949480085888,
      7.938950759251839
    ],
    "by_var": {
      "ent_Accountant_CPA": {
        "coef": 1.2846160573339114,
        "se": 0.6614002827179578,
        "p": 0.052104764862989116,
        "separated": false
      },
      "ent_Issuer_Corporate_\u2014_current": {
        "coef": 2.4722211110169128,
        "se": 0.5255090292707328,
        "p": 2.545746045042125e-06,
        "separated": false
      },
      "ent_Issuer_Corporate_\u2014_former": {
        "coef": 2.1455271222585166,
        "se": 0.6678279547028748,
        "p": 0.0013149612993046714,
        "separated": false
      },
      "ent_Investment_professional": {
        "coef": -0.038312683188614874,
        "se": 1.0423492513279258,
        "p": 0.9706794852483098,
        "separated": false
      },
      "ent_Academic_researcher": {
        "coef": 2.382225239904048,
        "se": 0.7325416344368323,
        "p": 0.0011459610731651478,
        "separated": false
      },
      "ent_Industry_practitioner_technologist": {
        "coef": 0.7305789737678859,
        "se": 0.6668496096805383,
        "p": 0.2732679504116885,
        "separated": false
      },
      "ent_Legal_practitioner": {
        "coef": 1.6561956151298791,
        "se": 1.1070571333823465,
        "p": 0.13464467672539576,
        "separated": false
      },
      "ent_Trade_association_advocacy_organization": {
        "coef": 1.5443243218020417,
        "se": 1.3775385541416494,
        "p": 0.26225585042965693,
        "separated": false
      },
      "ent_Student": {
        "coef": 1.5523502586028755,
        "se": 1.1079089982317254,
        "p": 0.16116826022178943,
        "separated": false
      },
      "log_words": {
        "coef": 0.682179062808995,
        "se": 0.13684424452240979,
        "p": 6.193721932913326e-07,
        "separated": false
      },
      "0/1": {
        "coef": 6.712949480085888,
        "se": 0.6205401861946088,
        "p": 2.8315291790020513e-27,
        "separated": false
      },
      "1/2": {
        "coef": 0.20375788087885113,
        "se": 0.15892635801661964,
        "p": 0.19981110623078213,
        "separated": false
      }
    }
  },
  "po_lr_test": {
    "lr": 16.396598838408295,
    "df": 10,
    "p": 0.08882824754895036,
    "ordinal_ll": -268.9856366299183,
    "multinomial_ll": -260.78733721071416
  },
  "var_order": [
    "const",
    "ent_Accountant_CPA",
    "ent_Issuer_Corporate_\u2014_current",
    "ent_Issuer_Corporate_\u2014_former",
    "ent_Investment_professional",
    "ent_Academic_researcher",
    "ent_Industry_practitioner_technologist",
    "ent_Legal_practitioner",
    "ent_Trade_association_advocacy_organization",
    "ent_Student",
    "log_words"
  ],
  "labels": {
    "const": "Constant",
    "log_words": "log(words+1)",
    "ent_Accountant_CPA": "Accountant CPA",
    "ent_Issuer_Corporate_\u2014_current": "Issuer-current",
    "ent_Issuer_Corporate_\u2014_former": "Issuer-former",
    "ent_Investment_professional": "Investment prof.",
    "ent_Academic_researcher": "Academic",
    "ent_Industry_practitioner_technologist": "Industry pract.",
    "ent_Legal_practitioner": "Legal pract.",
    "ent_Trade_association_advocacy_organization": "Trade assoc.",
    "ent_Student": "Student"
  }
}