{
  "as_of": "2026-06-17",
  "n_records": 1596,
  "logit": {
    "n": 1531,
    "ll": -92.40978528555458,
    "mcfadden": 0.1333414691102438,
    "n_support": 20,
    "n_oppose": 1511,
    "by_var": {
      "const": {
        "coef": -7.168465913048384,
        "se": 1.130408182008958,
        "p": 2.2756172354801055e-10,
        "separated": false
      },
      "ent_Accountant_CPA": {
        "coef": 1.2925848354560112,
        "se": 1.0698193987689664,
        "p": 0.22695990403259314,
        "separated": false
      },
      "ent_Issuer_Corporate_\u2014_current": {
        "coef": 2.0600637881992814,
        "se": 1.121241648540034,
        "p": 0.0661647636087237,
        "separated": false
      },
      "ent_Issuer_Corporate_\u2014_former": {
        "coef": -72.72251078766685,
        "se": 1.8531194911889304e+16,
        "p": 0.9999999999999969,
        "separated": true
      },
      "ent_Investment_professional": {
        "coef": -97.42219676495309,
        "se": 2.4698391961697654e+21,
        "p": 1.0,
        "separated": true
      },
      "ent_Academic_researcher": {
        "coef": 1.4042913288330803,
        "se": 1.4598858194063473,
        "p": 0.3360904927574526,
        "separated": false
      },
      "ent_Industry_practitioner_technologist": {
        "coef": 0.8179367512072152,
        "se": 1.0829625231210755,
        "p": 0.4500827596262582,
        "separated": false
      },
      "ent_Legal_practitioner": {
        "coef": 3.4718136761753,
        "se": 1.1951165954889518,
        "p": 0.003672531333243956,
        "separated": false
      },
      "ent_Trade_association_advocacy_organization": {
        "coef": 2.453804315776555,
        "se": 1.422982824665371,
        "p": 0.08463404334516982,
        "separated": false
      },
      "ent_Student": {
        "coef": 2.5486852196624823,
        "se": 1.1371329822622631,
        "p": 0.025004994392757416,
        "separated": false
      },
      "log_words": {
        "coef": 0.6095570762278225,
        "se": 0.25379855761617376,
        "p": 0.016317489733431972,
        "separated": false
      }
    }
  },
  "lpm": {
    "n": 1531,
    "r2": 0.05245903662676654,
    "adj_r2": 0.04622521449931105,
    "cov_type": "HC1",
    "by_var": {
      "const": {
        "coef": -0.023431521238874216,
        "se": 0.014871669806229575,
        "p": 0.11512238446370554,
        "separated": false
      },
      "ent_Accountant_CPA": {
        "coef": 0.02892087617480421,
        "se": 0.040792744908999416,
        "p": 0.47834242728399357,
        "separated": false
      },
      "ent_Issuer_Corporate_\u2014_current": {
        "coef": 0.08491259914344634,
        "se": 0.09664342358983209,
        "p": 0.3796087268729491,
        "separated": false
      },
      "ent_Issuer_Corporate_\u2014_former": {
        "coef": -0.011831685213275784,
        "se": 0.0035723095237428074,
        "p": 0.0009261337398387448,
        "separated": true
      },
      "ent_Investment_professional": {
        "coef": -0.014215707567386424,
        "se": 0.004602900087113452,
        "p": 0.0020122108510283922,
        "separated": true
      },
      "ent_Academic_researcher": {
        "coef": 0.16557896577813247,
        "se": 0.17262147042701373,
        "p": 0.3374566835541788,
        "separated": false
      },
      "ent_Industry_practitioner_technologist": {
        "coef": 0.01745306237281205,
        "se": 0.03227174099162149,
        "p": 0.5886346591942839,
        "separated": false
      },
      "ent_Legal_practitioner": {
        "coef": 0.23768881669336234,
        "se": 0.21882855236710427,
        "p": 0.2773960899428817,
        "separated": false
      },
      "ent_Trade_association_advocacy_organization": {
        "coef": 0.3018191107554535,
        "se": 0.2707500453313036,
        "p": 0.2649567801770695,
        "separated": false
      },
      "ent_Student": {
        "coef": 0.1282915651297119,
        "se": 0.13465489777694709,
        "p": 0.34072009807747206,
        "separated": false
      },
      "log_words": {
        "coef": 0.008441967012647926,
        "se": 0.004150126152099124,
        "p": 0.04193676788077771,
        "separated": false
      }
    }
  },
  "ordinal": {
    "n": 1570,
    "ll": -244.98586985870014,
    "mcfadden": 0.15304452339560737,
    "n_oppose": 1511,
    "n_conditional": 39,
    "n_support": 20,
    "cutpoints": [
      6.5791405994187775,
      7.817358219463663
    ],
    "by_var": {
      "ent_Accountant_CPA": {
        "coef": 1.393331393707877,
        "se": 0.6475277767866946,
        "p": 0.03141540690456502,
        "separated": false
      },
      "ent_Issuer_Corporate_\u2014_current": {
        "coef": 2.4089455382284655,
        "se": 0.5655253687189348,
        "p": 2.0473850963068347e-05,
        "separated": false
      },
      "ent_Issuer_Corporate_\u2014_former": {
        "coef": 2.0744492966133636,
        "se": 0.6715520072267259,
        "p": 0.002008061281768556,
        "separated": false
      },
      "ent_Investment_professional": {
        "coef": 0.0876270485975225,
        "se": 1.043825047892918,
        "p": 0.9330977578561014,
        "separated": false
      },
      "ent_Academic_researcher": {
        "coef": 1.8837481235368436,
        "se": 0.7795658789248882,
        "p": 0.015674547648527753,
        "separated": false
      },
      "ent_Industry_practitioner_technologist": {
        "coef": 0.7111226795278338,
        "se": 0.6737837894404356,
        "p": 0.291234777590446,
        "separated": false
      },
      "ent_Legal_practitioner": {
        "coef": 2.6743711657973424,
        "se": 1.2079710852773737,
        "p": 0.026833153752230828,
        "separated": false
      },
      "ent_Trade_association_advocacy_organization": {
        "coef": 1.6915568387381044,
        "se": 1.3311736473465996,
        "p": 0.20382617612248977,
        "separated": false
      },
      "ent_Student": {
        "coef": 1.5926377219402263,
        "se": 1.1239886336671265,
        "p": 0.15649701906355748,
        "separated": false
      },
      "log_words": {
        "coef": 0.6989135401944918,
        "se": 0.14238760070836862,
        "p": 9.176247959013282e-07,
        "separated": false
      },
      "0/1": {
        "coef": 6.5791405994187775,
        "se": 0.6512359241920769,
        "p": 5.3826515491965154e-24,
        "separated": false
      },
      "1/2": {
        "coef": 0.21367294237235088,
        "se": 0.16252196309987432,
        "p": 0.18859974640635913,
        "separated": false
      }
    }
  },
  "po_lr_test": {
    "lr": 16.20809027413702,
    "df": 10,
    "p": 0.0938285124158853,
    "ordinal_ll": -244.98586985870014,
    "multinomial_ll": -236.88182472163163
  },
  "var_order": [
    "const",
    "ent_Accountant_CPA",
    "ent_Issuer_Corporate_\u2014_current",
    "ent_Issuer_Corporate_\u2014_former",
    "ent_Investment_professional",
    "ent_Academic_researcher",
    "ent_Industry_practitioner_technologist",
    "ent_Legal_practitioner",
    "ent_Trade_association_advocacy_organization",
    "ent_Student",
    "log_words"
  ],
  "labels": {
    "const": "Constant",
    "log_words": "log(words+1)",
    "ent_Accountant_CPA": "Accountant CPA",
    "ent_Issuer_Corporate_\u2014_current": "Issuer-current",
    "ent_Issuer_Corporate_\u2014_former": "Issuer-former",
    "ent_Investment_professional": "Investment prof.",
    "ent_Academic_researcher": "Academic",
    "ent_Industry_practitioner_technologist": "Industry pract.",
    "ent_Legal_practitioner": "Legal pract.",
    "ent_Trade_association_advocacy_organization": "Trade assoc.",
    "ent_Student": "Student"
  }
}