{
  "as_of": "2026-06-12",
  "n_records": 1065,
  "logit": {
    "n": 1014,
    "ll": -56.90787579377036,
    "mcfadden": 0.1818117422525951,
    "n_support": 13,
    "n_oppose": 1001,
    "by_var": {
      "const": {
        "coef": -7.133472391755997,
        "se": 1.3482917428602628,
        "p": 1.2181684465291523e-07,
        "separated": false
      },
      "ent_Accountant_CPA": {
        "coef": 1.710924136941301,
        "se": 1.1027837964965834,
        "p": 0.12079166237863641,
        "separated": false
      },
      "ent_Issuer_Corporate_\u2014_current": {
        "coef": 2.3889154262875936,
        "se": 1.1619599051456961,
        "p": 0.039788666715893393,
        "separated": false
      },
      "ent_Issuer_Corporate_\u2014_former": {
        "coef": -15.066607934245344,
        "se": 6580.019909295118,
        "p": 0.9981730445324644,
        "separated": true
      },
      "ent_Investment_professional": {
        "coef": -20.18926963263875,
        "se": 53275.731528210716,
        "p": 0.9996976351954984,
        "separated": true
      },
      "ent_Academic_researcher": {
        "coef": 1.8184130787434947,
        "se": 1.5308822669307018,
        "p": 0.2349042032501254,
        "separated": false
      },
      "ent_Industry_practitioner_technologist": {
        "coef": 1.2460298599066482,
        "se": 1.1198700206221925,
        "p": 0.2658562907388201,
        "separated": false
      },
      "ent_Legal_practitioner": {
        "coef": 4.803122454081632,
        "se": 1.481287199960792,
        "p": 0.0011847227615203921,
        "separated": false
      },
      "ent_Trade_association_advocacy_organization": {
        "coef": -4.596775552098025,
        "se": 82.97917877452062,
        "p": 0.9558223971777835,
        "separated": true
      },
      "ent_Student": {
        "coef": 3.350307533338485,
        "se": 1.2467249749587288,
        "p": 0.007203507807471362,
        "separated": false
      },
      "log_words": {
        "coef": 0.550336234846718,
        "se": 0.2964732090931854,
        "p": 0.06341416463477043,
        "separated": false
      }
    }
  },
  "lpm": {
    "n": 1014,
    "r2": 0.08408177918644488,
    "adj_r2": 0.07494999233885224,
    "cov_type": "HC1",
    "by_var": {
      "const": {
        "coef": -0.020162711355887236,
        "se": 0.01759853823203081,
        "p": 0.251917749137032,
        "separated": false
      },
      "ent_Accountant_CPA": {
        "coef": 0.039330033750293786,
        "se": 0.048845454077675425,
        "p": 0.42070812575372063,
        "separated": false
      },
      "ent_Issuer_Corporate_\u2014_current": {
        "coef": 0.0980983533528044,
        "se": 0.10702447580967872,
        "p": 0.3593536615736006,
        "separated": false
      },
      "ent_Issuer_Corporate_\u2014_former": {
        "coef": -0.009607336327746007,
        "se": 0.003955484969548297,
        "p": 0.015146199113486972,
        "separated": true
      },
      "ent_Investment_professional": {
        "coef": -0.012074450763396635,
        "se": 0.005499119423460707,
        "p": 0.02811297715280163,
        "separated": true
      },
      "ent_Academic_researcher": {
        "coef": 0.17106676706677199,
        "se": 0.17278252354304482,
        "p": 0.3221399791532875,
        "separated": false
      },
      "ent_Industry_practitioner_technologist": {
        "coef": 0.025285911245624366,
        "se": 0.036911221245922214,
        "p": 0.4933144363636375,
        "separated": false
      },
      "ent_Legal_practitioner": {
        "coef": 0.4898902613537521,
        "se": 0.3583727180086372,
        "p": 0.17162989226015668,
        "separated": false
      },
      "ent_Trade_association_advocacy_organization": {
        "coef": -0.01750295195538614,
        "se": 0.00876524733350729,
        "p": 0.04584063938966155,
        "separated": true
      },
      "ent_Student": {
        "coef": 0.23580223926176205,
        "se": 0.22138884013546908,
        "p": 0.28682866482226754,
        "separated": false
      },
      "log_words": {
        "coef": 0.007164183826327658,
        "se": 0.004923460476309652,
        "p": 0.14563840343268347,
        "separated": false
      }
    }
  },
  "ordinal": {
    "n": 1045,
    "ll": -167.15279679185693,
    "mcfadden": 0.20076288156766497,
    "n_oppose": 1001,
    "n_conditional": 31,
    "n_support": 13,
    "cutpoints": [
      6.628125648432331,
      8.079486532745996
    ],
    "by_var": {
      "ent_Accountant_CPA": {
        "coef": 1.6046086423399426,
        "se": 0.6700995570377222,
        "p": 0.016639301723662164,
        "separated": false
      },
      "ent_Issuer_Corporate_\u2014_current": {
        "coef": 2.5497235963305958,
        "se": 0.5903481619848989,
        "p": 1.567258925258308e-05,
        "separated": false
      },
      "ent_Issuer_Corporate_\u2014_former": {
        "coef": 2.22469086499366,
        "se": 0.6893015214983906,
        "p": 0.001248959098397998,
        "separated": false
      },
      "ent_Investment_professional": {
        "coef": -10.719046104588696,
        "se": 248.50071888322495,
        "p": 0.9655940232351771,
        "separated": true
      },
      "ent_Academic_researcher": {
        "coef": 1.9856252939860985,
        "se": 0.80369120899409,
        "p": 0.013487449710831698,
        "separated": false
      },
      "ent_Industry_practitioner_technologist": {
        "coef": 0.4642290326625532,
        "se": 0.8150851349217103,
        "p": 0.5689852013506975,
        "separated": false
      },
      "ent_Legal_practitioner": {
        "coef": 4.390843012023124,
        "se": 1.6614325746591552,
        "p": 0.008222227210590263,
        "separated": false
      },
      "ent_Trade_association_advocacy_organization": {
        "coef": -4.220571870229197,
        "se": 35.94529237327135,
        "p": 0.9065299774770191,
        "separated": true
      },
      "ent_Student": {
        "coef": 2.1994952003448023,
        "se": 1.2426855897301392,
        "p": 0.07673495549576541,
        "separated": false
      },
      "log_words": {
        "coef": 0.7011584180867085,
        "se": 0.15938391924089518,
        "p": 1.086610873434411e-05,
        "separated": false
      },
      "0/1": {
        "coef": 6.628125648432331,
        "se": 0.7530757060536702,
        "p": 1.3511161124251711e-18,
        "separated": false
      },
      "1/2": {
        "coef": 0.3725016571843232,
        "se": 0.1823393276697814,
        "p": 0.04106198826292401,
        "separated": false
      }
    }
  },
  "po_lr_test": {
    "lr": 12.279967556431984,
    "df": 10,
    "p": 0.2667562233255121,
    "ordinal_ll": -167.15279679185693,
    "multinomial_ll": -161.01281301364094
  },
  "var_order": [
    "const",
    "ent_Accountant_CPA",
    "ent_Issuer_Corporate_\u2014_current",
    "ent_Issuer_Corporate_\u2014_former",
    "ent_Investment_professional",
    "ent_Academic_researcher",
    "ent_Industry_practitioner_technologist",
    "ent_Legal_practitioner",
    "ent_Trade_association_advocacy_organization",
    "ent_Student",
    "log_words"
  ],
  "labels": {
    "const": "Constant",
    "log_words": "log(words+1)",
    "ent_Accountant_CPA": "Accountant CPA",
    "ent_Issuer_Corporate_\u2014_current": "Issuer-current",
    "ent_Issuer_Corporate_\u2014_former": "Issuer-former",
    "ent_Investment_professional": "Investment prof.",
    "ent_Academic_researcher": "Academic",
    "ent_Industry_practitioner_technologist": "Industry pract.",
    "ent_Legal_practitioner": "Legal pract.",
    "ent_Trade_association_advocacy_organization": "Trade assoc.",
    "ent_Student": "Student"
  }
}