{
  "as_of": "2026-05-18",
  "n_records": 252,
  "logit": {
    "n": 203,
    "ll": -23.26512492584886,
    "mcfadden": 0.2359306304104728,
    "n_support": 7,
    "n_oppose": 196,
    "by_var": {
      "const": {
        "coef": -5.6620770328815455,
        "se": 1.790238451866772,
        "p": 0.0015628636984484725,
        "separated": false
      },
      "ent_Accountant_CPA": {
        "coef": -9.1688367908427,
        "se": 196.96999300454183,
        "p": 0.9628723539485061,
        "separated": true
      },
      "ent_Issuer_Corporate_\u2014_current": {
        "coef": 1.8536514934334933,
        "se": 1.2824653090494464,
        "p": 0.14835078724287937,
        "separated": false
      },
      "ent_Issuer_Corporate_\u2014_former": {
        "coef": -7.522765739534609,
        "se": 131.8437390035187,
        "p": 0.9544988378782666,
        "separated": true
      },
      "ent_Investment_professional": {
        "coef": -10.971009801657756,
        "se": 422.54701948089075,
        "p": 0.979286054513149,
        "separated": true
      },
      "ent_Academic_researcher": {
        "coef": 2.1650611884647297,
        "se": 1.9296263809339618,
        "p": 0.2618579472983247,
        "separated": false
      },
      "ent_Industry_practitioner_technologist": {
        "coef": -11.24383457810729,
        "se": 498.60410225618944,
        "p": 0.9820087286297841,
        "separated": true
      },
      "ent_Student": {
        "coef": 3.499024697117638,
        "se": 1.554622449185502,
        "p": 0.024403079161826494,
        "separated": false
      },
      "log_words": {
        "coef": 0.4645695875042044,
        "se": 0.37783997801549773,
        "p": 0.2188691910817946,
        "separated": false
      }
    }
  },
  "lpm": {
    "n": 203,
    "r2": 0.1631967921655042,
    "adj_r2": 0.12868944338882393,
    "cov_type": "HC1",
    "by_var": {
      "const": {
        "coef": -0.030542415148564733,
        "se": 0.04139188306745332,
        "p": 0.4605848412139185,
        "separated": false
      },
      "ent_Accountant_CPA": {
        "coef": -0.024463080218223198,
        "se": 0.01290693833993279,
        "p": 0.05804692377284815,
        "separated": true
      },
      "ent_Issuer_Corporate_\u2014_current": {
        "coef": 0.16078729969592856,
        "se": 0.1931149825714802,
        "p": 0.40507104493232227,
        "separated": false
      },
      "ent_Issuer_Corporate_\u2014_former": {
        "coef": -0.02984049809455267,
        "se": 0.016149536720891377,
        "p": 0.0646367998735863,
        "separated": true
      },
      "ent_Investment_professional": {
        "coef": -0.03211870522606816,
        "se": 0.01862727756640413,
        "p": 0.08465669713881914,
        "separated": true
      },
      "ent_Academic_researcher": {
        "coef": 0.4267922179184162,
        "se": 0.35261146508465263,
        "p": 0.2261349043849823,
        "separated": false
      },
      "ent_Industry_practitioner_technologist": {
        "coef": -0.03687559288230038,
        "se": 0.022725995246566107,
        "p": 0.10467124150335988,
        "separated": true
      },
      "ent_Student": {
        "coef": 0.4663595365073258,
        "se": 0.3740232777731471,
        "p": 0.21244405833230395,
        "separated": false
      },
      "log_words": {
        "coef": 0.01378472394721191,
        "se": 0.012464037213557592,
        "p": 0.26874392498402333,
        "separated": false
      }
    }
  },
  "ordinal": {
    "n": 224,
    "ll": -76.79530710575193,
    "mcfadden": 0.23313511152878486,
    "n_oppose": 196,
    "n_conditional": 21,
    "n_support": 7,
    "cutpoints": [
      4.844930855551824,
      6.750316255492567
    ],
    "by_var": {
      "ent_Accountant_CPA": {
        "coef": 0.8773987053135051,
        "se": 0.8370471243536873,
        "p": 0.29454321849625487,
        "separated": false
      },
      "ent_Issuer_Corporate_\u2014_current": {
        "coef": 2.203267551319676,
        "se": 0.6550179622565778,
        "p": 0.0007691205402999418,
        "separated": false
      },
      "ent_Issuer_Corporate_\u2014_former": {
        "coef": 0.8364920222393045,
        "se": 1.1530120723527741,
        "p": 0.4681550443617989,
        "separated": false
      },
      "ent_Investment_professional": {
        "coef": -11.373129038100554,
        "se": 283.56643608707003,
        "p": 0.9680074556469492,
        "separated": true
      },
      "ent_Academic_researcher": {
        "coef": 2.5270494705410163,
        "se": 1.0250602542071818,
        "p": 0.013691034762491741,
        "separated": false
      },
      "ent_Industry_practitioner_technologist": {
        "coef": -11.429833192001622,
        "se": 296.6168491160688,
        "p": 0.9692619247940938,
        "separated": true
      },
      "ent_Student": {
        "coef": 3.285246087988312,
        "se": 1.921128070013292,
        "p": 0.08725460329920194,
        "separated": false
      },
      "log_words": {
        "coef": 0.5395667620009545,
        "se": 0.19031895968525453,
        "p": 0.004581625682906809,
        "separated": false
      },
      "0/1": {
        "coef": 4.844930855551824,
        "se": 0.9329622011103111,
        "p": 2.0686289696377877e-07,
        "separated": false
      },
      "1/2": {
        "coef": 0.6446842977970011,
        "se": 0.21933182161401107,
        "p": 0.0032894349107977336,
        "separated": false
      }
    }
  },
  "po_lr_test": {
    "lr": 9.012480630698093,
    "df": 8,
    "p": 0.3412441983010931,
    "ordinal_ll": -76.79530710575193,
    "multinomial_ll": -72.28906679040288
  },
  "var_order": [
    "const",
    "ent_Accountant_CPA",
    "ent_Issuer_Corporate_\u2014_current",
    "ent_Issuer_Corporate_\u2014_former",
    "ent_Investment_professional",
    "ent_Academic_researcher",
    "ent_Industry_practitioner_technologist",
    "ent_Student",
    "log_words"
  ],
  "labels": {
    "const": "Constant",
    "log_words": "log(words+1)",
    "ent_Accountant_CPA": "Accountant CPA",
    "ent_Issuer_Corporate_\u2014_current": "Issuer-current",
    "ent_Issuer_Corporate_\u2014_former": "Issuer-former",
    "ent_Investment_professional": "Investment prof.",
    "ent_Academic_researcher": "Academic",
    "ent_Industry_practitioner_technologist": "Industry pract.",
    "ent_Student": "Student"
  }
}