{
  "as_of": "2026-07-01",
  "n_records": 2246,
  "logit": {
    "n": 2172,
    "ll": -112.67649506568219,
    "mcfadden": 0.20031866327359238,
    "n_support": 26,
    "n_oppose": 2146,
    "by_var": {
      "const": {
        "coef": -8.661350474449259,
        "se": 0.9606770556058966,
        "p": 1.9529349452957383e-19,
        "separated": false
      },
      "ent_Accountant_CPA": {
        "coef": 0.6283106800868675,
        "se": 1.1455309365716206,
        "p": 0.5833564426117991,
        "separated": false
      },
      "ent_Issuer_Corporate_\u2014_current": {
        "coef": 2.165639291345132,
        "se": 0.9595118701390632,
        "p": 0.02400670720075238,
        "separated": false
      },
      "ent_Issuer_Corporate_\u2014_former": {
        "coef": -22.39016488908356,
        "se": 215921.26688956775,
        "p": 0.9999172625878675,
        "separated": true
      },
      "ent_Investment_professional": {
        "coef": -0.13047560939357963,
        "se": 1.1277557014576098,
        "p": 0.9078943298449446,
        "separated": false
      },
      "ent_Academic_researcher": {
        "coef": 0.09329222766199247,
        "se": 1.1662592247764973,
        "p": 0.9362430596225244,
        "separated": false
      },
      "ent_Industry_practitioner_technologist": {
        "coef": 0.36697198554317045,
        "se": 1.094214700562022,
        "p": 0.7373424100407149,
        "separated": false
      },
      "ent_Legal_practitioner": {
        "coef": 1.1984197162457446,
        "se": 1.3455415580912498,
        "p": 0.37311173076289705,
        "separated": false
      },
      "ent_Trade_association_advocacy_organization": {
        "coef": 1.3351932581281865,
        "se": 1.1181945692029538,
        "p": 0.23245385119116224,
        "separated": false
      },
      "ent_Student": {
        "coef": 2.366395815992412,
        "se": 1.1308670064942437,
        "p": 0.036389339067215615,
        "separated": false
      },
      "log_words": {
        "coef": 0.9015086178782042,
        "se": 0.20447017718817218,
        "p": 1.0384994759523649e-05,
        "separated": false
      }
    }
  },
  "lpm": {
    "n": 2172,
    "r2": 0.06939435813794048,
    "adj_r2": 0.06508799237272955,
    "cov_type": "HC1",
    "by_var": {
      "const": {
        "coef": -0.05119292335414552,
        "se": 0.017839063203264748,
        "p": 0.004108494863137467,
        "separated": false
      },
      "ent_Accountant_CPA": {
        "coef": 0.017417856692967436,
        "se": 0.03412754406341722,
        "p": 0.6097885342066036,
        "separated": false
      },
      "ent_Issuer_Corporate_\u2014_current": {
        "coef": 0.12261696003744106,
        "se": 0.091144970938057,
        "p": 0.17852968175010075,
        "separated": false
      },
      "ent_Issuer_Corporate_\u2014_former": {
        "coef": -0.01376668119905122,
        "se": 0.004067368433348604,
        "p": 0.0007126506897340899,
        "separated": true
      },
      "ent_Investment_professional": {
        "coef": 0.00038221658658737535,
        "se": 0.022675546222988913,
        "p": 0.9865515798480049,
        "separated": false
      },
      "ent_Academic_researcher": {
        "coef": 0.12245281827600621,
        "se": 0.11099199019001242,
        "p": 0.2699150730896853,
        "separated": false
      },
      "ent_Industry_practitioner_technologist": {
        "coef": 0.007359031665716836,
        "se": 0.027497727992475362,
        "p": 0.78898932334476,
        "separated": false
      },
      "ent_Legal_practitioner": {
        "coef": 0.0828942818139793,
        "se": 0.09698271602936079,
        "p": 0.3926992398289212,
        "separated": false
      },
      "ent_Trade_association_advocacy_organization": {
        "coef": 0.2753882382761302,
        "se": 0.19113628831816545,
        "p": 0.1496425624597693,
        "separated": false
      },
      "ent_Student": {
        "coef": 0.10634929525302682,
        "se": 0.12015420798583251,
        "p": 0.3760990829144162,
        "separated": false
      },
      "log_words": {
        "coef": 0.015134668417414343,
        "se": 0.004769399546076012,
        "p": 0.0015072401238984715,
        "separated": false
      }
    }
  },
  "ordinal": {
    "n": 2216,
    "ll": -287.89721319778005,
    "mcfadden": 0.19336154733763145,
    "n_oppose": 2146,
    "n_conditional": 44,
    "n_support": 26,
    "cutpoints": [
      7.5871436997947885,
      8.766653710807448
    ],
    "by_var": {
      "ent_Accountant_CPA": {
        "coef": 1.2776340753804958,
        "se": 0.5743678491816927,
        "p": 0.026120346427123315,
        "separated": false
      },
      "ent_Issuer_Corporate_\u2014_current": {
        "coef": 2.359412600083904,
        "se": 0.5216620244206799,
        "p": 6.10050106968217e-06,
        "separated": false
      },
      "ent_Issuer_Corporate_\u2014_former": {
        "coef": 2.130534500111364,
        "se": 0.670962349958968,
        "p": 0.0014966032958653736,
        "separated": false
      },
      "ent_Investment_professional": {
        "coef": -0.17889278787157004,
        "se": 0.7863119855728384,
        "p": 0.8200282344041288,
        "separated": false
      },
      "ent_Academic_researcher": {
        "coef": 0.5305974518419623,
        "se": 0.7137743024059183,
        "p": 0.45725850873012663,
        "separated": false
      },
      "ent_Industry_practitioner_technologist": {
        "coef": 0.3126922227430139,
        "se": 0.6993221236391932,
        "p": 0.6547767377730169,
        "separated": false
      },
      "ent_Legal_practitioner": {
        "coef": 0.69533802045247,
        "se": 1.1610069884640408,
        "p": 0.549233290311178,
        "separated": false
      },
      "ent_Trade_association_advocacy_organization": {
        "coef": 0.8801974979400639,
        "se": 1.0000973729516718,
        "p": 0.37879874796813584,
        "separated": false
      },
      "ent_Student": {
        "coef": 1.4762838276440704,
        "se": 1.111534103892752,
        "p": 0.18412861558090876,
        "separated": false
      },
      "log_words": {
        "coef": 0.8729601204317181,
        "se": 0.12414529861408725,
        "p": 2.0394232644163356e-12,
        "separated": false
      },
      "0/1": {
        "coef": 7.5871436997947885,
        "se": 0.583238188023379,
        "p": 1.0924964987910768e-38,
        "separated": false
      },
      "1/2": {
        "coef": 0.16509910733500893,
        "se": 0.15140253230066353,
        "p": 0.27550852284552974,
        "separated": false
      }
    }
  },
  "po_lr_test": {
    "lr": 14.528993678542065,
    "df": 10,
    "p": 0.1502006039356577,
    "ordinal_ll": -287.89721319778005,
    "multinomial_ll": -280.632716358509
  },
  "var_order": [
    "const",
    "ent_Accountant_CPA",
    "ent_Issuer_Corporate_\u2014_current",
    "ent_Issuer_Corporate_\u2014_former",
    "ent_Investment_professional",
    "ent_Academic_researcher",
    "ent_Industry_practitioner_technologist",
    "ent_Legal_practitioner",
    "ent_Trade_association_advocacy_organization",
    "ent_Student",
    "log_words"
  ],
  "labels": {
    "const": "Constant",
    "log_words": "log(words+1)",
    "ent_Accountant_CPA": "Accountant CPA",
    "ent_Issuer_Corporate_\u2014_current": "Issuer-current",
    "ent_Issuer_Corporate_\u2014_former": "Issuer-former",
    "ent_Investment_professional": "Investment prof.",
    "ent_Academic_researcher": "Academic",
    "ent_Industry_practitioner_technologist": "Industry pract.",
    "ent_Legal_practitioner": "Legal pract.",
    "ent_Trade_association_advocacy_organization": "Trade assoc.",
    "ent_Student": "Student"
  }
}