{
  "as_of": "2026-05-19",
  "n_records": 252,
  "logit": {
    "n": 227,
    "ll": -26.772329378286315,
    "mcfadden": 0.22671181765524573,
    "n_support": 8,
    "n_oppose": 219,
    "by_var": {
      "const": {
        "coef": -6.014955179924168,
        "se": 1.7100542761527258,
        "p": 0.0004357866610964635,
        "separated": false
      },
      "ent_Accountant_CPA": {
        "coef": 1.501666196252277,
        "se": 1.177299594710131,
        "p": 0.20212614594561196,
        "separated": false
      },
      "ent_Issuer_Corporate_\u2014_current": {
        "coef": 1.9103278955863112,
        "se": 1.2817620789494846,
        "p": 0.1361212056036379,
        "separated": false
      },
      "ent_Issuer_Corporate_\u2014_former": {
        "coef": -34.79510305125921,
        "se": 105819199.40212809,
        "p": 0.999999737642359,
        "separated": true
      },
      "ent_Investment_professional": {
        "coef": -22.073371347659783,
        "se": 112778.04819865993,
        "p": 0.9998438348386762,
        "separated": true
      },
      "ent_Academic_researcher": {
        "coef": 2.1027715887206306,
        "se": 1.9008442568550192,
        "p": 0.2686268338837735,
        "separated": false
      },
      "ent_Industry_practitioner_technologist": {
        "coef": -24.44394164748144,
        "se": 359592.7152549044,
        "p": 0.9999457624061798,
        "separated": true
      },
      "ent_Student": {
        "coef": 3.5947650370614945,
        "se": 1.5672542460090848,
        "p": 0.021809424877908115,
        "separated": false
      },
      "log_words": {
        "coef": 0.5197905379969765,
        "se": 0.3569307454206941,
        "p": 0.14531567171256551,
        "separated": false
      }
    }
  },
  "lpm": {
    "n": 227,
    "r2": 0.15041426517144763,
    "adj_r2": 0.11923680701260164,
    "cov_type": "HC1",
    "by_var": {
      "const": {
        "coef": -0.038834909576866854,
        "se": 0.038176446016599294,
        "p": 0.3090355140102232,
        "separated": false
      },
      "ent_Accountant_CPA": {
        "coef": 0.06746294366972978,
        "se": 0.08809423102758819,
        "p": 0.44379273673393804,
        "separated": false
      },
      "ent_Issuer_Corporate_\u2014_current": {
        "coef": 0.16120324630502272,
        "se": 0.1926105511424288,
        "p": 0.4026269613597109,
        "separated": false
      },
      "ent_Issuer_Corporate_\u2014_former": {
        "coef": -0.027384492215966012,
        "se": 0.014290666922527893,
        "p": 0.05533326646626425,
        "separated": true
      },
      "ent_Investment_professional": {
        "coef": -0.030901725013939327,
        "se": 0.017471727558808322,
        "p": 0.0769489172538073,
        "separated": true
      },
      "ent_Academic_researcher": {
        "coef": 0.4233695372741412,
        "se": 0.34971032918777833,
        "p": 0.2260375466334319,
        "separated": false
      },
      "ent_Industry_practitioner_technologist": {
        "coef": -0.03146749015911168,
        "se": 0.018045232146350013,
        "p": 0.08119189858195217,
        "separated": true
      },
      "ent_Student": {
        "coef": 0.4674046841351569,
        "se": 0.3743749883762413,
        "p": 0.211850441480673,
        "separated": false
      },
      "log_words": {
        "coef": 0.015341255488164134,
        "se": 0.011527493254338649,
        "p": 0.18324148141585628,
        "separated": false
      }
    }
  },
  "ordinal": {
    "n": 250,
    "ll": -86.20946034173222,
    "mcfadden": 0.22617292125058086,
    "n_oppose": 219,
    "n_conditional": 23,
    "n_support": 8,
    "cutpoints": [
      5.227236800392185,
      7.07027953268852
    ],
    "by_var": {
      "ent_Accountant_CPA": {
        "coef": 1.4139792198276604,
        "se": 0.7326528472397575,
        "p": 0.05361373397289877,
        "separated": false
      },
      "ent_Issuer_Corporate_\u2014_current": {
        "coef": 2.1420465050708986,
        "se": 0.6482657206046818,
        "p": 0.0009522327196891788,
        "separated": false
      },
      "ent_Issuer_Corporate_\u2014_former": {
        "coef": 0.6935760856189672,
        "se": 1.1323525920998154,
        "p": 0.5402010851032498,
        "separated": false
      },
      "ent_Investment_professional": {
        "coef": -8.9115534944353,
        "se": 82.21330111308338,
        "p": 0.913681955015826,
        "separated": true
      },
      "ent_Academic_researcher": {
        "coef": 2.3638550821248723,
        "se": 1.0454852084311292,
        "p": 0.023758485555912066,
        "separated": false
      },
      "ent_Industry_practitioner_technologist": {
        "coef": -0.5076917266522437,
        "se": 1.150281992774009,
        "p": 0.6589503400090084,
        "separated": false
      },
      "ent_Student": {
        "coef": 3.280265846556216,
        "se": 1.9559354915921745,
        "p": 0.09352628413392707,
        "separated": false
      },
      "log_words": {
        "coef": 0.616183571541313,
        "se": 0.18584423123272803,
        "p": 0.000914493661231284,
        "separated": false
      },
      "0/1": {
        "coef": 5.227236800392185,
        "se": 0.9163796551668967,
        "p": 1.1687281833066e-08,
        "separated": false
      },
      "1/2": {
        "coef": 0.611417864689282,
        "se": 0.20914378474828463,
        "p": 0.0034619460091421315,
        "separated": false
      }
    }
  },
  "po_lr_test": {
    "lr": 9.201324877461161,
    "df": 8,
    "p": 0.3255982731853653,
    "ordinal_ll": -86.20946034173222,
    "multinomial_ll": -81.60879790300164
  },
  "var_order": [
    "const",
    "ent_Accountant_CPA",
    "ent_Issuer_Corporate_\u2014_current",
    "ent_Issuer_Corporate_\u2014_former",
    "ent_Investment_professional",
    "ent_Academic_researcher",
    "ent_Industry_practitioner_technologist",
    "ent_Student",
    "log_words"
  ],
  "labels": {
    "const": "Constant",
    "log_words": "log(words+1)",
    "ent_Accountant_CPA": "Accountant CPA",
    "ent_Issuer_Corporate_\u2014_current": "Issuer-current",
    "ent_Issuer_Corporate_\u2014_former": "Issuer-former",
    "ent_Investment_professional": "Investment prof.",
    "ent_Academic_researcher": "Academic",
    "ent_Industry_practitioner_technologist": "Industry pract.",
    "ent_Student": "Student"
  }
}