{
  "as_of": "2026-05-31",
  "n_records": 462,
  "logit": {
    "n": 430,
    "ll": -38.17933417539061,
    "mcfadden": 0.19613671223246987,
    "n_support": 10,
    "n_oppose": 420,
    "by_var": {
      "const": {
        "coef": -6.942131107092927,
        "se": 1.4654612113369785,
        "p": 2.1672903367410853e-06,
        "separated": false
      },
      "ent_Accountant_CPA": {
        "coef": 1.5482724669629606,
        "se": 1.1354082638653447,
        "p": 0.17268523887522091,
        "separated": false
      },
      "ent_Issuer_Corporate_\u2014_current": {
        "coef": 2.086409324934288,
        "se": 1.244653531061255,
        "p": 0.09367997802683495,
        "separated": false
      },
      "ent_Issuer_Corporate_\u2014_former": {
        "coef": -22.571841815439587,
        "se": 276562.912991476,
        "p": 0.9999348801909894,
        "separated": true
      },
      "ent_Investment_professional": {
        "coef": -27.29152859931224,
        "se": 1512307.6816637265,
        "p": 0.9999856011514238,
        "separated": true
      },
      "ent_Academic_researcher": {
        "coef": 1.5939615554127342,
        "se": 1.6031962947818361,
        "p": 0.3201061383692575,
        "separated": false
      },
      "ent_Industry_practitioner_technologist": {
        "coef": -100.39352442656161,
        "se": 9.43852438341718e+21,
        "p": 1.0,
        "separated": true
      },
      "ent_Student": {
        "coef": 3.0362398560260235,
        "se": 1.3439575701308806,
        "p": 0.02387229250667067,
        "separated": false
      },
      "log_words": {
        "coef": 0.6579915607321941,
        "se": 0.29899102391206817,
        "p": 0.027756791552368636,
        "separated": false
      }
    }
  },
  "lpm": {
    "n": 430,
    "r2": 0.09318261951192508,
    "adj_r2": 0.07595093532212782,
    "cov_type": "HC1",
    "by_var": {
      "const": {
        "coef": -0.038926230244842513,
        "se": 0.02587626500987017,
        "p": 0.13249852173128548,
        "separated": false
      },
      "ent_Accountant_CPA": {
        "coef": 0.05702748290670286,
        "se": 0.07428439205964715,
        "p": 0.44267059491363525,
        "separated": false
      },
      "ent_Issuer_Corporate_\u2014_current": {
        "coef": 0.1675466685401781,
        "se": 0.18799803749257896,
        "p": 0.372813845729952,
        "separated": false
      },
      "ent_Issuer_Corporate_\u2014_former": {
        "coef": -0.021960161687346567,
        "se": 0.009228650846071431,
        "p": 0.01733315134348676,
        "separated": true
      },
      "ent_Investment_professional": {
        "coef": -0.025224274356113123,
        "se": 0.011550602659191668,
        "p": 0.028976513108744228,
        "separated": true
      },
      "ent_Academic_researcher": {
        "coef": 0.2749210316785388,
        "se": 0.26077110484707516,
        "p": 0.2917630424636397,
        "separated": false
      },
      "ent_Industry_practitioner_technologist": {
        "coef": -0.028835101940166294,
        "se": 0.013602530035661564,
        "p": 0.034020069949249186,
        "separated": true
      },
      "ent_Student": {
        "coef": 0.3049780641364224,
        "se": 0.2838591549839345,
        "p": 0.28264377705840815,
        "separated": false
      },
      "log_words": {
        "coef": 0.014105740449097492,
        "se": 0.007783489643105454,
        "p": 0.06994536715343314,
        "separated": false
      }
    }
  },
  "ordinal": {
    "n": 455,
    "ll": -111.06868192958439,
    "mcfadden": 0.23045645433363182,
    "n_oppose": 420,
    "n_conditional": 25,
    "n_support": 10,
    "cutpoints": [
      6.114942649748151,
      7.729579739021867
    ],
    "by_var": {
      "ent_Accountant_CPA": {
        "coef": 1.6462947243494597,
        "se": 0.7103346480893691,
        "p": 0.02046929789363693,
        "separated": false
      },
      "ent_Issuer_Corporate_\u2014_current": {
        "coef": 2.402241320311153,
        "se": 0.6622593206403398,
        "p": 0.0002863534396191846,
        "separated": false
      },
      "ent_Issuer_Corporate_\u2014_former": {
        "coef": 1.8093794608880165,
        "se": 0.8624927499144803,
        "p": 0.035918495838864854,
        "separated": false
      },
      "ent_Investment_professional": {
        "coef": -15.75689858243786,
        "se": 2808.7541571910992,
        "p": 0.9955239513826984,
        "separated": true
      },
      "ent_Academic_researcher": {
        "coef": 2.089913169970749,
        "se": 0.8678200681216093,
        "p": 0.016029934488042883,
        "separated": false
      },
      "ent_Industry_practitioner_technologist": {
        "coef": -0.5583154324770065,
        "se": 1.130778017542111,
        "p": 0.6214866300371484,
        "separated": false
      },
      "ent_Student": {
        "coef": 2.2175728842205267,
        "se": 1.399720712122611,
        "p": 0.11312621982451869,
        "separated": false
      },
      "log_words": {
        "coef": 0.7020881774411482,
        "se": 0.17691192481292164,
        "p": 7.230381259763488e-05,
        "separated": false
      },
      "0/1": {
        "coef": 6.114942649748151,
        "se": 0.8737726565207145,
        "p": 2.590456770236786e-12,
        "separated": false
      },
      "1/2": {
        "coef": 0.47911021889896244,
        "se": 0.20090230484164112,
        "p": 0.017088778073929386,
        "separated": false
      }
    }
  },
  "po_lr_test": {
    "lr": 11.244324659607543,
    "df": 8,
    "p": 0.18823600898165316,
    "ordinal_ll": -111.06868192958439,
    "multinomial_ll": -105.44651959978061
  },
  "var_order": [
    "const",
    "ent_Accountant_CPA",
    "ent_Issuer_Corporate_\u2014_current",
    "ent_Issuer_Corporate_\u2014_former",
    "ent_Investment_professional",
    "ent_Academic_researcher",
    "ent_Industry_practitioner_technologist",
    "ent_Student",
    "log_words"
  ],
  "labels": {
    "const": "Constant",
    "log_words": "log(words+1)",
    "ent_Accountant_CPA": "Accountant CPA",
    "ent_Issuer_Corporate_\u2014_current": "Issuer-current",
    "ent_Issuer_Corporate_\u2014_former": "Issuer-former",
    "ent_Investment_professional": "Investment prof.",
    "ent_Academic_researcher": "Academic",
    "ent_Industry_practitioner_technologist": "Industry pract.",
    "ent_Student": "Student"
  }
}