{
  "as_of": "2026-06-15",
  "n_records": 1352,
  "logit": {
    "n": 1296,
    "ll": -74.72794190985178,
    "mcfadden": 0.13320730942002024,
    "n_support": 16,
    "n_oppose": 1280,
    "by_var": {
      "const": {
        "coef": -6.939678745679446,
        "se": 1.203716482770599,
        "p": 8.155604834466325e-09,
        "separated": false
      },
      "ent_Accountant_CPA": {
        "coef": 1.4470530441125566,
        "se": 1.0807556687048614,
        "p": 0.18059440912970082,
        "separated": false
      },
      "ent_Issuer_Corporate_\u2014_current": {
        "coef": 2.205606705313862,
        "se": 1.127197632541582,
        "p": 0.05038075681062592,
        "separated": false
      },
      "ent_Issuer_Corporate_\u2014_former": {
        "coef": -19.36487327872555,
        "se": 50245.7950368164,
        "p": 0.9996924930132526,
        "separated": true
      },
      "ent_Investment_professional": {
        "coef": -26.962137023654343,
        "se": 1324350.508148469,
        "p": 0.9999837560579895,
        "separated": true
      },
      "ent_Academic_researcher": {
        "coef": 1.729842375714354,
        "se": 1.4808136677395212,
        "p": 0.24273812447936516,
        "separated": false
      },
      "ent_Industry_practitioner_technologist": {
        "coef": 1.1014904599860806,
        "se": 1.0917325923302799,
        "p": 0.31300438625979454,
        "separated": false
      },
      "ent_Legal_practitioner": {
        "coef": 3.5699794785014567,
        "se": 1.201481605722155,
        "p": 0.0029652814000585507,
        "separated": false
      },
      "ent_Trade_association_advocacy_organization": {
        "coef": -5.245740788731547,
        "se": 108.54515625070239,
        "p": 0.9614550566054749,
        "separated": true
      },
      "ent_Student": {
        "coef": 3.038289974168962,
        "se": 1.1936603945736812,
        "p": 0.010916655558921504,
        "separated": false
      },
      "log_words": {
        "coef": 0.5347168218715888,
        "se": 0.27084991500365285,
        "p": 0.0483569415075185,
        "separated": false
      }
    }
  },
  "lpm": {
    "n": 1296,
    "r2": 0.04843463035552997,
    "adj_r2": 0.04102945238164313,
    "cov_type": "HC1",
    "by_var": {
      "const": {
        "coef": -0.01865166692176589,
        "se": 0.015318447178588402,
        "p": 0.22337786009581073,
        "separated": false
      },
      "ent_Accountant_CPA": {
        "coef": 0.03187149465081222,
        "se": 0.04257769008996721,
        "p": 0.4541289774205747,
        "separated": false
      },
      "ent_Issuer_Corporate_\u2014_current": {
        "coef": 0.08657637423394877,
        "se": 0.09662504582325966,
        "p": 0.3702509216339588,
        "separated": false
      },
      "ent_Issuer_Corporate_\u2014_former": {
        "coef": -0.010712541797818532,
        "se": 0.0036960807143974713,
        "p": 0.0037512967629568803,
        "separated": true
      },
      "ent_Investment_professional": {
        "coef": -0.012697753496966026,
        "se": 0.0047391218876428045,
        "p": 0.007376583688613822,
        "separated": true
      },
      "ent_Academic_researcher": {
        "coef": 0.17047696347227836,
        "se": 0.17306740046419275,
        "p": 0.32460825104109536,
        "separated": false
      },
      "ent_Industry_practitioner_technologist": {
        "coef": 0.022893591758224738,
        "se": 0.035562149555252845,
        "p": 0.5197292089581884,
        "separated": false
      },
      "ent_Legal_practitioner": {
        "coef": 0.23888817284185562,
        "se": 0.2187541728212893,
        "p": 0.27481578923326455,
        "separated": false
      },
      "ent_Trade_association_advocacy_organization": {
        "coef": -0.018307234399357608,
        "se": 0.0077430438087159,
        "p": 0.018061936554296873,
        "separated": true
      },
      "ent_Student": {
        "coef": 0.18664083208943558,
        "se": 0.18196037485275285,
        "p": 0.3050224535340236,
        "separated": false
      },
      "log_words": {
        "coef": 0.00702975441837977,
        "se": 0.004289067590675243,
        "p": 0.10121458834725411,
        "separated": false
      }
    }
  },
  "ordinal": {
    "n": 1331,
    "ll": -205.6924403296324,
    "mcfadden": 0.17089443190672837,
    "n_oppose": 1280,
    "n_conditional": 35,
    "n_support": 16,
    "cutpoints": [
      6.668159458386236,
      8.007435146172432
    ],
    "by_var": {
      "ent_Accountant_CPA": {
        "coef": 1.4090002006027096,
        "se": 0.6551850556222651,
        "p": 0.03151270266109173,
        "separated": false
      },
      "ent_Issuer_Corporate_\u2014_current": {
        "coef": 2.403592113309471,
        "se": 0.5722060253748603,
        "p": 2.662424985759492e-05,
        "separated": false
      },
      "ent_Issuer_Corporate_\u2014_former": {
        "coef": 2.0775772022459638,
        "se": 0.6757109154202302,
        "p": 0.002107469576497741,
        "separated": false
      },
      "ent_Investment_professional": {
        "coef": -15.961531429085472,
        "se": 3035.1175322579006,
        "p": 0.9958039843084266,
        "separated": true
      },
      "ent_Academic_researcher": {
        "coef": 1.8519483660814111,
        "se": 0.7907882464777212,
        "p": 0.01918576556063791,
        "separated": false
      },
      "ent_Industry_practitioner_technologist": {
        "coef": 0.3374633509154868,
        "se": 0.8099119284121902,
        "p": 0.6769221961984102,
        "separated": false
      },
      "ent_Legal_practitioner": {
        "coef": 2.678009847740155,
        "se": 1.212928703174649,
        "p": 0.02725213219431077,
        "separated": false
      },
      "ent_Trade_association_advocacy_organization": {
        "coef": -4.872975103029497,
        "se": 48.23656230658232,
        "p": 0.9195326487058129,
        "separated": true
      },
      "ent_Student": {
        "coef": 1.9688818582760714,
        "se": 1.190755526931879,
        "p": 0.09823468027019472,
        "separated": false
      },
      "log_words": {
        "coef": 0.7208255376918479,
        "se": 0.14927784213296158,
        "p": 1.3739203943113138e-06,
        "separated": false
      },
      "0/1": {
        "coef": 6.668159458386236,
        "se": 0.6933218000401214,
        "p": 6.732109102477677e-22,
        "separated": false
      },
      "1/2": {
        "coef": 0.2921289363201635,
        "se": 0.1721059115873761,
        "p": 0.0896250562993749,
        "separated": false
      }
    }
  },
  "po_lr_test": {
    "lr": 14.041371616820697,
    "df": 10,
    "p": 0.17111287143513265,
    "ordinal_ll": -205.6924403296324,
    "multinomial_ll": -198.67175452122206
  },
  "var_order": [
    "const",
    "ent_Accountant_CPA",
    "ent_Issuer_Corporate_\u2014_current",
    "ent_Issuer_Corporate_\u2014_former",
    "ent_Investment_professional",
    "ent_Academic_researcher",
    "ent_Industry_practitioner_technologist",
    "ent_Legal_practitioner",
    "ent_Trade_association_advocacy_organization",
    "ent_Student",
    "log_words"
  ],
  "labels": {
    "const": "Constant",
    "log_words": "log(words+1)",
    "ent_Accountant_CPA": "Accountant CPA",
    "ent_Issuer_Corporate_\u2014_current": "Issuer-current",
    "ent_Issuer_Corporate_\u2014_former": "Issuer-former",
    "ent_Investment_professional": "Investment prof.",
    "ent_Academic_researcher": "Academic",
    "ent_Industry_practitioner_technologist": "Industry pract.",
    "ent_Legal_practitioner": "Legal pract.",
    "ent_Trade_association_advocacy_organization": "Trade assoc.",
    "ent_Student": "Student"
  }
}